------------------ ------------------------------------------------------------ ------ ------ ------ ------ ------ ------ ------ ------ ------ ------ ------ ------ ------ ------ ------ ------ ------ ------ ------ ------ ------ ------ ------ ------ ------ ------ ------ ------ ------ ------ ------ ------ ------ ------ ------ ------ ------ ------ ------ ------ ------ ------ ------ ------ ------ ------ ------ ------ ------ ------ ------ ------ ------ ------ ------ ------ ------ ------
Kernel Name        void qk_kernel<(int)4>(const __nv_bfloat16 *, const __nv_bfl                                                                                                                                                                                                                                                                                                                                                                                                                      
                   oat16 *, const __nv_bfloat16 *, const __nv_bfloat16 *, const                                                                                                                                                                                                                                                                                                                                                                                                                      
                    long *, const float *, __nv_bfloat16 *, __nv_bfloat16 *, in                                                                                                                                                                                                                                                                                                                                                                                                                      
                   t, long, long, long, long, long, long, long, long, long, lon                                                                                                                                                                                                                                                                                                                                                                                                                      
                   g, float, bool)                                                                                                                                                                                                                                                                                                                                                                                                                                                                   
------------------ ------------------------------------------------------------ ------ ------ ------ ------ ------ ------ ------ ------ ------ ------ ------ ------ ------ ------ ------ ------ ------ ------ ------ ------ ------ ------ ------ ------ ------ ------ ------ ------ ------ ------ ------ ------ ------ ------ ------ ------ ------ ------ ------ ------ ------ ------ ------ ------ ------ ------ ------ ------ ------ ------ ------ ------ ------ ------ ------ ------ ------ ------
Address            Source                                                       Warp S Warp S # Samp Instru Thread Predic Avg. T Avg. P Diverg Addres Access Access L1 Tag L1 Con L2 The L2 The L2 The L2 Exp L2 Exp L2 Exp L2 Exp L2 Exp L2 Exp L2 Exp stall_ stall_ stall_ stall_ stall_ stall_ stall_ stall_ stall_ stall_ stall_ stall_ stall_ stall_ stall_ stall_ stall_ stall_ stall_ stall_ stall_ stall_ stall_ stall_ stall_ stall_ stall_ stall_ stall_ stall_ stall_ stall_ stall_ stall_
                                                                                tall S tall S les    ctions  Instr ated-O hreads redica ent Br s Spac  Opera  Size   Reque flicts oretic oretic oretic licit  licit  licit  licit  licit  licit  licit  barrie branch dispat drain  lg     long_s math   membar mio    misc   no_ins not_se select short_ sleep  tex    wait   barrie branch dispat drain  lg (No long_s math ( membar mio (N misc ( no_ins not_se select short_ sleepi tex (N wait (
                                                                                amplin amplin         Execu uction n Thre  Execu ted-On anches e      tion          sts Gl  Share al Sec al Sec al Sec Evict  Hit Po Hit Po Hit Po Hit Po Miss P Miss P r      _resol ch                   b                                  t      lected ed     sb                          r (Not _resol ch (No (Not I t Issu b (Not Not Is  (Not  ot Iss Not Is t (Not lected ed (No sb (No ng (No ot Iss Not Is
                                                                                g (All g (Not        ted    s Exec ad Ins ted     Threa                             obal   d N-Wa tors G tors G tors G Polici licy E licy E licy E licy E olicy  olicy         ving                                                                                                             Issue ving ( t Issu ssued) ed)     Issue sued)  Issued ued)   sued)   Issue  (Not  t Issu t Issu t Issu ued)   sued) 
                                                                                 Sampl -issue               uted   tructi        ds Exe                                    y      lobal  lobal  lobal  es     vict F vict L vict N vict N Evict  Evict                                                                                                                         d)     Not Is ed)                  d)            )                    d)     Issued ed)    ed)    ed)                 
                                                                                es)    d Samp                      ons Ex        cuted                                            Excess        Ideal         irst   ast    ormal  ormal  First  Normal                                                                                                                               sued)                                                                 )                                        
                                                                                       les)                        ecuted                                                         ive                                              Demote                                                                                                                                                                                                                                                            
0x7011c4000              LDC R1, c[0x0][0x37c]                                  3      3      3      24     768    768    32     32     0      -      -      -      0      0      0      0      0      -      0      0      0      0      0      0      0      0      0      0      0      0      0      0      0      0      3      0      0      0      0      0      0      0      0      0      0      0      0      0      0      0      0      3      0      0      0      0      0      0     
0x7011c4010              S2R R0, SR_TID.X                                       0      0      0      24     768    768    32     32     0      -      -      -      0      0      0      0      0      -      0      0      0      0      0      0      0      0      0      0      0      0      0      0      0      0      0      0      0      0      0      0      0      0      0      0      0      0      0      0      0      0      0      0      0      0      0      0      0      0     
0x7011c4020              LDC R9, c[0x0][0x3c0]                                  0      0      0      24     768    768    32     32     0      -      -      -      0      0      0      0      0      -      0      0      0      0      0      0      0      0      0      0      0      0      0      0      0      0      0      0      0      0      0      0      0      0      0      0      0      0      0      0      0      0      0      0      0      0      0      0      0      0     
0x7011c4030              S2R R3, SR_CTAID.X                                     0      0      0      24     768    768    32     32     0      -      -      -      0      0      0      0      0      -      0      0      0      0      0      0      0      0      0      0      0      0      0      0      0      0      0      0      0      0      0      0      0      0      0      0      0      0      0      0      0      0      0      0      0      0      0      0      0      0     
0x7011c4040              IMAD R4, R9, 0x18, RZ                                  1      1      1      24     768    768    32     32     0      -      -      -      0      0      0      0      0      -      0      0      0      0      0      0      0      0      0      0      0      0      0      0      0      0      0      0      0      1      0      0      0      0      0      0      0      0      0      0      0      0      0      0      0      0      1      0      0      0     
0x7011c4050              SHF.R.U32.HI R2, RZ, 0x5, R0                           0      0      0      24     768    768    32     32     0      -      -      -      0      0      0      0      0      -      0      0      0      0      0      0      0      0      0      0      0      0      0      0      0      0      0      0      0      0      0      0      0      0      0      0      0      0      0      0      0      0      0      0      0      0      0      0      0      0     
0x7011c4060              IMAD R3, R3, 0x4, R2                                   0      0      0      24     768    768    32     32     0      -      -      -      0      0      0      0      0      -      0      0      0      0      0      0      0      0      0      0      0      0      0      0      0      0      0      0      0      0      0      0      0      0      0      0      0      0      0      0      0      0      0      0      0      0      0      0      0      0     
0x7011c4070              ISETP.GE.AND P0, PT, R3, R4, PT                        0      0      0      24     768    768    32     32     0      -      -      -      0      0      0      0      0      -      0      0      0      0      0      0      0      0      0      0      0      0      0      0      0      0      0      0      0      0      0      0      0      0      0      0      0      0      0      0      0      0      0      0      0      0      0      0      0      0     
0x7011c4080        @P0   EXIT                                                   0      0      0      24     768    0      32     0      0      -      -      -      0      0      0      0      0      -      0      0      0      0      0      0      0      0      0      0      0      0      0      0      0      0      0      0      0      0      0      0      0      0      0      0      0      0      0      0      0      0      0      0      0      0      0      0      0      0     
0x7011c4090              IMAD.HI R22, R3, 0x2aaaaaab, RZ                        0      0      0      24     768    768    32     32     0      -      -      -      0      0      0      0      0      -      0      0      0      0      0      0      0      0      0      0      0      0      0      0      0      0      0      0      0      0      0      0      0      0      0      0      0      0      0      0      0      0      0      0      0      0      0      0      0      0     
0x7011c40a0              LDC.64 R4, c[0x0][0x3c8]                               0      0      0      24     768    768    32     32     0      -      -      -      0      0      0      0      0      -      0      0      0      0      0      0      0      0      0      0      0      0      0      0      0      0      0      0      0      0      0      0      0      0      0      0      0      0      0      0      0      0      0      0      0      0      0      0      0      0     
0x7011c40b0              LOP3.LUT R29, R0, 0x1f, RZ, 0xc0, !PT                  0      0      0      24     768    768    32     32     0      -      -      -      0      0      0      0      0      -      0      0      0      0      0      0      0      0      0      0      0      0      0      0      0      0      0      0      0      0      0      0      0      0      0      0      0      0      0      0      0      0      0      0      0      0      0      0      0      0     
0x7011c40c0              LDCU.64 UR36, c[0x0][0x358]                            0      0      0      24     768    768    32     32     0      -      -      -      0      0      0      0      0      -      0      0      0      0      0      0      0      0      0      0      0      0      0      0      0      0      0      0      0      0      0      0      0      0      0      0      0      0      0      0      0      0      0      0      0      0      0      0      0      0     
0x7011c40d0              SHF.R.U32.HI R7, RZ, 0x1f, R22                         0      0      0      24     768    768    32     32     0      -      -      -      0      0      0      0      0      -      0      0      0      0      0      0      0      0      0      0      0      0      0      0      0      0      0      0      0      0      0      0      0      0      0      0      0      0      0      0      0      0      0      0      0      0      0      0      0      0     
0x7011c40e0              IADD3 R16, R29, R29, RZ                                0      0      0      24     768    768    32     32     0      -      -      -      0      0      0      0      0      -      0      0      0      0      0      0      0      0      0      0      0      0      0      0      0      0      0      0      0      0      0      0      0      0      0      0      0      0      0      0      0      0      0      0      0      0      0      0      0      0     
0x7011c40f0              LEA.HI.SX32 R22, R22, R7, 0x1e                         0      0      0      24     768    768    32     32     0      -      -      -      0      0      0      0      0      -      0      0      0      0      0      0      0      0      0      0      0      0      0      0      0      0      0      0      0      0      0      0      0      0      0      0      0      0      0      0      0      0      0      0      0      0      0      0      0      0     
0x7011c4100              LDC.64 R14, c[0x0][0x3d8]                              0      0      0      24     768    768    32     32     0      -      -      -      0      0      0      0      0      -      0      0      0      0      0      0      0      0      0      0      0      0      0      0      0      0      0      0      0      0      0      0      0      0      0      0      0      0      0      0      0      0      0      0      0      0      0      0      0      0     
0x7011c4110              IADD3 R19, R16, 0x40, RZ                               0      0      0      24     768    768    32     32     0      -      -      -      0      0      0      0      0      -      0      0      0      0      0      0      0      0      0      0      0      0      0      0      0      0      0      0      0      0      0      0      0      0      0      0      0      0      0      0      0      0      0      0      0      0      0      0      0      0     
0x7011c4120              SHF.R.S32.HI R17, RZ, 0x1f, R22                        0      0      0      24     768    768    32     32     0      -      -      -      0      0      0      0      0      -      0      0      0      0      0      0      0      0      0      0      0      0      0      0      0      0      0      0      0      0      0      0      0      0      0      0      0      0      0      0      0      0      0      0      0      0      0      0      0      0     
0x7011c4130              IMAD R8, R22, -0x18, R3                                0      0      0      24     768    768    32     32     0      -      -      -      0      0      0      0      0      -      0      0      0      0      0      0      0      0      0      0      0      0      0      0      0      0      0      0      0      0      0      0      0      0      0      0      0      0      0      0      0      0      0      0      0      0      0      0      0      0     
0x7011c4140              LDC.64 R6, c[0x0][0x3d0]                               0      0      0      24     768    768    32     32     0      -      -      -      0      0      0      0      0      -      0      0      0      0      0      0      0      0      0      0      0      0      0      0      0      0      0      0      0      0      0      0      0      0      0      0      0      0      0      0      0      0      0      0      0      0      0      0      0      0     
0x7011c4150              ISETP.GE.AND P0, PT, R8, 0x10, PT                      0      0      0      24     768    768    32     32     0      -      -      -      0      0      0      0      0      -      0      0      0      0      0      0      0      0      0      0      0      0      0      0      0      0      0      0      0      0      0      0      0      0      0      0      0      0      0      0      0      0      0      0      0      0      0      0      0      0     
0x7011c4160              LDC.64 R2, c[0x0][0x380]                               0      0      0      24     768    768    32     32     0      -      -      -      0      0      0      0      0      -      0      0      0      0      0      0      0      0      0      0      0      0      0      0      0      0      0      0      0      0      0      0      0      0      0      0      0      0      0      0      0      0      0      0      0      0      0      0      0      0     
0x7011c4170        @P0   IADD3 R8, R8, -0x10, RZ                                0      0      0      24     768    256    32     10     0      -      -      -      0      0      0      0      0      -      0      0      0      0      0      0      0      0      0      0      0      0      0      0      0      0      0      0      0      0      0      0      0      0      0      0      0      0      0      0      0      0      0      0      0      0      0      0      0      0     
0x7011c4180        @P0   LDC.64 R4, c[0x0][0x3e0]                               0      0      0      24     768    256    32     10     0      -      -      -      0      0      0      0      0      -      0      0      0      0      0      0      0      0      0      0      0      0      0      0      0      0      0      0      0      0      0      0      0      0      0      0      0      0      0      0      0      0      0      0      0      0      0      0      0      0     
0x7011c4190        @P0   LDC.64 R6, c[0x0][0x3e8]                               0      0      0      24     768    256    32     10     0      -      -      -      0      0      0      0      0      -      0      0      0      0      0      0      0      0      0      0      0      0      0      0      0      0      0      0      0      0      0      0      0      0      0      0      0      0      0      0      0      0      0      0      0      0      0      0      0      0     
0x7011c41a0        @P0   LDC.64 R14, c[0x0][0x3f0]                              0      0      0      24     768    256    32     10     0      -      -      -      0      0      0      0      0      -      0      0      0      0      0      0      0      0      0      0      0      0      0      0      0      0      0      0      0      0      0      0      0      0      0      0      0      0      0      0      0      0      0      0      0      0      0      0      0      0     
0x7011c41b0              IMAD R5, R5, R22, RZ                                   0      0      0      24     768    768    32     32     0      -      -      -      0      0      0      0      0      -      0      0      0      0      0      0      0      0      0      0      0      0      0      0      0      0      0      0      0      0      0      0      0      0      0      0      0      0      0      0      0      0      0      0      0      0      0      0      0      0     
0x7011c41c0        @P0   LDC.64 R2, c[0x0][0x388]                               0      0      0      24     768    256    32     10     0      -      -      -      0      0      0      0      0      -      0      0      0      0      0      0      0      0      0      0      0      0      0      0      0      0      0      0      0      0      0      0      0      0      0      0      0      0      0      0      0      0      0      0      0      0      0      0      0      0     
0x7011c41d0              IMAD R11, R4, R17, R5                                  0      0      0      24     768    768    32     32     0      -      -      -      0      0      0      0      0      -      0      0      0      0      0      0      0      0      0      0      0      0      0      0      0      0      0      0      0      0      0      0      0      0      0      0      0      0      0      0      0      0      0      0      0      0      0      0      0      0     
0x7011c41e0              IMAD.WIDE.U32 R4, R4, R22, RZ                          0      0      0      24     768    768    32     32     0      -      -      -      0      0      0      0      0      -      0      0      0      0      0      0      0      0      0      0      0      0      0      0      0      0      0      0      0      0      0      0      0      0      0      0      0      0      0      0      0      0      0      0      0      0      0      0      0      0     
0x7011c41f0              LDC.U8 R18, c[0x0][0x41c]                              0      0      0      24     768    768    32     32     0      -      -      -      0      0      0      0      0      -      0      0      0      0      0      0      0      0      0      0      0      0      0      0      0      0      0      0      0      0      0      0      0      0      0      0      0      0      0      0      0      0      0      0      0      0      0      0      0      0     
0x7011c4200              IMAD R7, R7, R8, RZ                                    0      0      0      24     768    768    32     32     0      -      -      -      0      0      0      0      0      -      0      0      0      0      0      0      0      0      0      0      0      0      0      0      0      0      0      0      0      0      0      0      0      0      0      0      0      0      0      0      0      0      0      0      0      0      0      0      0      0     
0x7011c4210              IADD3 R5, R5, R11, RZ                                  0      0      0      24     768    768    32     32     0      -      -      -      0      0      0      0      0      -      0      0      0      0      0      0      0      0      0      0      0      0      0      0      0      0      0      0      0      0      0      0      0      0      0      0      0      0      0      0      0      0      0      0      0      0      0      0      0      0     
0x7011c4220              SHF.R.S32.HI R11, RZ, 0x1f, R8                         0      0      0      24     768    768    32     32     0      -      -      -      0      0      0      0      0      -      0      0      0      0      0      0      0      0      0      0      0      0      0      0      0      0      0      0      0      0      0      0      0      0      0      0      0      0      0      0      0      0      0      0      0      0      0      0      0      0     
0x7011c4230              IMAD R21, R15, R19, RZ                                 0      0      0      24     768    768    32     32     0      -      -      -      0      0      0      0      0      -      0      0      0      0      0      0      0      0      0      0      0      0      0      0      0      0      0      0      0      0      0      0      0      0      0      0      0      0      0      0      0      0      0      0      0      0      0      0      0      0     
0x7011c4240              LDC.64 R24, c[0x0][0x3b0]                              0      0      0      24     768    768    32     32     0      -      -      -      0      0      0      0      0      -      0      0      0      0      0      0      0      0      0      0      0      0      0      0      0      0      0      0      0      0      0      0      0      0      0      0      0      0      0      0      0      0      0      0      0      0      0      0      0      0     
0x7011c4250              IMAD R7, R6, R11, R7                                   0      0      0      24     768    768    32     32     0      -      -      -      0      0      0      0      0      -      0      0      0      0      0      0      0      0      0      0      0      0      0      0      0      0      0      0      0      0      0      0      0      0      0      0      0      0      0      0      0      0      0      0      0      0      0      0      0      0     
0x7011c4260              IMAD.WIDE.U32 R10, R8, R6, R4                          0      0      0      24     768    768    32     32     0      -      -      -      0      0      0      0      0      -      0      0      0      0      0      0      0      0      0      0      0      0      0      0      0      0      0      0      0      0      0      0      0      0      0      0      0      0      0      0      0      0      0      0      0      0      0      0      0      0     
0x7011c4270              IMAD R5, R15, R16, RZ                                  0      0      0      24     768    768    32     32     0      -      -      -      0      0      0      0      0      -      0      0      0      0      0      0      0      0      0      0      0      0      0      0      0      0      0      0      0      0      0      0      0      0      0      0      0      0      0      0      0      0      0      0      0      0      0      0      0      0     
0x7011c4280              IADD3 R11, R11, R7, RZ                                 0      0      0      24     768    768    32     32     0      -      -      -      0      0      0      0      0      -      0      0      0      0      0      0      0      0      0      0      0      0      0      0      0      0      0      0      0      0      0      0      0      0      0      0      0      0      0      0      0      0      0      0      0      0      0      0      0      0     
0x7011c4290              IMAD.WIDE.U32 R6, R14, R16, R10                        0      0      0      24     768    768    32     32     0      -      -      -      0      0      0      0      0      -      0      0      0      0      0      0      0      0      0      0      0      0      0      0      0      0      0      0      0      0      0      0      0      0      0      0      0      0      0      0      0      0      0      0      0      0      0      0      0      0     
0x7011c42a0              IMAD.WIDE.U32 R12, R14, R19, R10                       0      0      0      24     768    768    32     32     0      -      -      -      0      0      0      0      0      -      0      0      0      0      0      0      0      0      0      0      0      0      0      0      0      0      0      0      0      0      0      0      0      0      0      0      0      0      0      0      0      0      0      0      0      0      0      0      0      0     
0x7011c42b0              IADD3 R7, R7, R5, RZ                                   0      0      0      24     768    768    32     32     0      -      -      -      0      0      0      0      0      -      0      0      0      0      0      0      0      0      0      0      0      0      0      0      0      0      0      0      0      0      0      0      0      0      0      0      0      0      0      0      0      0      0      0      0      0      0      0      0      0     
0x7011c42c0              IADD.64 R4, R14, R14                                   0      0      0      24     768    768    32     32     0      -      -      -      0      0      0      0      0      -      0      0      0      0      0      0      0      0      0      0      0      0      0      0      0      0      0      0      0      0      0      0      0      0      0      0      0      0      0      0      0      0      0      0      0      0      0      0      0      0     
0x7011c42d0              IADD3 R13, R13, R21, RZ                                0      0      0      24     768    768    32     32     0      -      -      -      0      0      0      0      0      -      0      0      0      0      0      0      0      0      0      0      0      0      0      0      0      0      0      0      0      0      0      0      0      0      0      0      0      0      0      0      0      0      0      0      0      0      0      0      0      0     
0x7011c42e0              IADD.64 R6, R6, R6                                     0      0      0      24     768    768    32     32     0      -      -      -      0      0      0      0      0      -      0      0      0      0      0      0      0      0      0      0      0      0      0      0      0      0      0      0      0      0      0      0      0      0      0      0      0      0      0      0      0      0      0      0      0      0      0      0      0      0     
0x7011c42f0              HFMA2 R23, -RZ, RZ, 0, 2.384185791015625e-07           0      0      0      24     768    768    32     32     0      -      -      -      0      0      0      0      0      -      0      0      0      0      0      0      0      0      0      0      0      0      0      0      0      0      0      0      0      0      0      0      0      0      0      0      0      0      0      0      0      0      0      0      0      0      0      0      0      0     
0x7011c4300              PRMT R18, R18, 0x8880, RZ                              0      0      0      24     768    768    32     32     0      -      -      -      0      0      0      0      0      -      0      0      0      0      0      0      0      0      0      0      0      0      0      0      0      0      0      0      0      0      0      0      0      0      0      0      0      0      0      0      0      0      0      0      0      0      0      0      0      0     
0x7011c4310              IADD.64 R20, R12, R12                                  0      0      0      24     768    768    32     32     0      -      -      -      0      0      0      0      0      -      0      0      0      0      0      0      0      0      0      0      0      0      0      0      0      0      0      0      0      0      0      0      0      0      0      0      0      0      0      0      0      0      0      0      0      0      0      0      0      0     
0x7011c4320              IADD.64 R12, R2, R6                                    0      0      0      24     768    768    32     32     0      -      -      -      0      0      0      0      0      -      0      0      0      0      0      0      0      0      0      0      0      0      0      0      0      0      0      0      0      0      0      0      0      0      0      0      0      0      0      0      0      0      0      0      0      0      0      0      0      0     
0x7011c4330              IADD.64 R30, R2, R20                                   0      0      0      24     768    768    32     32     0      -      -      -      0      0      0      0      0      -      0      0      0      0      0      0      0      0      0      0      0      0      0      0      0      0      0      0      0      0      0      0      0      0      0      0      0      0      0      0      0      0      0      0      0      0      0      0      0      0     
0x7011c4340              IADD.64 R26, R12, R4                                   0      0      0      24     768    768    32     32     0      -      -      -      0      0      0      0      0      -      0      0      0      0      0      0      0      0      0      0      0      0      0      0      0      0      0      0      0      0      0      0      0      0      0      0      0      0      0      0      0      0      0      0      0      0      0      0      0      0     
0x7011c4350              IADD.64 R32, R4, R30                                   0      0      0      24     768    768    32     32     0      -      -      -      0      0      0      0      0      -      0      0      0      0      0      0      0      0      0      0      0      0      0      0      0      0      0      0      0      0      0      0      0      0      0      0      0      0      0      0      0      0      0      0      0      0      0      0      0      0     
0x7011c4360              LDG.E.U16 R20, desc[UR36][R12.64]                      0      0      0      24     768    768    32     32     0      Global Load   16     24     0      48     96     48            0      0      0      0      0      0      0      0      0      0      0      0      0      0      0      0      0      0      0      0      0      0      0      0      0      0      0      0      0      0      0      0      0      0      0      0      0      0      0      0     
0x7011c4370              LDC.64 R6, c[0x0][0x390]                               0      0      0      24     768    768    32     32     0      -      -      -      0      0      0      0      0      -      0      0      0      0      0      0      0      0      0      0      0      0      0      0      0      0      0      0      0      0      0      0      0      0      0      0      0      0      0      0      0      0      0      0      0      0      0      0      0      0     
0x7011c4380              LDG.E.U16 R21, desc[UR36][R30.64]                      0      0      0      24     768    768    32     32     0      Global Load   16     24     0      48     96     48            0      0      0      0      0      0      0      0      0      0      0      0      0      0      0      0      0      0      0      0      0      0      0      0      0      0      0      0      0      0      0      0      0      0      0      0      0      0      0      0     
0x7011c4390              LDG.E.U16 R26, desc[UR36][R26.64]                      0      0      0      24     768    768    32     32     0      Global Load   16     24     0      48     96     48            0      0      0      0      0      0      0      0      0      0      0      0      0      0      0      0      0      0      0      0      0      0      0      0      0      0      0      0      0      0      0      0      0      0      0      0      0      0      0      0     
0x7011c43a0              LDC.64 R4, c[0x0][0x400]                               0      0      0      24     768    768    32     32     0      -      -      -      0      0      0      0      0      -      0      0      0      0      0      0      0      0      0      0      0      0      0      0      0      0      0      0      0      0      0      0      0      0      0      0      0      0      0      0      0      0      0      0      0      0      0      0      0      0     
0x7011c43b0              LDG.E.U16 R32, desc[UR36][R32.64]                      0      0      0      24     768    768    32     32     0      Global Load   16     24     0      48     96     48            0      0      0      0      0      0      0      0      0      0      0      0      0      0      0      0      0      0      0      0      0      0      0      0      0      0      0      0      0      0      0      0      0      0      0      0      0      0      0      0     
0x7011c43c0              SEL R23, R23, 0x3, !P0                                 0      0      0      24     768    768    32     32     0      -      -      -      0      0      0      0      0      -      0      0      0      0      0      0      0      0      0      0      0      0      0      0      0      0      0      0      0      0      0      0      0      0      0      0      0      0      0      0      0      0      0      0      0      0      0      0      0      0     
0x7011c43d0              PRMT R12, R18, 0x7710, RZ                              0      0      0      24     768    768    32     32     0      -      -      -      0      0      0      0      0      -      0      0      0      0      0      0      0      0      0      0      0      0      0      0      0      0      0      0      0      0      0      0      0      0      0      0      0      0      0      0      0      0      0      0      0      0      0      0      0      0     
0x7011c43e0              BSSY B0, 0x7011c4e60                                   0      0      0      24     768    768    32     32     0      -      -      -      0      0      0      0      0      -      0      0      0      0      0      0      0      0      0      0      0      0      0      0      0      0      0      0      0      0      0      0      0      0      0      0      0      0      0      0      0      0      0      0      0      0      0      0      0      0     
0x7011c43f0        @P0   LDC.64 R24, c[0x0][0x3b8]                              0      0      0      24     768    256    32     10     0      -      -      -      0      0      0      0      0      -      0      0      0      0      0      0      0      0      0      0      0      0      0      0      0      0      0      0      0      0      0      0      0      0      0      0      0      0      0      0      0      0      0      0      0      0      0      0      0      0     
0x7011c4400              LOP3.LUT P1, RZ, R12, 0xff, RZ, 0xc0, !PT              0      0      0      24     768    768    32     32     0      -      -      -      0      0      0      0      0      -      0      0      0      0      0      0      0      0      0      0      0      0      0      0      0      0      0      0      0      0      0      0      0      0      0      0      0      0      0      0      0      0      0      0      0      0      0      0      0      0     
0x7011c4410              SHF.L.U32 R23, R22, R23, RZ                            0      0      0      24     768    768    32     32     0      -      -      -      0      0      0      0      0      -      0      0      0      0      0      0      0      0      0      0      0      0      0      0      0      0      0      0      0      0      0      0      0      0      0      0      0      0      0      0      0      0      0      0      0      0      0      0      0      0     
0x7011c4420        @P0   LDC.64 R6, c[0x0][0x398]                               0      0      0      24     768    256    32     10     0      -      -      -      0      0      0      0      0      -      0      0      0      0      0      0      0      0      0      0      0      0      0      0      0      0      0      0      0      0      0      0      0      0      0      0      0      0      0      0      0      0      0      0      0      0      0      0      0      0     
0x7011c4430              IADD3 R23, R8, R23, RZ                                 0      0      0      24     768    768    32     32     0      -      -      -      0      0      0      0      0      -      0      0      0      0      0      0      0      0      0      0      0      0      0      0      0      0      0      0      0      0      0      0      0      0      0      0      0      0      0      0      0      0      0      0      0      0      0      0      0      0     
0x7011c4440              IMAD.SHL.U32 R18, R23, 0x80, RZ                        0      0      0      24     768    768    32     32     0      -      -      -      0      0      0      0      0      -      0      0      0      0      0      0      0      0      0      0      0      0      0      0      0      0      0      0      0      0      0      0      0      0      0      0      0      0      0      0      0      0      0      0      0      0      0      0      0      0     
0x7011c4450        @P0   LDC.64 R4, c[0x0][0x408]                               0      0      0      24     768    256    32     10     0      -      -      -      0      0      0      0      0      -      0      0      0      0      0      0      0      0      0      0      0      0      0      0      0      0      0      0      0      0      0      0      0      0      0      0      0      0      0      0      0      0      0      0      0      0      0      0      0      0     
0x7011c4460              ISETP.NE.S64.AND P0, PT, R14, 0x1, PT                  0      0      0      24     768    768    32     32     0      -      -      -      0      0      0      0      0      -      0      0      0      0      0      0      0      0      0      0      0      0      0      0      0      0      0      0      0      0      0      0      0      0      0      0      0      0      0      0      0      0      0      0      0      0      0      0      0      0     
0x7011c4470              ISETP.EQ.AND P0, PT, R9, 0x1, !P0                      0      0      0      24     768    768    32     32     0      -      -      -      0      0      0      0      0      -      0      0      0      0      0      0      0      0      0      0      0      0      0      0      0      0      0      0      0      0      0      0      0      0      0      0      0      0      0      0      0      0      0      0      0      0      0      0      0      0     
0x7011c4480              PLOP3.LUT P1, PT, P0, P1, PT, 0x2f, 0xf2               0      0      0      24     768    768    32     32     0      -      -      -      0      0      0      0      0      -      0      0      0      0      0      0      0      0      0      0      0      0      0      0      0      0      0      0      0      0      0      0      0      0      0      0      0      0      0      0      0      0      0      0      0      0      0      0      0      0     
0x7011c4490              IMAD.U32 R20, R20, 0x10000, RZ                         7      7      7      24     768    768    32     32     0      -      -      -      0      0      0      0      0      -      0      0      0      0      0      0      0      0      0      0      0      7      0      0      0      0      0      0      0      0      0      0      0      0      0      0      0      0      7      0      0      0      0      0      0      0      0      0      0      0     
0x7011c44a0              IMAD.U32 R21, R21, 0x10000, RZ                         0      0      0      24     768    768    32     32     0      -      -      -      0      0      0      0      0      -      0      0      0      0      0      0      0      0      0      0      0      0      0      0      0      0      0      0      0      0      0      0      0      0      0      0      0      0      0      0      0      0      0      0      0      0      0      0      0      0     
0x7011c44b0              IMAD.U32 R26, R26, 0x10000, RZ                         0      0      0      24     768    768    32     32     0      -      -      -      0      0      0      0      0      -      0      0      0      0      0      0      0      0      0      0      0      0      0      0      0      0      0      0      0      0      0      0      0      0      0      0      0      0      0      0      0      0      0      0      0      0      0      0      0      0     
0x7011c44c0              IMAD.U32 R27, R32, 0x10000, RZ                         0      0      0      24     768    768    32     32     0      -      -      -      0      0      0      0      0      -      0      0      0      0      0      0      0      0      0      0      0      0      0      0      0      0      0      0      0      0      0      0      0      0      0      0      0      0      0      0      0      0      0      0      0      0      0      0      0      0     
0x7011c44d0        @P1   BRA 0x7011c46a0                                        0      0      0      24     768    0      32     0      0      -      -      -      0      0      0      0      0      -      0      0      0      0      0      0      0      0      0      0      0      0      0      0      0      0      0      0      0      0      0      0      0      0      0      0      0      0      0      0      0      0      0      0      0      0      0      0      0      0     
0x7011c44e0              UMOV UR4, 0xffffffff                                   0      0      0      24     768    768    32     32     0      -      -      -      0      0      0      0      0      -      0      0      0      0      0      0      0      0      0      0      0      0      0      0      0      0      0      0      0      0      0      0      0      0      0      0      0      0      0      0      0      0      0      0      0      0      0      0      0      0     
0x7011c44f0              FMUL R13, R26, R26                                     0      0      0      24     768    768    32     32     0      -      -      -      0      0      0      0      0      -      0      0      0      0      0      0      0      0      0      0      0      0      0      0      0      0      0      0      0      0      0      0      0      0      0      0      0      0      0      0      0      0      0      0      0      0      0      0      0      0     
0x7011c4500              FFMA R13, R20, R20, R13                                0      0      0      24     768    768    32     32     0      -      -      -      0      0      0      0      0      -      0      0      0      0      0      0      0      0      0      0      0      0      0      0      0      0      0      0      0      0      0      0      0      0      0      0      0      0      0      0      0      0      0      0      0      0      0      0      0      0     
0x7011c4510              BRA.DIV UR4, 0x7011c5590                               0      0      0      24     768    768    32     32     0      -      -      -      0      0      0      0      0      -      0      0      0      0      0      0      0      0      0      0      0      0      0      0      0      0      0      0      0      0      0      0      0      0      0      0      0      0      0      0      0      0      0      0      0      0      0      0      0      0     
0x7011c4520              FMUL R8, R27, R27                                      1      1      1      24     768    768    32     32     0      -      -      -      0      0      0      0      0      -      0      0      0      0      0      0      0      0      0      0      0      0      0      0      0      0      0      0      0      0      0      0      1      0      0      0      0      0      0      0      0      0      0      0      0      0      0      0      0      1     
0x7011c4530              SHFL.BFLY PT, R14, R13, 0x10, 0x1f                     0      0      0      24     768    768    32     32     0      -      -      -      0      0      0      0      0      -      0      0      0      0      0      0      0      0      0      0      0      0      0      0      0      0      0      0      0      0      0      0      0      0      0      0      0      0      0      0      0      0      0      0      0      0      0      0      0      0     
0x7011c4540              FFMA R8, R21, R21, R8                                  0      0      0      24     768    768    32     32     0      -      -      -      0      0      0      0      0      -      0      0      0      0      0      0      0      0      0      0      0      0      0      0      0      0      0      0      0      0      0      0      0      0      0      0      0      0      0      0      0      0      0      0      0      0      0      0      0      0     
0x7011c4550              SHFL.BFLY PT, R3, R8, 0x10, 0x1f                       0      0      0      24     768    768    32     32     0      -      -      -      0      0      0      0      0      -      0      0      0      0      0      0      0      0      0      0      0      0      0      0      0      0      0      0      0      0      0      0      0      0      0      0      0      0      0      0      0      0      0      0      0      0      0      0      0      0     
0x7011c4560              FADD R0, R13, R14                                      0      0      0      24     768    768    32     32     0      -      -      -      0      0      0      0      0      -      0      0      0      0      0      0      0      0      0      0      0      0      0      0      0      0      0      0      0      0      0      0      0      0      0      0      0      0      0      0      0      0      0      0      0      0      0      0      0      0     
0x7011c4570              SHFL.BFLY PT, R14, R0, 0x8, 0x1f                       0      0      0      24     768    768    32     32     0      -      -      -      0      0      0      0      0      -      0      0      0      0      0      0      0      0      0      0      0      0      0      0      0      0      0      0      0      0      0      0      0      0      0      0      0      0      0      0      0      0      0      0      0      0      0      0      0      0     
0x7011c4580              FADD R10, R8, R3                                       0      0      0      24     768    768    32     32     0      -      -      -      0      0      0      0      0      -      0      0      0      0      0      0      0      0      0      0      0      0      0      0      0      0      0      0      0      0      0      0      0      0      0      0      0      0      0      0      0      0      0      0      0      0      0      0      0      0     
0x7011c4590              SHFL.BFLY PT, R3, R10, 0x8, 0x1f                       0      0      0      24     768    768    32     32     0      -      -      -      0      0      0      0      0      -      0      0      0      0      0      0      0      0      0      0      0      0      0      0      0      0      0      0      0      0      0      0      0      0      0      0      0      0      0      0      0      0      0      0      0      0      0      0      0      0     
0x7011c45a0              FADD R2, R0, R14                                       0      0      0      24     768    768    32     32     0      -      -      -      0      0      0      0      0      -      0      0      0      0      0      0      0      0      0      0      0      0      0      0      0      0      0      0      0      0      0      0      0      0      0      0      0      0      0      0      0      0      0      0      0      0      0      0      0      0     
0x7011c45b0              SHFL.BFLY PT, R14, R2, 0x4, 0x1f                       0      0      0      24     768    768    32     32     0      -      -      -      0      0      0      0      0      -      0      0      0      0      0      0      0      0      0      0      0      0      0      0      0      0      0      0      0      0      0      0      0      0      0      0      0      0      0      0      0      0      0      0      0      0      0      0      0      0     
0x7011c45c0              FADD R23, R10, R3                                      0      0      0      24     768    768    32     32     0      -      -      -      0      0      0      0      0      -      0      0      0      0      0      0      0      0      0      0      0      0      0      0      0      0      0      0      0      0      0      0      0      0      0      0      0      0      0      0      0      0      0      0      0      0      0      0      0      0     
0x7011c45d0              SHFL.BFLY PT, R28, R23, 0x4, 0x1f                      0      0      0      24     768    768    32     32     0      -      -      -      0      0      0      0      0      -      0      0      0      0      0      0      0      0      0      0      0      0      0      0      0      0      0      0      0      0      0      0      0      0      0      0      0      0      0      0      0      0      0      0      0      0      0      0      0      0     
0x7011c45e0              FADD R3, R2, R14                                       0      0      0      24     768    768    32     32     0      -      -      -      0      0      0      0      0      -      0      0      0      0      0      0      0      0      0      0      0      0      0      0      0      0      0      0      0      0      0      0      0      0      0      0      0      0      0      0      0      0      0      0      0      0      0      0      0      0     
0x7011c45f0              SHFL.BFLY PT, R14, R3, 0x2, 0x1f                       0      0      0      24     768    768    32     32     0      -      -      -      0      0      0      0      0      -      0      0      0      0      0      0      0      0      0      0      0      0      0      0      0      0      0      0      0      0      0      0      0      0      0      0      0      0      0      0      0      0      0      0      0      0      0      0      0      0     
0x7011c4600              FADD R28, R23, R28                                     0      0      0      24     768    768    32     32     0      -      -      -      0      0      0      0      0      -      0      0      0      0      0      0      0      0      0      0      0      0      0      0      0      0      0      0      0      0      0      0      0      0      0      0      0      0      0      0      0      0      0      0      0      0      0      0      0      0     
0x7011c4610              SHFL.BFLY PT, R29, R28, 0x2, 0x1f                      0      0      0      24     768    768    32     32     0      -      -      -      0      0      0      0      0      -      0      0      0      0      0      0      0      0      0      0      0      0      0      0      0      0      0      0      0      0      0      0      0      0      0      0      0      0      0      0      0      0      0      0      0      0      0      0      0      0     
0x7011c4620              FADD R0, R3, R14                                       0      0      0      24     768    768    32     32     0      -      -      -      0      0      0      0      0      -      0      0      0      0      0      0      0      0      0      0      0      0      0      0      0      0      0      0      0      0      0      0      0      0      0      0      0      0      0      0      0      0      0      0      0      0      0      0      0      0     
0x7011c4630              SHFL.BFLY PT, R9, R0, 0x1, 0x1f                        0      0      0      24     768    768    32     32     0      -      -      -      0      0      0      0      0      -      0      0      0      0      0      0      0      0      0      0      0      0      0      0      0      0      0      0      0      0      0      0      0      0      0      0      0      0      0      0      0      0      0      0      0      0      0      0      0      0     
0x7011c4640              FADD R29, R28, R29                                     0      0      0      24     768    768    32     32     0      -      -      -      0      0      0      0      0      -      0      0      0      0      0      0      0      0      0      0      0      0      0      0      0      0      0      0      0      0      0      0      0      0      0      0      0      0      0      0      0      0      0      0      0      0      0      0      0      0     
0x7011c4650              SHFL.BFLY PT, R14, R29, 0x1, 0x1f                      0      0      0      24     768    768    32     32     0      -      -      -      0      0      0      0      0      -      0      0      0      0      0      0      0      0      0      0      0      0      0      0      0      0      0      0      0      0      0      0      0      0      0      0      0      0      0      0      0      0      0      0      0      0      0      0      0      0     
0x7011c4660              FADD R9, R0, R9                                        0      0      0      24     768    768    32     32     0      -      -      -      0      0      0      0      0      -      0      0      0      0      0      0      0      0      0      0      0      0      0      0      0      0      0      0      0      0      0      0      0      0      0      0      0      0      0      0      0      0      0      0      0      0      0      0      0      0     
0x7011c4670              FADD R14, R29, R14                                     0      0      0      24     768    768    32     32     0      -      -      -      0      0      0      0      0      -      0      0      0      0      0      0      0      0      0      0      0      0      0      0      0      0      0      0      0      0      0      0      0      0      0      0      0      0      0      0      0      0      0      0      0      0      0      0      0      0     
0x7011c4680              FADD R14, R9, R14                                      0      0      0      24     768    768    32     32     0      -      -      -      0      0      0      0      0      -      0      0      0      0      0      0      0      0      0      0      0      0      0      0      0      0      0      0      0      0      0      0      0      0      0      0      0      0      0      0      0      0      0      0      0      0      0      0      0      0     
0x7011c4690              BRA 0x7011c4e50                                        0      0      0      24     768    768    32     32     0      -      -      -      0      0      0      0      0      -      0      0      0      0      0      0      0      0      0      0      0      0      0      0      0      0      0      0      0      0      0      0      0      0      0      0      0      0      0      0      0      0      0      0      0      0      0      0      0      0     
0x7011c46a0        @!P0  BRA 0x7011c4940                                        0      0      0      0      0      0      0      0      0      -      -      -      0      0      0      0      0      -      0      0      0      0      0      0      0      0      0      0      0      0      0      0      0      0      0      0      0      0      0      0      0      0      0      0      0      0      0      0      0      0      0      0      0      0      0      0      0      0     
0x7011c46b0              IMAD.SHL.U32 R0, R0, 0x8, RZ                           0      0      0      0      0      0      0      0      0      -      -      -      0      0      0      0      0      -      0      0      0      0      0      0      0      0      0      0      0      0      0      0      0      0      0      0      0      0      0      0      0      0      0      0      0      0      0      0      0      0      0      0      0      0      0      0      0      0     
0x7011c46c0              MOV R9, RZ                                             0      0      0      0      0      0      0      0      0      -      -      -      0      0      0      0      0      -      0      0      0      0      0      0      0      0      0      0      0      0      0      0      0      0      0      0      0      0      0      0      0      0      0      0      0      0      0      0      0      0      0      0      0      0      0      0      0      0     
0x7011c46d0              LOP3.LUT R8, R0, 0x78, RZ, 0xc0, !PT                   0      0      0      0      0      0      0      0      0      -      -      -      0      0      0      0      0      -      0      0      0      0      0      0      0      0      0      0      0      0      0      0      0      0      0      0      0      0      0      0      0      0      0      0      0      0      0      0      0      0      0      0      0      0      0      0      0      0     
0x7011c46e0              IADD.64 R8, R8, R10                                    0      0      0      0      0      0      0      0      0      -      -      -      0      0      0      0      0      -      0      0      0      0      0      0      0      0      0      0      0      0      0      0      0      0      0      0      0      0      0      0      0      0      0      0      0      0      0      0      0      0      0      0      0      0      0      0      0      0     
0x7011c46f0              IADD.64 R8, R8, R8                                     0      0      0      0      0      0      0      0      0      -      -      -      0      0      0      0      0      -      0      0      0      0      0      0      0      0      0      0      0      0      0      0      0      0      0      0      0      0      0      0      0      0      0      0      0      0      0      0      0      0      0      0      0      0      0      0      0      0     
0x7011c4700              IADD.64 R2, R2, R8                                     0      0      0      0      0      0      0      0      0      -      -      -      0      0      0      0      0      -      0      0      0      0      0      0      0      0      0      0      0      0      0      0      0      0      0      0      0      0      0      0      0      0      0      0      0      0      0      0      0      0      0      0      0      0      0      0      0      0     
0x7011c4710              LDG.E.U16 R10, desc[UR36][R2.64+0x2]                   0      0      0      0      0      0      0      0      0                           0      0      0      0      0             0      0      0      0      0      0      0      0      0      0      0      0      0      0      0      0      0      0      0      0      0      0      0      0      0      0      0      0      0      0      0      0      0      0      0      0      0      0      0      0     
0x7011c4720              LDG.E.U16 R9, desc[UR36][R2.64]                        0      0      0      0      0      0      0      0      0                           0      0      0      0      0             0      0      0      0      0      0      0      0      0      0      0      0      0      0      0      0      0      0      0      0      0      0      0      0      0      0      0      0      0      0      0      0      0      0      0      0      0      0      0      0     
0x7011c4730              LDG.E.U16 R11, desc[UR36][R2.64+0x4]                   0      0      0      0      0      0      0      0      0                           0      0      0      0      0             0      0      0      0      0      0      0      0      0      0      0      0      0      0      0      0      0      0      0      0      0      0      0      0      0      0      0      0      0      0      0      0      0      0      0      0      0      0      0      0     
0x7011c4740              LDG.E.U16 R12, desc[UR36][R2.64+0x6]                   0      0      0      0      0      0      0      0      0                           0      0      0      0      0             0      0      0      0      0      0      0      0      0      0      0      0      0      0      0      0      0      0      0      0      0      0      0      0      0      0      0      0      0      0      0      0      0      0      0      0      0      0      0      0     
0x7011c4750              LDG.E.U16 R13, desc[UR36][R2.64+0x8]                   0      0      0      0      0      0      0      0      0                           0      0      0      0      0             0      0      0      0      0      0      0      0      0      0      0      0      0      0      0      0      0      0      0      0      0      0      0      0      0      0      0      0      0      0      0      0      0      0      0      0      0      0      0      0     
0x7011c4760              LDG.E.U16 R14, desc[UR36][R2.64+0xa]                   0      0      0      0      0      0      0      0      0                           0      0      0      0      0             0      0      0      0      0      0      0      0      0      0      0      0      0      0      0      0      0      0      0      0      0      0      0      0      0      0      0      0      0      0      0      0      0      0      0      0      0      0      0      0     
0x7011c4770              LDG.E.U16 R0, desc[UR36][R2.64+0xc]                    0      0      0      0      0      0      0      0      0                           0      0      0      0      0             0      0      0      0      0      0      0      0      0      0      0      0      0      0      0      0      0      0      0      0      0      0      0      0      0      0      0      0      0      0      0      0      0      0      0      0      0      0      0      0     
0x7011c4780              LDG.E.U16 R8, desc[UR36][R2.64+0xe]                    0      0      0      0      0      0      0      0      0                           0      0      0      0      0             0      0      0      0      0      0      0      0      0      0      0      0      0      0      0      0      0      0      0      0      0      0      0      0      0      0      0      0      0      0      0      0      0      0      0      0      0      0      0      0     
0x7011c4790              UMOV UR4, 0xffffffff                                   0      0      0      0      0      0      0      0      0      -      -      -      0      0      0      0      0      -      0      0      0      0      0      0      0      0      0      0      0      0      0      0      0      0      0      0      0      0      0      0      0      0      0      0      0      0      0      0      0      0      0      0      0      0      0      0      0      0     
0x7011c47a0              IMAD.U32 R10, R10, 0x10000, RZ                         0      0      0      0      0      0      0      0      0      -      -      -      0      0      0      0      0      -      0      0      0      0      0      0      0      0      0      0      0      0      0      0      0      0      0      0      0      0      0      0      0      0      0      0      0      0      0      0      0      0      0      0      0      0      0      0      0      0     
0x7011c47b0              IMAD.U32 R9, R9, 0x10000, RZ                           0      0      0      0      0      0      0      0      0      -      -      -      0      0      0      0      0      -      0      0      0      0      0      0      0      0      0      0      0      0      0      0      0      0      0      0      0      0      0      0      0      0      0      0      0      0      0      0      0      0      0      0      0      0      0      0      0      0     
0x7011c47c0              FMUL R10, R10, R10                                     0      0      0      0      0      0      0      0      0      -      -      -      0      0      0      0      0      -      0      0      0      0      0      0      0      0      0      0      0      0      0      0      0      0      0      0      0      0      0      0      0      0      0      0      0      0      0      0      0      0      0      0      0      0      0      0      0      0     
0x7011c47d0              IMAD.U32 R11, R11, 0x10000, RZ                         0      0      0      0      0      0      0      0      0      -      -      -      0      0      0      0      0      -      0      0      0      0      0      0      0      0      0      0      0      0      0      0      0      0      0      0      0      0      0      0      0      0      0      0      0      0      0      0      0      0      0      0      0      0      0      0      0      0     
0x7011c47e0              FFMA R10, R9, R9, R10                                  0      0      0      0      0      0      0      0      0      -      -      -      0      0      0      0      0      -      0      0      0      0      0      0      0      0      0      0      0      0      0      0      0      0      0      0      0      0      0      0      0      0      0      0      0      0      0      0      0      0      0      0      0      0      0      0      0      0     
0x7011c47f0              IMAD.U32 R9, R12, 0x10000, RZ                          0      0      0      0      0      0      0      0      0      -      -      -      0      0      0      0      0      -      0      0      0      0      0      0      0      0      0      0      0      0      0      0      0      0      0      0      0      0      0      0      0      0      0      0      0      0      0      0      0      0      0      0      0      0      0      0      0      0     
0x7011c4800              FFMA R10, R11, R11, R10                                0      0      0      0      0      0      0      0      0      -      -      -      0      0      0      0      0      -      0      0      0      0      0      0      0      0      0      0      0      0      0      0      0      0      0      0      0      0      0      0      0      0      0      0      0      0      0      0      0      0      0      0      0      0      0      0      0      0     
0x7011c4810              IMAD.U32 R13, R13, 0x10000, RZ                         0      0      0      0      0      0      0      0      0      -      -      -      0      0      0      0      0      -      0      0      0      0      0      0      0      0      0      0      0      0      0      0      0      0      0      0      0      0      0      0      0      0      0      0      0      0      0      0      0      0      0      0      0      0      0      0      0      0     
0x7011c4820              FFMA R10, R9, R9, R10                                  0      0      0      0      0      0      0      0      0      -      -      -      0      0      0      0      0      -      0      0      0      0      0      0      0      0      0      0      0      0      0      0      0      0      0      0      0      0      0      0      0      0      0      0      0      0      0      0      0      0      0      0      0      0      0      0      0      0     
0x7011c4830              IMAD.U32 R9, R14, 0x10000, RZ                          0      0      0      0      0      0      0      0      0      -      -      -      0      0      0      0      0      -      0      0      0      0      0      0      0      0      0      0      0      0      0      0      0      0      0      0      0      0      0      0      0      0      0      0      0      0      0      0      0      0      0      0      0      0      0      0      0      0     
0x7011c4840              FFMA R10, R13, R13, R10                                0      0      0      0      0      0      0      0      0      -      -      -      0      0      0      0      0      -      0      0      0      0      0      0      0      0      0      0      0      0      0      0      0      0      0      0      0      0      0      0      0      0      0      0      0      0      0      0      0      0      0      0      0      0      0      0      0      0     
0x7011c4850              IMAD.U32 R3, R0, 0x10000, RZ                           0      0      0      0      0      0      0      0      0      -      -      -      0      0      0      0      0      -      0      0      0      0      0      0      0      0      0      0      0      0      0      0      0      0      0      0      0      0      0      0      0      0      0      0      0      0      0      0      0      0      0      0      0      0      0      0      0      0     
0x7011c4860              FFMA R10, R9, R9, R10                                  0      0      0      0      0      0      0      0      0      -      -      -      0      0      0      0      0      -      0      0      0      0      0      0      0      0      0      0      0      0      0      0      0      0      0      0      0      0      0      0      0      0      0      0      0      0      0      0      0      0      0      0      0      0      0      0      0      0     
0x7011c4870              IMAD.U32 R13, R8, 0x10000, RZ                          0      0      0      0      0      0      0      0      0      -      -      -      0      0      0      0      0      -      0      0      0      0      0      0      0      0      0      0      0      0      0      0      0      0      0      0      0      0      0      0      0      0      0      0      0      0      0      0      0      0      0      0      0      0      0      0      0      0     
0x7011c4880              FFMA R10, R3, R3, R10                                  0      0      0      0      0      0      0      0      0      -      -      -      0      0      0      0      0      -      0      0      0      0      0      0      0      0      0      0      0      0      0      0      0      0      0      0      0      0      0      0      0      0      0      0      0      0      0      0      0      0      0      0      0      0      0      0      0      0     
0x7011c4890              FFMA R13, R13, R13, R10                                0      0      0      0      0      0      0      0      0      -      -      -      0      0      0      0      0      -      0      0      0      0      0      0      0      0      0      0      0      0      0      0      0      0      0      0      0      0      0      0      0      0      0      0      0      0      0      0      0      0      0      0      0      0      0      0      0      0     
0x7011c48a0              BRA.DIV UR4, 0x7011c59d0                               0      0      0      0      0      0      0      0      0      -      -      -      0      0      0      0      0      -      0      0      0      0      0      0      0      0      0      0      0      0      0      0      0      0      0      0      0      0      0      0      0      0      0      0      0      0      0      0      0      0      0      0      0      0      0      0      0      0     
0x7011c48b0              SHFL.BFLY PT, R14, R13, 0x8, 0x1f                      0      0      0      0      0      0      0      0      0      -      -      -      0      0      0      0      0      -      0      0      0      0      0      0      0      0      0      0      0      0      0      0      0      0      0      0      0      0      0      0      0      0      0      0      0      0      0      0      0      0      0      0      0      0      0      0      0      0     
0x7011c48c0              FADD R0, R13, R14                                      0      0      0      0      0      0      0      0      0      -      -      -      0      0      0      0      0      -      0      0      0      0      0      0      0      0      0      0      0      0      0      0      0      0      0      0      0      0      0      0      0      0      0      0      0      0      0      0      0      0      0      0      0      0      0      0      0      0     
0x7011c48d0              SHFL.BFLY PT, R14, R0, 0x4, 0x1f                       0      0      0      0      0      0      0      0      0      -      -      -      0      0      0      0      0      -      0      0      0      0      0      0      0      0      0      0      0      0      0      0      0      0      0      0      0      0      0      0      0      0      0      0      0      0      0      0      0      0      0      0      0      0      0      0      0      0     
0x7011c48e0              FADD R2, R0, R14                                       0      0      0      0      0      0      0      0      0      -      -      -      0      0      0      0      0      -      0      0      0      0      0      0      0      0      0      0      0      0      0      0      0      0      0      0      0      0      0      0      0      0      0      0      0      0      0      0      0      0      0      0      0      0      0      0      0      0     
0x7011c48f0              SHFL.BFLY PT, R14, R2, 0x2, 0x1f                       0      0      0      0      0      0      0      0      0      -      -      -      0      0      0      0      0      -      0      0      0      0      0      0      0      0      0      0      0      0      0      0      0      0      0      0      0      0      0      0      0      0      0      0      0      0      0      0      0      0      0      0      0      0      0      0      0      0     
0x7011c4900              FADD R3, R2, R14                                       0      0      0      0      0      0      0      0      0      -      -      -      0      0      0      0      0      -      0      0      0      0      0      0      0      0      0      0      0      0      0      0      0      0      0      0      0      0      0      0      0      0      0      0      0      0      0      0      0      0      0      0      0      0      0      0      0      0     
0x7011c4910              SHFL.BFLY PT, R14, R3, 0x1, 0x1f                       0      0      0      0      0      0      0      0      0      -      -      -      0      0      0      0      0      -      0      0      0      0      0      0      0      0      0      0      0      0      0      0      0      0      0      0      0      0      0      0      0      0      0      0      0      0      0      0      0      0      0      0      0      0      0      0      0      0     
0x7011c4920              FADD R14, R3, R14                                      0      0      0      0      0      0      0      0      0      -      -      -      0      0      0      0      0      -      0      0      0      0      0      0      0      0      0      0      0      0      0      0      0      0      0      0      0      0      0      0      0      0      0      0      0      0      0      0      0      0      0      0      0      0      0      0      0      0     
0x7011c4930              BRA 0x7011c4e50                                        0      0      0      0      0      0      0      0      0      -      -      -      0      0      0      0      0      -      0      0      0      0      0      0      0      0      0      0      0      0      0      0      0      0      0      0      0      0      0      0      0      0      0      0      0      0      0      0      0      0      0      0      0      0      0      0      0      0     
0x7011c4940              ISETP.NE.S64.AND P0, PT, R14, 0x1, PT                  0      0      0      0      0      0      0      0      0      -      -      -      0      0      0      0      0      -      0      0      0      0      0      0      0      0      0      0      0      0      0      0      0      0      0      0      0      0      0      0      0      0      0      0      0      0      0      0      0      0      0      0      0      0      0      0      0      0     
0x7011c4950        @P0   BRA 0x7011c4b40                                        0      0      0      0      0      0      0      0      0      -      -      -      0      0      0      0      0      -      0      0      0      0      0      0      0      0      0      0      0      0      0      0      0      0      0      0      0      0      0      0      0      0      0      0      0      0      0      0      0      0      0      0      0      0      0      0      0      0     
0x7011c4960              IMAD.SHL.U32 R8, R29, 0x4, RZ                          0      0      0      0      0      0      0      0      0      -      -      -      0      0      0      0      0      -      0      0      0      0      0      0      0      0      0      0      0      0      0      0      0      0      0      0      0      0      0      0      0      0      0      0      0      0      0      0      0      0      0      0      0      0      0      0      0      0     
0x7011c4970              HFMA2 R9, -RZ, RZ, 0, 0                                0      0      0      0      0      0      0      0      0      -      -      -      0      0      0      0      0      -      0      0      0      0      0      0      0      0      0      0      0      0      0      0      0      0      0      0      0      0      0      0      0      0      0      0      0      0      0      0      0      0      0      0      0      0      0      0      0      0     
0x7011c4980              IADD.64 R8, R8, R10                                    0      0      0      0      0      0      0      0      0      -      -      -      0      0      0      0      0      -      0      0      0      0      0      0      0      0      0      0      0      0      0      0      0      0      0      0      0      0      0      0      0      0      0      0      0      0      0      0      0      0      0      0      0      0      0      0      0      0     
0x7011c4990              IADD.64 R8, R8, R8                                     0      0      0      0      0      0      0      0      0      -      -      -      0      0      0      0      0      -      0      0      0      0      0      0      0      0      0      0      0      0      0      0      0      0      0      0      0      0      0      0      0      0      0      0      0      0      0      0      0      0      0      0      0      0      0      0      0      0     
0x7011c49a0              IADD.64 R8, R2, R8                                     0      0      0      0      0      0      0      0      0      -      -      -      0      0      0      0      0      -      0      0      0      0      0      0      0      0      0      0      0      0      0      0      0      0      0      0      0      0      0      0      0      0      0      0      0      0      0      0      0      0      0      0      0      0      0      0      0      0     
0x7011c49b0              LDG.E.U16 R2, desc[UR36][R8.64+0x2]                    0      0      0      0      0      0      0      0      0                           0      0      0      0      0             0      0      0      0      0      0      0      0      0      0      0      0      0      0      0      0      0      0      0      0      0      0      0      0      0      0      0      0      0      0      0      0      0      0      0      0      0      0      0      0     
0x7011c49c0              LDG.E.U16 R0, desc[UR36][R8.64]                        0      0      0      0      0      0      0      0      0                           0      0      0      0      0             0      0      0      0      0      0      0      0      0      0      0      0      0      0      0      0      0      0      0      0      0      0      0      0      0      0      0      0      0      0      0      0      0      0      0      0      0      0      0      0     
0x7011c49d0              LDG.E.U16 R10, desc[UR36][R8.64+0x4]                   0      0      0      0      0      0      0      0      0                           0      0      0      0      0             0      0      0      0      0      0      0      0      0      0      0      0      0      0      0      0      0      0      0      0      0      0      0      0      0      0      0      0      0      0      0      0      0      0      0      0      0      0      0      0     
0x7011c49e0              LDG.E.U16 R11, desc[UR36][R8.64+0x6]                   0      0      0      0      0      0      0      0      0                           0      0      0      0      0             0      0      0      0      0      0      0      0      0      0      0      0      0      0      0      0      0      0      0      0      0      0      0      0      0      0      0      0      0      0      0      0      0      0      0      0      0      0      0      0     
0x7011c49f0              UMOV UR4, 0xffffffff                                   0      0      0      0      0      0      0      0      0      -      -      -      0      0      0      0      0      -      0      0      0      0      0      0      0      0      0      0      0      0      0      0      0      0      0      0      0      0      0      0      0      0      0      0      0      0      0      0      0      0      0      0      0      0      0      0      0      0     
0x7011c4a00              IMAD.U32 R2, R2, 0x10000, RZ                           0      0      0      0      0      0      0      0      0      -      -      -      0      0      0      0      0      -      0      0      0      0      0      0      0      0      0      0      0      0      0      0      0      0      0      0      0      0      0      0      0      0      0      0      0      0      0      0      0      0      0      0      0      0      0      0      0      0     
0x7011c4a10              IMAD.U32 R0, R0, 0x10000, RZ                           0      0      0      0      0      0      0      0      0      -      -      -      0      0      0      0      0      -      0      0      0      0      0      0      0      0      0      0      0      0      0      0      0      0      0      0      0      0      0      0      0      0      0      0      0      0      0      0      0      0      0      0      0      0      0      0      0      0     
0x7011c4a20              FMUL R3, R2, R2                                        0      0      0      0      0      0      0      0      0      -      -      -      0      0      0      0      0      -      0      0      0      0      0      0      0      0      0      0      0      0      0      0      0      0      0      0      0      0      0      0      0      0      0      0      0      0      0      0      0      0      0      0      0      0      0      0      0      0     
0x7011c4a30              IMAD.U32 R10, R10, 0x10000, RZ                         0      0      0      0      0      0      0      0      0      -      -      -      0      0      0      0      0      -      0      0      0      0      0      0      0      0      0      0      0      0      0      0      0      0      0      0      0      0      0      0      0      0      0      0      0      0      0      0      0      0      0      0      0      0      0      0      0      0     
0x7011c4a40              FFMA R3, R0, R0, R3                                    0      0      0      0      0      0      0      0      0      -      -      -      0      0      0      0      0      -      0      0      0      0      0      0      0      0      0      0      0      0      0      0      0      0      0      0      0      0      0      0      0      0      0      0      0      0      0      0      0      0      0      0      0      0      0      0      0      0     
0x7011c4a50              IMAD.U32 R0, R11, 0x10000, RZ                          0      0      0      0      0      0      0      0      0      -      -      -      0      0      0      0      0      -      0      0      0      0      0      0      0      0      0      0      0      0      0      0      0      0      0      0      0      0      0      0      0      0      0      0      0      0      0      0      0      0      0      0      0      0      0      0      0      0     
0x7011c4a60              FFMA R3, R10, R10, R3                                  0      0      0      0      0      0      0      0      0      -      -      -      0      0      0      0      0      -      0      0      0      0      0      0      0      0      0      0      0      0      0      0      0      0      0      0      0      0      0      0      0      0      0      0      0      0      0      0      0      0      0      0      0      0      0      0      0      0     
0x7011c4a70              FFMA R13, R0, R0, R3                                   0      0      0      0      0      0      0      0      0      -      -      -      0      0      0      0      0      -      0      0      0      0      0      0      0      0      0      0      0      0      0      0      0      0      0      0      0      0      0      0      0      0      0      0      0      0      0      0      0      0      0      0      0      0      0      0      0      0     
0x7011c4a80              BRA.DIV UR4, 0x7011c5b60                               0      0      0      0      0      0      0      0      0      -      -      -      0      0      0      0      0      -      0      0      0      0      0      0      0      0      0      0      0      0      0      0      0      0      0      0      0      0      0      0      0      0      0      0      0      0      0      0      0      0      0      0      0      0      0      0      0      0     
0x7011c4a90              SHFL.BFLY PT, R14, R13, 0x10, 0x1f                     0      0      0      0      0      0      0      0      0      -      -      -      0      0      0      0      0      -      0      0      0      0      0      0      0      0      0      0      0      0      0      0      0      0      0      0      0      0      0      0      0      0      0      0      0      0      0      0      0      0      0      0      0      0      0      0      0      0     
0x7011c4aa0              FADD R0, R13, R14                                      0      0      0      0      0      0      0      0      0      -      -      -      0      0      0      0      0      -      0      0      0      0      0      0      0      0      0      0      0      0      0      0      0      0      0      0      0      0      0      0      0      0      0      0      0      0      0      0      0      0      0      0      0      0      0      0      0      0     
0x7011c4ab0              SHFL.BFLY PT, R14, R0, 0x8, 0x1f                       0      0      0      0      0      0      0      0      0      -      -      -      0      0      0      0      0      -      0      0      0      0      0      0      0      0      0      0      0      0      0      0      0      0      0      0      0      0      0      0      0      0      0      0      0      0      0      0      0      0      0      0      0      0      0      0      0      0     
0x7011c4ac0              FADD R2, R0, R14                                       0      0      0      0      0      0      0      0      0      -      -      -      0      0      0      0      0      -      0      0      0      0      0      0      0      0      0      0      0      0      0      0      0      0      0      0      0      0      0      0      0      0      0      0      0      0      0      0      0      0      0      0      0      0      0      0      0      0     
0x7011c4ad0              SHFL.BFLY PT, R14, R2, 0x4, 0x1f                       0      0      0      0      0      0      0      0      0      -      -      -      0      0      0      0      0      -      0      0      0      0      0      0      0      0      0      0      0      0      0      0      0      0      0      0      0      0      0      0      0      0      0      0      0      0      0      0      0      0      0      0      0      0      0      0      0      0     
0x7011c4ae0              FADD R3, R2, R14                                       0      0      0      0      0      0      0      0      0      -      -      -      0      0      0      0      0      -      0      0      0      0      0      0      0      0      0      0      0      0      0      0      0      0      0      0      0      0      0      0      0      0      0      0      0      0      0      0      0      0      0      0      0      0      0      0      0      0     
0x7011c4af0              SHFL.BFLY PT, R14, R3, 0x2, 0x1f                       0      0      0      0      0      0      0      0      0      -      -      -      0      0      0      0      0      -      0      0      0      0      0      0      0      0      0      0      0      0      0      0      0      0      0      0      0      0      0      0      0      0      0      0      0      0      0      0      0      0      0      0      0      0      0      0      0      0     
0x7011c4b00              FADD R8, R3, R14                                       0      0      0      0      0      0      0      0      0      -      -      -      0      0      0      0      0      -      0      0      0      0      0      0      0      0      0      0      0      0      0      0      0      0      0      0      0      0      0      0      0      0      0      0      0      0      0      0      0      0      0      0      0      0      0      0      0      0     
0x7011c4b10              SHFL.BFLY PT, R14, R8, 0x1, 0x1f                       0      0      0      0      0      0      0      0      0      -      -      -      0      0      0      0      0      -      0      0      0      0      0      0      0      0      0      0      0      0      0      0      0      0      0      0      0      0      0      0      0      0      0      0      0      0      0      0      0      0      0      0      0      0      0      0      0      0     
0x7011c4b20              FADD R14, R8, R14                                      0      0      0      0      0      0      0      0      0      -      -      -      0      0      0      0      0      -      0      0      0      0      0      0      0      0      0      0      0      0      0      0      0      0      0      0      0      0      0      0      0      0      0      0      0      0      0      0      0      0      0      0      0      0      0      0      0      0     
0x7011c4b30              BRA 0x7011c4e50                                        0      0      0      0      0      0      0      0      0      -      -      -      0      0      0      0      0      -      0      0      0      0      0      0      0      0      0      0      0      0      0      0      0      0      0      0      0      0      0      0      0      0      0      0      0      0      0      0      0      0      0      0      0      0      0      0      0      0     
0x7011c4b40              LOP3.LUT R13, R29, 0x20, RZ, 0xfc, !PT                 0      0      0      0      0      0      0      0      0      -      -      -      0      0      0      0      0      -      0      0      0      0      0      0      0      0      0      0      0      0      0      0      0      0      0      0      0      0      0      0      0      0      0      0      0      0      0      0      0      0      0      0      0      0      0      0      0      0     
0x7011c4b50              IMAD R33, R15, R29, RZ                                 0      0      0      0      0      0      0      0      0      -      -      -      0      0      0      0      0      -      0      0      0      0      0      0      0      0      0      0      0      0      0      0      0      0      0      0      0      0      0      0      0      0      0      0      0      0      0      0      0      0      0      0      0      0      0      0      0      0     
0x7011c4b60              LOP3.LUT R9, R29, 0x40, RZ, 0xfc, !PT                  0      0      0      0      0      0      0      0      0      -      -      -      0      0      0      0      0      -      0      0      0      0      0      0      0      0      0      0      0      0      0      0      0      0      0      0      0      0      0      0      0      0      0      0      0      0      0      0      0      0      0      0      0      0      0      0      0      0     
0x7011c4b70              LOP3.LUT R35, R29, 0x60, RZ, 0xfc, !PT                 0      0      0      0      0      0      0      0      0      -      -      -      0      0      0      0      0      -      0      0      0      0      0      0      0      0      0      0      0      0      0      0      0      0      0      0      0      0      0      0      0      0      0      0      0      0      0      0      0      0      0      0      0      0      0      0      0      0     
0x7011c4b80              IMAD R31, R15, R13, RZ                                 0      0      0      0      0      0      0      0      0      -      -      -      0      0      0      0      0      -      0      0      0      0      0      0      0      0      0      0      0      0      0      0      0      0      0      0      0      0      0      0      0      0      0      0      0      0      0      0      0      0      0      0      0      0      0      0      0      0     
0x7011c4b90              IMAD R23, R15, R9, RZ                                  0      0      0      0      0      0      0      0      0      -      -      -      0      0      0      0      0      -      0      0      0      0      0      0      0      0      0      0      0      0      0      0      0      0      0      0      0      0      0      0      0      0      0      0      0      0      0      0      0      0      0      0      0      0      0      0      0      0     
0x7011c4ba0              IMAD.WIDE.U32 R28, R29, R14, R10                       0      0      0      0      0      0      0      0      0      -      -      -      0      0      0      0      0      -      0      0      0      0      0      0      0      0      0      0      0      0      0      0      0      0      0      0      0      0      0      0      0      0      0      0      0      0      0      0      0      0      0      0      0      0      0      0      0      0     
0x7011c4bb0              IMAD.WIDE.U32 R12, R14, R13, R10                       0      0      0      0      0      0      0      0      0      -      -      -      0      0      0      0      0      -      0      0      0      0      0      0      0      0      0      0      0      0      0      0      0      0      0      0      0      0      0      0      0      0      0      0      0      0      0      0      0      0      0      0      0      0      0      0      0      0     
0x7011c4bc0              IMAD.WIDE.U32 R8, R14, R9, R10                         0      0      0      0      0      0      0      0      0      -      -      -      0      0      0      0      0      -      0      0      0      0      0      0      0      0      0      0      0      0      0      0      0      0      0      0      0      0      0      0      0      0      0      0      0      0      0      0      0      0      0      0      0      0      0      0      0      0     
0x7011c4bd0              IADD3 R13, R13, R31, RZ                                0      0      0      0      0      0      0      0      0      -      -      -      0      0      0      0      0      -      0      0      0      0      0      0      0      0      0      0      0      0      0      0      0      0      0      0      0      0      0      0      0      0      0      0      0      0      0      0      0      0      0      0      0      0      0      0      0      0     
0x7011c4be0              IMAD.WIDE.U32 R10, R14, R35, R10                       0      0      0      0      0      0      0      0      0      -      -      -      0      0      0      0      0      -      0      0      0      0      0      0      0      0      0      0      0      0      0      0      0      0      0      0      0      0      0      0      0      0      0      0      0      0      0      0      0      0      0      0      0      0      0      0      0      0     
0x7011c4bf0              IADD3 R9, R9, R23, RZ                                  0      0      0      0      0      0      0      0      0      -      -      -      0      0      0      0      0      -      0      0      0      0      0      0      0      0      0      0      0      0      0      0      0      0      0      0      0      0      0      0      0      0      0      0      0      0      0      0      0      0      0      0      0      0      0      0      0      0     
0x7011c4c00              MOV R14, R28                                           0      0      0      0      0      0      0      0      0      -      -      -      0      0      0      0      0      -      0      0      0      0      0      0      0      0      0      0      0      0      0      0      0      0      0      0      0      0      0      0      0      0      0      0      0      0      0      0      0      0      0      0      0      0      0      0      0      0     
0x7011c4c10              IADD.64 R12, R12, R12                                  0      0      0      0      0      0      0      0      0      -      -      -      0      0      0      0      0      -      0      0      0      0      0      0      0      0      0      0      0      0      0      0      0      0      0      0      0      0      0      0      0      0      0      0      0      0      0      0      0      0      0      0      0      0      0      0      0      0     
0x7011c4c20              IMAD R35, R15, R35, RZ                                 0      0      0      0      0      0      0      0      0      -      -      -      0      0      0      0      0      -      0      0      0      0      0      0      0      0      0      0      0      0      0      0      0      0      0      0      0      0      0      0      0      0      0      0      0      0      0      0      0      0      0      0      0      0      0      0      0      0     
0x7011c4c30              IADD3 R15, R29, R33, RZ                                0      0      0      0      0      0      0      0      0      -      -      -      0      0      0      0      0      -      0      0      0      0      0      0      0      0      0      0      0      0      0      0      0      0      0      0      0      0      0      0      0      0      0      0      0      0      0      0      0      0      0      0      0      0      0      0      0      0     
0x7011c4c40              IADD.64 R8, R8, R8                                     0      0      0      0      0      0      0      0      0      -      -      -      0      0      0      0      0      -      0      0      0      0      0      0      0      0      0      0      0      0      0      0      0      0      0      0      0      0      0      0      0      0      0      0      0      0      0      0      0      0      0      0      0      0      0      0      0      0     
0x7011c4c50              IADD3 R11, R11, R35, RZ                                0      0      0      0      0      0      0      0      0      -      -      -      0      0      0      0      0      -      0      0      0      0      0      0      0      0      0      0      0      0      0      0      0      0      0      0      0      0      0      0      0      0      0      0      0      0      0      0      0      0      0      0      0      0      0      0      0      0     
0x7011c4c60              IADD.64 R14, R14, R14                                  0      0      0      0      0      0      0      0      0      -      -      -      0      0      0      0      0      -      0      0      0      0      0      0      0      0      0      0      0      0      0      0      0      0      0      0      0      0      0      0      0      0      0      0      0      0      0      0      0      0      0      0      0      0      0      0      0      0     
0x7011c4c70              IADD.64 R28, R10, R10                                  0      0      0      0      0      0      0      0      0      -      -      -      0      0      0      0      0      -      0      0      0      0      0      0      0      0      0      0      0      0      0      0      0      0      0      0      0      0      0      0      0      0      0      0      0      0      0      0      0      0      0      0      0      0      0      0      0      0     
0x7011c4c80              IADD.64 R10, R2, R8                                    0      0      0      0      0      0      0      0      0      -      -      -      0      0      0      0      0      -      0      0      0      0      0      0      0      0      0      0      0      0      0      0      0      0      0      0      0      0      0      0      0      0      0      0      0      0      0      0      0      0      0      0      0      0      0      0      0      0     
0x7011c4c90              IADD.64 R8, R2, R28                                    0      0      0      0      0      0      0      0      0      -      -      -      0      0      0      0      0      -      0      0      0      0      0      0      0      0      0      0      0      0      0      0      0      0      0      0      0      0      0      0      0      0      0      0      0      0      0      0      0      0      0      0      0      0      0      0      0      0     
0x7011c4ca0              IADD.64 R14, R2, R14                                   0      0      0      0      0      0      0      0      0      -      -      -      0      0      0      0      0      -      0      0      0      0      0      0      0      0      0      0      0      0      0      0      0      0      0      0      0      0      0      0      0      0      0      0      0      0      0      0      0      0      0      0      0      0      0      0      0      0     
0x7011c4cb0              IADD.64 R2, R2, R12                                    0      0      0      0      0      0      0      0      0      -      -      -      0      0      0      0      0      -      0      0      0      0      0      0      0      0      0      0      0      0      0      0      0      0      0      0      0      0      0      0      0      0      0      0      0      0      0      0      0      0      0      0      0      0      0      0      0      0     
0x7011c4cc0              LDG.E.U16 R10, desc[UR36][R10.64]                      0      0      0      0      0      0      0      0      0                           0      0      0      0      0             0      0      0      0      0      0      0      0      0      0      0      0      0      0      0      0      0      0      0      0      0      0      0      0      0      0      0      0      0      0      0      0      0      0      0      0      0      0      0      0     
0x7011c4cd0              LDG.E.U16 R8, desc[UR36][R8.64]                        0      0      0      0      0      0      0      0      0                           0      0      0      0      0             0      0      0      0      0      0      0      0      0      0      0      0      0      0      0      0      0      0      0      0      0      0      0      0      0      0      0      0      0      0      0      0      0      0      0      0      0      0      0      0     
0x7011c4ce0              LDG.E.U16 R14, desc[UR36][R14.64]                      0      0      0      0      0      0      0      0      0                           0      0      0      0      0             0      0      0      0      0      0      0      0      0      0      0      0      0      0      0      0      0      0      0      0      0      0      0      0      0      0      0      0      0      0      0      0      0      0      0      0      0      0      0      0     
0x7011c4cf0              LDG.E.U16 R2, desc[UR36][R2.64]                        0      0      0      0      0      0      0      0      0                           0      0      0      0      0             0      0      0      0      0      0      0      0      0      0      0      0      0      0      0      0      0      0      0      0      0      0      0      0      0      0      0      0      0      0      0      0      0      0      0      0      0      0      0      0     
0x7011c4d00              UMOV UR4, 0xffffffff                                   0      0      0      0      0      0      0      0      0      -      -      -      0      0      0      0      0      -      0      0      0      0      0      0      0      0      0      0      0      0      0      0      0      0      0      0      0      0      0      0      0      0      0      0      0      0      0      0      0      0      0      0      0      0      0      0      0      0     
0x7011c4d10              IMAD.U32 R13, R10, 0x10000, RZ                         0      0      0      0      0      0      0      0      0      -      -      -      0      0      0      0      0      -      0      0      0      0      0      0      0      0      0      0      0      0      0      0      0      0      0      0      0      0      0      0      0      0      0      0      0      0      0      0      0      0      0      0      0      0      0      0      0      0     
0x7011c4d20              IMAD.U32 R23, R8, 0x10000, RZ                          0      0      0      0      0      0      0      0      0      -      -      -      0      0      0      0      0      -      0      0      0      0      0      0      0      0      0      0      0      0      0      0      0      0      0      0      0      0      0      0      0      0      0      0      0      0      0      0      0      0      0      0      0      0      0      0      0      0     
0x7011c4d30              FMUL R13, R13, R13                                     0      0      0      0      0      0      0      0      0      -      -      -      0      0      0      0      0      -      0      0      0      0      0      0      0      0      0      0      0      0      0      0      0      0      0      0      0      0      0      0      0      0      0      0      0      0      0      0      0      0      0      0      0      0      0      0      0      0     
0x7011c4d40              IMAD.U32 R0, R14, 0x10000, RZ                          0      0      0      0      0      0      0      0      0      -      -      -      0      0      0      0      0      -      0      0      0      0      0      0      0      0      0      0      0      0      0      0      0      0      0      0      0      0      0      0      0      0      0      0      0      0      0      0      0      0      0      0      0      0      0      0      0      0     
0x7011c4d50              FMUL R23, R23, R23                                     0      0      0      0      0      0      0      0      0      -      -      -      0      0      0      0      0      -      0      0      0      0      0      0      0      0      0      0      0      0      0      0      0      0      0      0      0      0      0      0      0      0      0      0      0      0      0      0      0      0      0      0      0      0      0      0      0      0     
0x7011c4d60              IMAD.U32 R12, R2, 0x10000, RZ                          0      0      0      0      0      0      0      0      0      -      -      -      0      0      0      0      0      -      0      0      0      0      0      0      0      0      0      0      0      0      0      0      0      0      0      0      0      0      0      0      0      0      0      0      0      0      0      0      0      0      0      0      0      0      0      0      0      0     
0x7011c4d70              FFMA R13, R0, R0, R13                                  0      0      0      0      0      0      0      0      0      -      -      -      0      0      0      0      0      -      0      0      0      0      0      0      0      0      0      0      0      0      0      0      0      0      0      0      0      0      0      0      0      0      0      0      0      0      0      0      0      0      0      0      0      0      0      0      0      0     
0x7011c4d80              FFMA R12, R12, R12, R23                                0      0      0      0      0      0      0      0      0      -      -      -      0      0      0      0      0      -      0      0      0      0      0      0      0      0      0      0      0      0      0      0      0      0      0      0      0      0      0      0      0      0      0      0      0      0      0      0      0      0      0      0      0      0      0      0      0      0     
0x7011c4d90              FADD R13, R13, R12                                     0      0      0      0      0      0      0      0      0      -      -      -      0      0      0      0      0      -      0      0      0      0      0      0      0      0      0      0      0      0      0      0      0      0      0      0      0      0      0      0      0      0      0      0      0      0      0      0      0      0      0      0      0      0      0      0      0      0     
0x7011c4da0              BRA.DIV UR4, 0x7011c5d50                               0      0      0      0      0      0      0      0      0      -      -      -      0      0      0      0      0      -      0      0      0      0      0      0      0      0      0      0      0      0      0      0      0      0      0      0      0      0      0      0      0      0      0      0      0      0      0      0      0      0      0      0      0      0      0      0      0      0     
0x7011c4db0              SHFL.BFLY PT, R14, R13, 0x8, 0x1f                      0      0      0      0      0      0      0      0      0      -      -      -      0      0      0      0      0      -      0      0      0      0      0      0      0      0      0      0      0      0      0      0      0      0      0      0      0      0      0      0      0      0      0      0      0      0      0      0      0      0      0      0      0      0      0      0      0      0     
0x7011c4dc0              FADD R0, R13, R14                                      0      0      0      0      0      0      0      0      0      -      -      -      0      0      0      0      0      -      0      0      0      0      0      0      0      0      0      0      0      0      0      0      0      0      0      0      0      0      0      0      0      0      0      0      0      0      0      0      0      0      0      0      0      0      0      0      0      0     
0x7011c4dd0              SHFL.BFLY PT, R14, R0, 0x4, 0x1f                       0      0      0      0      0      0      0      0      0      -      -      -      0      0      0      0      0      -      0      0      0      0      0      0      0      0      0      0      0      0      0      0      0      0      0      0      0      0      0      0      0      0      0      0      0      0      0      0      0      0      0      0      0      0      0      0      0      0     
0x7011c4de0              FADD R2, R0, R14                                       0      0      0      0      0      0      0      0      0      -      -      -      0      0      0      0      0      -      0      0      0      0      0      0      0      0      0      0      0      0      0      0      0      0      0      0      0      0      0      0      0      0      0      0      0      0      0      0      0      0      0      0      0      0      0      0      0      0     
0x7011c4df0              SHFL.BFLY PT, R14, R2, 0x2, 0x1f                       0      0      0      0      0      0      0      0      0      -      -      -      0      0      0      0      0      -      0      0      0      0      0      0      0      0      0      0      0      0      0      0      0      0      0      0      0      0      0      0      0      0      0      0      0      0      0      0      0      0      0      0      0      0      0      0      0      0     
0x7011c4e00              FADD R3, R2, R14                                       0      0      0      0      0      0      0      0      0      -      -      -      0      0      0      0      0      -      0      0      0      0      0      0      0      0      0      0      0      0      0      0      0      0      0      0      0      0      0      0      0      0      0      0      0      0      0      0      0      0      0      0      0      0      0      0      0      0     
0x7011c4e10              SHFL.BFLY PT, R14, R3, 0x1, 0x1f                       0      0      0      0      0      0      0      0      0      -      -      -      0      0      0      0      0      -      0      0      0      0      0      0      0      0      0      0      0      0      0      0      0      0      0      0      0      0      0      0      0      0      0      0      0      0      0      0      0      0      0      0      0      0      0      0      0      0     
0x7011c4e20              FADD R8, R3, R14                                       0      0      0      0      0      0      0      0      0      -      -      -      0      0      0      0      0      -      0      0      0      0      0      0      0      0      0      0      0      0      0      0      0      0      0      0      0      0      0      0      0      0      0      0      0      0      0      0      0      0      0      0      0      0      0      0      0      0     
0x7011c4e30              SHFL.BFLY PT, R14, R8, 0x10, 0x1f                      0      0      0      0      0      0      0      0      0      -      -      -      0      0      0      0      0      -      0      0      0      0      0      0      0      0      0      0      0      0      0      0      0      0      0      0      0      0      0      0      0      0      0      0      0      0      0      0      0      0      0      0      0      0      0      0      0      0     
0x7011c4e40              FADD R14, R8, R14                                      0      0      0      0      0      0      0      0      0      -      -      -      0      0      0      0      0      -      0      0      0      0      0      0      0      0      0      0      0      0      0      0      0      0      0      0      0      0      0      0      0      0      0      0      0      0      0      0      0      0      0      0      0      0      0      0      0      0     
0x7011c4e50              BSYNC B0                                               0      0      0      24     768    768    32     32     0      -      -      -      0      0      0      0      0      -      0      0      0      0      0      0      0      0      0      0      0      0      0      0      0      0      0      0      0      0      0      0      0      0      0      0      0      0      0      0      0      0      0      0      0      0      0      0      0      0     
0x7011c4e60              LDCU.64 UR4, c[0x0][0x3f8]                             0      0      0      24     768    768    32     32     0      -      -      -      0      0      0      0      0      -      0      0      0      0      0      0      0      0      0      0      0      0      0      0      0      0      0      0      0      0      0      0      0      0      0      0      0      0      0      0      0      0      0      0      0      0      0      0      0      0     
0x7011c4e70              IMAD R9, R5, R16, RZ                                   0      0      0      24     768    768    32     32     0      -      -      -      0      0      0      0      0      -      0      0      0      0      0      0      0      0      0      0      0      0      0      0      0      0      0      0      0      0      0      0      0      0      0      0      0      0      0      0      0      0      0      0      0      0      0      0      0      0     
0x7011c4e80              IMAD.WIDE.U32 R2, R4, R16, RZ                          0      0      0      24     768    768    32     32     0      -      -      -      0      0      0      0      0      -      0      0      0      0      0      0      0      0      0      0      0      0      0      0      0      0      0      0      0      0      0      0      0      0      0      0      0      0      0      0      0      0      0      0      0      0      0      0      0      0     
0x7011c4e90              LDCU.64 UR6, c[0x0][0x3a0]                             0      0      0      24     768    768    32     32     0      -      -      -      0      0      0      0      0      -      0      0      0      0      0      0      0      0      0      0      0      0      0      0      0      0      0      0      0      0      0      0      0      0      0      0      0      0      0      0      0      0      0      0      0      0      0      0      0      0     
0x7011c4ea0              IMAD R13, R5, R19, RZ                                  0      0      0      24     768    768    32     32     0      -      -      -      0      0      0      0      0      -      0      0      0      0      0      0      0      0      0      0      0      0      0      0      0      0      0      0      0      0      0      0      0      0      0      0      0      0      0      0      0      0      0      0      0      0      0      0      0      0     
0x7011c4eb0              IADD3 R3, R3, R9, RZ                                   0      0      0      24     768    768    32     32     0      -      -      -      0      0      0      0      0      -      0      0      0      0      0      0      0      0      0      0      0      0      0      0      0      0      0      0      0      0      0      0      0      0      0      0      0      0      0      0      0      0      0      0      0      0      0      0      0      0     
0x7011c4ec0              IMAD.WIDE.U32 R10, R4, R19, RZ                         0      0      0      24     768    768    32     32     0      -      -      -      0      0      0      0      0      -      0      0      0      0      0      0      0      0      0      0      0      0      0      0      0      0      0      0      0      0      0      0      0      0      0      0      0      0      0      0      0      0      0      0      0      0      0      0      0      0     
0x7011c4ed0              IADD.64 R2, R2, R2                                     0      0      0      24     768    768    32     32     0      -      -      -      0      0      0      0      0      -      0      0      0      0      0      0      0      0      0      0      0      0      0      0      0      0      0      0      0      0      0      0      0      0      0      0      0      0      0      0      0      0      0      0      0      0      0      0      0      0     
0x7011c4ee0              IADD3 R11, R11, R13, RZ                                0      0      0      24     768    768    32     32     0      -      -      -      0      0      0      0      0      -      0      0      0      0      0      0      0      0      0      0      0      0      0      0      0      0      0      0      0      0      0      0      0      0      0      0      0      0      0      0      0      0      0      0      0      0      0      0      0      0     
0x7011c4ef0              IADD.64 R4, R4, R4                                     0      0      0      24     768    768    32     32     0      -      -      -      0      0      0      0      0      -      0      0      0      0      0      0      0      0      0      0      0      0      0      0      0      0      0      0      0      0      0      0      0      0      0      0      0      0      0      0      0      0      0      0      0      0      0      0      0      0     
0x7011c4f00              IADD.64 R8, R6, R2                                     0      0      0      24     768    768    32     32     0      -      -      -      0      0      0      0      0      -      0      0      0      0      0      0      0      0      0      0      0      0      0      0      0      0      0      0      0      0      0      0      0      0      0      0      0      0      0      0      0      0      0      0      0      0      0      0      0      0     
0x7011c4f10              IADD.64 R10, R10, R10                                  0      0      0      24     768    768    32     32     0      -      -      -      0      0      0      0      0      -      0      0      0      0      0      0      0      0      0      0      0      0      0      0      0      0      0      0      0      0      0      0      0      0      0      0      0      0      0      0      0      0      0      0      0      0      0      0      0      0     
0x7011c4f20              IMAD R13, R17, UR4, RZ                                 0      0      0      24     768    768    32     32     0      -      -      -      0      0      0      0      0      -      0      0      0      0      0      0      0      0      0      0      0      0      0      0      0      0      0      0      0      0      0      0      0      0      0      0      0      0      0      0      0      0      0      0      0      0      0      0      0      0     
0x7011c4f30              IADD.64 R10, R6, R10                                   0      0      0      24     768    768    32     32     0      -      -      -      0      0      0      0      0      -      0      0      0      0      0      0      0      0      0      0      0      0      0      0      0      0      0      0      0      0      0      0      0      0      0      0      0      0      0      0      0      0      0      0      0      0      0      0      0      0     
0x7011c4f40              IADD.64 R6, R8, R4                                     0      0      0      24     768    768    32     32     0      -      -      -      0      0      0      0      0      -      0      0      0      0      0      0      0      0      0      0      0      0      0      0      0      0      0      0      0      0      0      0      0      0      0      0      0      0      0      0      0      0      0      0      0      0      0      0      0      0     
0x7011c4f50              IADD.64 R4, R4, R10                                    0      0      0      24     768    768    32     32     0      -      -      -      0      0      0      0      0      -      0      0      0      0      0      0      0      0      0      0      0      0      0      0      0      0      0      0      0      0      0      0      0      0      0      0      0      0      0      0      0      0      0      0      0      0      0      0      0      0     
0x7011c4f60              IMAD R13, R22, UR5, R13                                0      0      0      24     768    768    32     32     0      -      -      -      0      0      0      0      0      -      0      0      0      0      0      0      0      0      0      0      0      0      0      0      0      0      0      0      0      0      0      0      0      0      0      0      0      0      0      0      0      0      0      0      0      0      0      0      0      0     
0x7011c4f70              LDG.E.U16 R0, desc[UR36][R8.64]                        0      0      0      24     768    768    32     32     0      Global Load   16     24     0      48     96     48            0      0      0      0      0      0      0      0      0      0      0      0      0      0      0      0      0      0      0      0      0      0      0      0      0      0      0      0      0      0      0      0      0      0      0      0      0      0      0      0     
0x7011c4f80              IMAD.WIDE.U32 R22, R22, UR4, RZ                        0      0      0      24     768    768    32     32     0      -      -      -      0      0      0      0      0      -      0      0      0      0      0      0      0      0      0      0      0      0      0      0      0      0      0      0      0      0      0      0      0      0      0      0      0      0      0      0      0      0      0      0      0      0      0      0      0      0     
0x7011c4f90              LDCU UR4, c[0x0][0x418]                                0      0      0      24     768    768    32     32     0      -      -      -      0      0      0      0      0      -      0      0      0      0      0      0      0      0      0      0      0      0      0      0      0      0      0      0      0      0      0      0      0      0      0      0      0      0      0      0      0      0      0      0      0      0      0      0      0      0     
0x7011c4fa0              LDG.E.U16 R2, desc[UR36][R10.64]                       0      0      0      24     768    768    32     32     0      Global Load   16     24     0      48     96     48            0      0      0      0      0      0      0      0      0      0      0      0      0      0      0      0      0      0      0      0      0      0      0      0      0      0      0      0      0      0      0      0      0      0      0      0      0      0      0      0     
0x7011c4fb0              LDG.E.U16 R3, desc[UR36][R6.64]                        0      0      0      24     768    768    32     32     0      Global Load   16     24     0      48     96     48            0      0      0      0      0      0      0      0      0      0      0      0      0      0      0      0      0      0      0      0      0      0      0      0      0      0      0      0      0      0      0      0      0      0      0      0      0      0      0      0     
0x7011c4fc0              IADD3 R9, R23, R13, RZ                                 0      0      0      24     768    768    32     32     0      -      -      -      0      0      0      0      0      -      0      0      0      0      0      0      0      0      0      0      0      0      0      0      0      0      0      0      0      0      0      0      0      0      0      0      0      0      0      0      0      0      0      0      0      0      0      0      0      0     
0x7011c4fd0              LEA R8, P0, R22, UR6, 0x3                              0      0      0      24     768    768    32     32     0      -      -      -      0      0      0      0      0      -      0      0      0      0      0      0      0      0      0      0      0      0      0      0      0      0      0      0      0      0      0      0      0      0      0      0      0      0      0      0      0      0      0      0      0      0      0      0      0      0     
0x7011c4fe0              LDG.E.U16 R4, desc[UR36][R4.64]                        0      0      0      24     768    768    32     32     0      Global Load   16     24     0      48     96     48            0      0      0      0      0      0      0      0      0      0      0      0      0      0      0      0      0      0      0      0      0      0      0      0      0      0      0      0      0      0      0      0      0      0      0      0      0      0      0      0     
0x7011c4ff0              LEA.HI.X R9, R22, UR7, R9, 0x3, P0                     0      0      0      24     768    768    32     32     0      -      -      -      0      0      0      0      0      -      0      0      0      0      0      0      0      0      0      0      0      0      0      0      0      0      0      0      0      0      0      0      0      0      0      0      0      0      0      0      0      0      0      0      0      0      0      0      0      0     
0x7011c5000              LDG.E.64 R22, desc[UR36][R8.64]                        0      0      0      24     768    768    32     32     0      Global Load   64     24     0      0      24     24            0      0      0      0      0      0      0      0      0      0      0      0      0      0      0      0      0      0      0      0      0      0      0      0      0      0      0      0      0      0      0      0      0      0      0      0      0      0      0      0     
0x7011c5010              FMUL R14, R14, 0.0078125                               0      0      0      24     768    768    32     32     0      -      -      -      0      0      0      0      0      -      0      0      0      0      0      0      0      0      0      0      0      0      0      0      0      0      0      0      0      0      0      0      0      0      0      0      0      0      0      0      0      0      0      0      0      0      0      0      0      0     
0x7011c5020              BSSY.RECONVERGENT B6, 0x7011c52e0                      0      0      0      24     768    768    32     32     0      -      -      -      0      0      0      0      0      -      0      0      0      0      0      0      0      0      0      0      0      0      0      0      0      0      0      0      0      0      0      0      0      0      0      0      0      0      0      0      0      0      0      0      0      0      0      0      0      0     
0x7011c5030              FADD R14, R14, UR4                                     0      0      0      24     768    768    32     32     0      -      -      -      0      0      0      0      0      -      0      0      0      0      0      0      0      0      0      0      0      0      0      0      0      0      0      0      0      0      0      0      0      0      0      0      0      0      0      0      0      0      0      0      0      0      0      0      0      0     
0x7011c5040              LDCU.64 UR4, c[0x0][0x410]                             0      0      0      24     768    768    32     32     0      -      -      -      0      0      0      0      0      -      0      0      0      0      0      0      0      0      0      0      0      0      0      0      0      0      0      0      0      0      0      0      0      0      0      0      0      0      0      0      0      0      0      0      0      0      0      0      0      0     
0x7011c5050              MUFU.RSQ R14, R14                                      0      0      0      24     768    768    32     32     0      -      -      -      0      0      0      0      0      -      0      0      0      0      0      0      0      0      0      0      0      0      0      0      0      0      0      0      0      0      0      0      0      0      0      0      0      0      0      0      0      0      0      0      0      0      0      0      0      0     
0x7011c5060              FMUL R7, R20, R14                                      0      0      0      24     768    768    32     32     0      -      -      -      0      0      0      0      0      -      0      0      0      0      0      0      0      0      0      0      0      0      0      0      0      0      0      0      0      0      0      0      0      0      0      0      0      0      0      0      0      0      0      0      0      0      0      0      0      0     
0x7011c5070              FMUL R21, R21, R14                                     0      0      0      24     768    768    32     32     0      -      -      -      0      0      0      0      0      -      0      0      0      0      0      0      0      0      0      0      0      0      0      0      0      0      0      0      0      0      0      0      0      0      0      0      0      0      0      0      0      0      0      0      0      0      0      0      0      0     
0x7011c5080              FMUL R26, R26, R14                                     0      0      0      24     768    768    32     32     0      -      -      -      0      0      0      0      0      -      0      0      0      0      0      0      0      0      0      0      0      0      0      0      0      0      0      0      0      0      0      0      0      0      0      0      0      0      0      0      0      0      0      0      0      0      0      0      0      0     
0x7011c5090              FMUL R27, R27, R14                                     0      0      0      24     768    768    32     32     0      -      -      -      0      0      0      0      0      -      0      0      0      0      0      0      0      0      0      0      0      0      0      0      0      0      0      0      0      0      0      0      0      0      0      0      0      0      0      0      0      0      0      0      0      0      0      0      0      0     
0x7011c50a0              IMAD.U32 R0, R0, 0x10000, RZ                           0      0      0      24     768    768    32     32     0      -      -      -      0      0      0      0      0      -      0      0      0      0      0      0      0      0      0      0      0      0      0      0      0      0      0      0      0      0      0      0      0      0      0      0      0      0      0      0      0      0      0      0      0      0      0      0      0      0     
0x7011c50b0              IMAD.U32 R2, R2, 0x10000, RZ                           0      0      0      24     768    768    32     32     0      -      -      -      0      0      0      0      0      -      0      0      0      0      0      0      0      0      0      0      0      0      0      0      0      0      0      0      0      0      0      0      0      0      0      0      0      0      0      0      0      0      0      0      0      0      0      0      0      0     
0x7011c50c0              FMUL R0, R0, R7                                        0      0      0      24     768    768    32     32     0      -      -      -      0      0      0      0      0      -      0      0      0      0      0      0      0      0      0      0      0      0      0      0      0      0      0      0      0      0      0      0      0      0      0      0      0      0      0      0      0      0      0      0      0      0      0      0      0      0     
0x7011c50d0              IMAD.U32 R3, R3, 0x10000, RZ                           0      0      0      24     768    768    32     32     0      -      -      -      0      0      0      0      0      -      0      0      0      0      0      0      0      0      0      0      0      0      0      0      0      0      0      0      0      0      0      0      0      0      0      0      0      0      0      0      0      0      0      0      0      0      0      0      0      0     
0x7011c50e0              FMUL R2, R2, R21                                       0      0      0      24     768    768    32     32     0      -      -      -      0      0      0      0      0      -      0      0      0      0      0      0      0      0      0      0      0      0      0      0      0      0      0      0      0      0      0      0      0      0      0      0      0      0      0      0      0      0      0      0      0      0      0      0      0      0     
0x7011c50f0              F2F.BF16.F32 R0, R0                                    0      0      0      24     768    768    32     32     0      -      -      -      0      0      0      0      0      -      0      0      0      0      0      0      0      0      0      0      0      0      0      0      0      0      0      0      0      0      0      0      0      0      0      0      0      0      0      0      0      0      0      0      0      0      0      0      0      0     
0x7011c5100              IMAD.U32 R4, R4, 0x10000, RZ                           0      0      0      24     768    768    32     32     0      -      -      -      0      0      0      0      0      -      0      0      0      0      0      0      0      0      0      0      0      0      0      0      0      0      0      0      0      0      0      0      0      0      0      0      0      0      0      0      0      0      0      0      0      0      0      0      0      0     
0x7011c5110              FMUL R3, R3, R26                                       0      0      0      24     768    768    32     32     0      -      -      -      0      0      0      0      0      -      0      0      0      0      0      0      0      0      0      0      0      0      0      0      0      0      0      0      0      0      0      0      0      0      0      0      0      0      0      0      0      0      0      0      0      0      0      0      0      0     
0x7011c5120              FMUL R4, R4, R27                                       0      0      0      24     768    768    32     32     0      -      -      -      0      0      0      0      0      -      0      0      0      0      0      0      0      0      0      0      0      0      0      0      0      0      0      0      0      0      0      0      0      0      0      0      0      0      0      0      0      0      0      0      0      0      0      0      0      0     
0x7011c5130              F2F.BF16.F32 R2, R2                                    0      0      0      24     768    768    32     32     0      -      -      -      0      0      0      0      0      -      0      0      0      0      0      0      0      0      0      0      0      0      0      0      0      0      0      0      0      0      0      0      0      0      0      0      0      0      0      0      0      0      0      0      0      0      0      0      0      0     
0x7011c5140              ISETP.GE.S64.AND P0, PT, R22, UR4, PT                  0      0      0      24     768    768    32     32     0      -      -      -      0      0      0      0      0      -      0      0      0      0      0      0      0      0      0      0      0      0      0      0      0      0      0      0      0      0      0      0      0      0      0      0      0      0      0      0      0      0      0      0      0      0      0      0      0      0     
0x7011c5150              ISETP.GT.S64.AND P1, PT, R22, -0x1, PT                 0      0      0      24     768    768    32     32     0      -      -      -      0      0      0      0      0      -      0      0      0      0      0      0      0      0      0      0      0      0      0      0      0      0      0      0      0      0      0      0      0      0      0      0      0      0      0      0      0      0      0      0      0      0      0      0      0      0     
0x7011c5160              IMAD.U32 R29, R0, 0x10000, RZ                          0      0      0      24     768    768    32     32     0      -      -      -      0      0      0      0      0      -      0      0      0      0      0      0      0      0      0      0      0      0      0      0      0      0      0      0      0      0      0      0      0      0      0      0      0      0      0      0      0      0      0      0      0      0      0      0      0      0     
0x7011c5170              F2F.BF16.F32 R3, R3                                    0      0      0      24     768    768    32     32     0      -      -      -      0      0      0      0      0      -      0      0      0      0      0      0      0      0      0      0      0      0      0      0      0      0      0      0      0      0      0      0      0      0      0      0      0      0      0      0      0      0      0      0      0      0      0      0      0      0     
0x7011c5180              IMAD.U32 R28, R2, 0x10000, RZ                          0      0      0      24     768    768    32     32     0      -      -      -      0      0      0      0      0      -      0      0      0      0      0      0      0      0      0      0      0      0      0      0      0      0      0      0      0      0      0      0      0      0      0      0      0      0      0      0      0      0      0      0      0      0      0      0      0      0     
0x7011c5190              F2F.BF16.F32 R4, R4                                    0      0      0      24     768    768    32     32     0      -      -      -      0      0      0      0      0      -      0      0      0      0      0      0      0      0      0      0      0      0      0      0      0      0      0      0      0      0      0      0      0      0      0      0      0      0      0      0      0      0      0      0      0      0      0      0      0      0     
0x7011c51a0              IMAD.U32 R27, R3, 0x10000, RZ                          0      0      0      24     768    768    32     32     0      -      -      -      0      0      0      0      0      -      0      0      0      0      0      0      0      0      0      0      0      0      0      0      0      0      0      0      0      0      0      0      0      0      0      0      0      0      0      0      0      0      0      0      0      0      0      0      0      0     
0x7011c51b0              IMAD.U32 R26, R4, 0x10000, RZ                          0      0      0      24     768    768    32     32     0      -      -      -      0      0      0      0      0      -      0      0      0      0      0      0      0      0      0      0      0      0      0      0      0      0      0      0      0      0      0      0      0      0      0      0      0      0      0      0      0      0      0      0      0      0      0      0      0      0     
0x7011c51c0        @!P0  BRA P1, 0x7011c52d0                                    0      0      0      24     768    768    32     32     0      -      -      -      0      0      0      0      0      -      0      0      0      0      0      0      0      0      0      0      0      0      0      0      0      0      0      0      0      0      0      0      0      0      0      0      0      0      0      0      0      0      0      0      0      0      0      0      0      0     
0x7011c51d0              LDCU.64 UR4, c[0x4][0x70]                              0      0      0      0      0      0      0      0      0      -      -      -      0      0      0      0      0      -      0      0      0      0      0      0      0      0      0      0      0      0      0      0      0      0      0      0      0      0      0      0      0      0      0      0      0      0      0      0      0      0      0      0      0      0      0      0      0      0     
0x7011c51e0              MOV R2, 0x0                                            0      0      0      0      0      0      0      0      0      -      -      -      0      0      0      0      0      -      0      0      0      0      0      0      0      0      0      0      0      0      0      0      0      0      0      0      0      0      0      0      0      0      0      0      0      0      0      0      0      0      0      0      0      0      0      0      0      0     
0x7011c51f0              HFMA2 R8, -RZ, RZ, 0, 3.93390655517578125e-06          0      0      0      0      0      0      0      0      0      -      -      -      0      0      0      0      0      -      0      0      0      0      0      0      0      0      0      0      0      0      0      0      0      0      0      0      0      0      0      0      0      0      0      0      0      0      0      0      0      0      0      0      0      0      0      0      0      0     
0x7011c5200              MOV R12, 0x1                                           0      0      0      0      0      0      0      0      0      -      -      -      0      0      0      0      0      -      0      0      0      0      0      0      0      0      0      0      0      0      0      0      0      0      0      0      0      0      0      0      0      0      0      0      0      0      0      0      0      0      0      0      0      0      0      0      0      0     
0x7011c5210              LDCU.64 UR6, c[0x4][0x78]                              0      0      0      0      0      0      0      0      0      -      -      -      0      0      0      0      0      -      0      0      0      0      0      0      0      0      0      0      0      0      0      0      0      0      0      0      0      0      0      0      0      0      0      0      0      0      0      0      0      0      0      0      0      0      0      0      0      0     
0x7011c5220              HFMA2 R13, -RZ, RZ, 0, 0                               0      0      0      0      0      0      0      0      0      -      -      -      0      0      0      0      0      -      0      0      0      0      0      0      0      0      0      0      0      0      0      0      0      0      0      0      0      0      0      0      0      0      0      0      0      0      0      0      0      0      0      0      0      0      0      0      0      0     
0x7011c5230              LDC.64 R2, c[0x4][R2]                                  0      0      0      0      0      0      0      0      0      -      -      -      0      0      0      0      0      -      0      0      0      0      0      0      0      0      0      0      0      0      0      0      0      0      0      0      0      0      0      0      0      0      0      0      0      0      0      0      0      0      0      0      0      0      0      0      0      0     
0x7011c5240              LDCU.64 UR8, c[0x4][0x10]                              0      0      0      0      0      0      0      0      0      -      -      -      0      0      0      0      0      -      0      0      0      0      0      0      0      0      0      0      0      0      0      0      0      0      0      0      0      0      0      0      0      0      0      0      0      0      0      0      0      0      0      0      0      0      0      0      0      0     
0x7011c5250              MOV R4, UR4                                            0      0      0      0      0      0      0      0      0      -      -      -      0      0      0      0      0      -      0      0      0      0      0      0      0      0      0      0      0      0      0      0      0      0      0      0      0      0      0      0      0      0      0      0      0      0      0      0      0      0      0      0      0      0      0      0      0      0     
0x7011c5260              MOV R5, UR5                                            0      0      0      0      0      0      0      0      0      -      -      -      0      0      0      0      0      -      0      0      0      0      0      0      0      0      0      0      0      0      0      0      0      0      0      0      0      0      0      0      0      0      0      0      0      0      0      0      0      0      0      0      0      0      0      0      0      0     
0x7011c5270              MOV R6, UR6                                            0      0      0      0      0      0      0      0      0      -      -      -      0      0      0      0      0      -      0      0      0      0      0      0      0      0      0      0      0      0      0      0      0      0      0      0      0      0      0      0      0      0      0      0      0      0      0      0      0      0      0      0      0      0      0      0      0      0     
0x7011c5280              MOV R7, UR7                                            0      0      0      0      0      0      0      0      0      -      -      -      0      0      0      0      0      -      0      0      0      0      0      0      0      0      0      0      0      0      0      0      0      0      0      0      0      0      0      0      0      0      0      0      0      0      0      0      0      0      0      0      0      0      0      0      0      0     
0x7011c5290              MOV R10, UR8                                           0      0      0      0      0      0      0      0      0      -      -      -      0      0      0      0      0      -      0      0      0      0      0      0      0      0      0      0      0      0      0      0      0      0      0      0      0      0      0      0      0      0      0      0      0      0      0      0      0      0      0      0      0      0      0      0      0      0     
0x7011c52a0              MOV R11, UR9                                           0      0      0      0      0      0      0      0      0      -      -      -      0      0      0      0      0      -      0      0      0      0      0      0      0      0      0      0      0      0      0      0      0      0      0      0      0      0      0      0      0      0      0      0      0      0      0      0      0      0      0      0      0      0      0      0      0      0     
0x7011c52b0              LEPC R20, 0x7011c52d0                                  0      0      0      0      0      0      0      0      0      -      -      -      0      0      0      0      0      -      0      0      0      0      0      0      0      0      0      0      0      0      0      0      0      0      0      0      0      0      0      0      0      0      0      0      0      0      0      0      0      0      0      0      0      0      0      0      0      0     
0x7011c52c0              CALL.ABS.NOINC R2                                      0      0      0      0      0      0      0      0      0      -      -      -      0      0      0      0      0      -      0      0      0      0      0      0      0      0      0      0      0      0      0      0      0      0      0      0      0      0      0      0      0      0      0      0      0      0      0      0      0      0      0      0      0      0      0      0      0      0     
0x7011c52d0              BSYNC.RECONVERGENT B6                                  0      0      0      24     768    768    32     32     0      -      -      -      0      0      0      0      0      -      0      0      0      0      0      0      0      0      0      0      0      0      0      0      0      0      0      0      0      0      0      0      0      0      0      0      0      0      0      0      0      0      0      0      0      0      0      0      0      0     
0x7011c52e0              LDCU.64 UR4, c[0x0][0x410]                             0      0      0      24     768    768    32     32     0      -      -      -      0      0      0      0      0      -      0      0      0      0      0      0      0      0      0      0      0      0      0      0      0      0      0      0      0      0      0      0      0      0      0      0      0      0      0      0      0      0      0      0      0      0      0      0      0      0     
0x7011c52f0              ISETP.GE.S64.AND P0, PT, R22, UR4, PT                  0      0      0      24     768    768    32     32     0      -      -      -      0      0      0      0      0      -      0      0      0      0      0      0      0      0      0      0      0      0      0      0      0      0      0      0      0      0      0      0      0      0      0      0      0      0      0      0      0      0      0      0      0      0      0      0      0      0     
0x7011c5300              ISETP.LT.OR P0, PT, R23, RZ, P0                        0      0      0      24     768    768    32     32     0      -      -      -      0      0      0      0      0      -      0      0      0      0      0      0      0      0      0      0      0      0      0      0      0      0      0      0      0      0      0      0      0      0      0      0      0      0      0      0      0      0      0      0      0      0      0      0      0      0     
0x7011c5310        @P0   EXIT                                                   0      0      0      24     768    0      32     0      0      -      -      -      0      0      0      0      0      -      0      0      0      0      0      0      0      0      0      0      0      0      0      0      0      0      0      0      0      0      0      0      0      0      0      0      0      0      0      0      0      0      0      0      0      0      0      0      0      0     
0x7011c5320              LDCU.64 UR4, c[0x0][0x3a8]                             0      0      0      24     768    768    32     32     0      -      -      -      0      0      0      0      0      -      0      0      0      0      0      0      0      0      0      0      0      0      0      0      0      0      0      0      0      0      0      0      0      0      0      0      0      0      0      0      0      0      0      0      0      0      0      0      0      0     
0x7011c5330              IMAD.SHL.U32 R2, R16, 0x4, RZ                          0      0      0      24     768    768    32     32     0      -      -      -      0      0      0      0      0      -      0      0      0      0      0      0      0      0      0      0      0      0      0      0      0      0      0      0      0      0      0      0      0      0      0      0      0      0      0      0      0      0      0      0      0      0      0      0      0      0     
0x7011c5340              MOV R3, RZ                                             0      0      0      24     768    768    32     32     0      -      -      -      0      0      0      0      0      -      0      0      0      0      0      0      0      0      0      0      0      0      0      0      0      0      0      0      0      0      0      0      0      0      0      0      0      0      0      0      0      0      0      0      0      0      0      0      0      0     
0x7011c5350              LEA R4, P0, R22, UR4, 0x9                              0      0      0      24     768    768    32     32     0      -      -      -      0      0      0      0      0      -      0      0      0      0      0      0      0      0      0      0      0      0      0      0      0      0      0      0      0      0      0      0      0      0      0      0      0      0      0      0      0      0      0      0      0      0      0      0      0      0     
0x7011c5360              LEA.HI.X R5, R22, UR5, R23, 0x9, P0                    0      0      0      24     768    768    32     32     0      -      -      -      0      0      0      0      0      -      0      0      0      0      0      0      0      0      0      0      0      0      0      0      0      0      0      0      0      0      0      0      0      0      0      0      0      0      0      0      0      0      0      0      0      0      0      0      0      0     
0x7011c5370              IADD.64 R2, R2, R4                                     0      0      0      24     768    768    32     32     0      -      -      -      0      0      0      0      0      -      0      0      0      0      0      0      0      0      0      0      0      0      0      0      0      0      0      0      0      0      0      0      0      0      0      0      0      0      0      0      0      0      0      0      0      0      0      0      0      0     
0x7011c5380              LDG.E R5, desc[UR36][R2.64+0x100]                      0      0      0      24     768    768    32     32     0      Global Load   32     48     0      96     192    96            0      0      0      0      0      0      0      0      0      0      0      0      0      0      0      0      0      0      0      0      0      0      0      0      0      0      0      0      0      0      0      0      0      0      0      0      0      0      0      0     
0x7011c5390              LDG.E R0, desc[UR36][R2.64]                            0      0      0      24     768    768    32     32     0      Global Load   32     48     0      96     192    96            0      0      0      0      0      0      0      0      0      0      0      0      0      0      0      0      0      0      0      0      0      0      0      0      0      0      0      0      0      0      0      0      0      0      0      0      0      0      0      0     
0x7011c53a0              SHF.R.S32.HI R19, RZ, 0x1f, R18                        0      0      0      24     768    768    32     32     0      -      -      -      0      0      0      0      0      -      0      0      0      0      0      0      0      0      0      0      0      0      0      0      0      0      0      0      0      0      0      0      0      0      0      0      0      0      0      0      0      0      0      0      0      0      0      0      0      0     
0x7011c53b0              HFMA2 R17, -RZ, RZ, 0, 0                               0      0      0      24     768    768    32     32     0      -      -      -      0      0      0      0      0      -      0      0      0      0      0      0      0      0      0      0      0      0      0      0      0      0      0      0      0      0      0      0      0      0      0      0      0      0      0      0      0      0      0      0      0      0      0      0      0      0     
0x7011c53c0              IADD.64 R16, R18, R16                                  0      0      0      24     768    768    32     32     0      -      -      -      0      0      0      0      0      -      0      0      0      0      0      0      0      0      0      0      0      0      0      0      0      0      0      0      0      0      0      0      0      0      0      0      0      0      0      0      0      0      0      0      0      0      0      0      0      0     
0x7011c53d0              IADD.64 R16, R16, R16                                  0      0      0      24     768    768    32     32     0      -      -      -      0      0      0      0      0      -      0      0      0      0      0      0      0      0      0      0      0      0      0      0      0      0      0      0      0      0      0      0      0      0      0      0      0      0      0      0      0      0      0      0      0      0      0      0      0      0     
0x7011c53e0              IADD.64 R24, R24, R16                                  0      0      0      24     768    768    32     32     0      -      -      -      0      0      0      0      0      -      0      0      0      0      0      0      0      0      0      0      0      0      0      0      0      0      0      0      0      0      0      0      0      0      0      0      0      0      0      0      0      0      0      0      0      0      0      0      0      0     
0x7011c53f0              FMUL R4, R28, R5                                       6      6      6      24     768    768    32     32     0      -      -      -      0      0      0      0      0      -      0      0      0      0      0      0      0      0      0      0      0      5      0      0      0      0      0      0      0      0      0      0      1      0      0      0      0      0      5      0      0      0      0      0      0      0      0      0      0      1     
0x7011c5400              FFMA R0, R29, R0, -R4                                  0      0      0      24     768    768    32     32     0      -      -      -      0      0      0      0      0      -      0      0      0      0      0      0      0      0      0      0      0      0      0      0      0      0      0      0      0      0      0      0      0      0      0      0      0      0      0      0      0      0      0      0      0      0      0      0      0      0     
0x7011c5410              F2FP.BF16.F32.PACK_AB R0, RZ, R0                       0      0      0      24     768    768    32     32     0      -      -      -      0      0      0      0      0      -      0      0      0      0      0      0      0      0      0      0      0      0      0      0      0      0      0      0      0      0      0      0      0      0      0      0      0      0      0      0      0      0      0      0      0      0      0      0      0      0     
0x7011c5420              PRMT R12, R0, 0x7610, R12                              0      0      0      24     768    768    32     32     0      -      -      -      0      0      0      0      0      -      0      0      0      0      0      0      0      0      0      0      0      0      0      0      0      0      0      0      0      0      0      0      0      0      0      0      0      0      0      0      0      0      0      0      0      0      0      0      0      0     
0x7011c5430              STG.E.U16 desc[UR36][R24.64], R12                      0      0      0      24     768    768    32     32     0      Global Store  16     24     0      48     96     48            0      0      0      0      0      0      0      0      0      0      0      0      0      0      0      0      0      0      0      0      0      0      0      0      0      0      0      0      0      0      0      0      0      0      0      0      0      0      0      0     
0x7011c5440              LDG.E R5, desc[UR36][R2.64+0x104]                      0      0      0      24     768    768    32     32     0      Global Load   32     48     0      96     192    96            0      0      0      0      0      0      0      0      0      0      0      0      0      0      0      0      0      0      0      0      0      0      0      0      0      0      0      0      0      0      0      0      0      0      0      0      0      0      0      0     
0x7011c5450              LDG.E R0, desc[UR36][R2.64+0x4]                        0      0      0      24     768    768    32     32     0      Global Load   32     48     0      96     192    96            0      0      0      0      0      0      0      0      0      0      0      0      0      0      0      0      0      0      0      0      0      0      0      0      0      0      0      0      0      0      0      0      0      0      0      0      0      0      0      0     
0x7011c5460              FMUL R4, R26, R5                                       0      0      0      24     768    768    32     32     0      -      -      -      0      0      0      0      0      -      0      0      0      0      0      0      0      0      0      0      0      0      0      0      0      0      0      0      0      0      0      0      0      0      0      0      0      0      0      0      0      0      0      0      0      0      0      0      0      0     
0x7011c5470              FFMA R0, R27, R0, -R4                                  0      0      0      24     768    768    32     32     0      -      -      -      0      0      0      0      0      -      0      0      0      0      0      0      0      0      0      0      0      0      0      0      0      0      0      0      0      0      0      0      0      0      0      0      0      0      0      0      0      0      0      0      0      0      0      0      0      0     
0x7011c5480              F2FP.BF16.F32.PACK_AB R0, RZ, R0                       0      0      0      24     768    768    32     32     0      -      -      -      0      0      0      0      0      -      0      0      0      0      0      0      0      0      0      0      0      0      0      0      0      0      0      0      0      0      0      0      0      0      0      0      0      0      0      0      0      0      0      0      0      0      0      0      0      0     
0x7011c5490              PRMT R4, R0, 0x7610, R4                                0      0      0      24     768    768    32     32     0      -      -      -      0      0      0      0      0      -      0      0      0      0      0      0      0      0      0      0      0      0      0      0      0      0      0      0      0      0      0      0      0      0      0      0      0      0      0      0      0      0      0      0      0      0      0      0      0      0     
0x7011c54a0              STG.E.U16 desc[UR36][R24.64+0x2], R4                   0      0      0      24     768    768    32     32     0      Global Store  16     24     0      48     96     48            0      0      0      0      0      0      0      0      0      0      0      0      0      0      0      0      0      0      0      0      0      0      0      0      0      0      0      0      0      0      0      0      0      0      0      0      0      0      0      0     
0x7011c54b0              LDG.E R0, desc[UR36][R2.64+0x100]                      0      0      0      24     768    768    32     32     0      Global Load   32     48     0      96     192    96            0      0      0      0      0      0      0      0      0      0      0      0      0      0      0      0      0      0      0      0      0      0      0      0      0      0      0      0      0      0      0      0      0      0      0      0      0      0      0      0     
0x7011c54c0              LDG.E R5, desc[UR36][R2.64]                            0      0      0      24     768    768    32     32     0      Global Load   32     48     0      96     192    96            0      0      0      0      0      0      0      0      0      0      0      0      0      0      0      0      0      0      0      0      0      0      0      0      0      0      0      0      0      0      0      0      0      0      0      0      0      0      0      0     
0x7011c54d0              FMUL R29, R29, R0                                      1      1      1      24     768    768    32     32     0      -      -      -      0      0      0      0      0      -      0      0      0      0      0      0      0      0      0      0      0      1      0      0      0      0      0      0      0      0      0      0      0      0      0      0      0      0      1      0      0      0      0      0      0      0      0      0      0      0     
0x7011c54e0              FFMA R5, R28, R5, R29                                  0      0      0      24     768    768    32     32     0      -      -      -      0      0      0      0      0      -      0      0      0      0      0      0      0      0      0      0      0      0      0      0      0      0      0      0      0      0      0      0      0      0      0      0      0      0      0      0      0      0      0      0      0      0      0      0      0      0     
0x7011c54f0              F2FP.BF16.F32.PACK_AB R5, RZ, R5                       0      0      0      24     768    768    32     32     0      -      -      -      0      0      0      0      0      -      0      0      0      0      0      0      0      0      0      0      0      0      0      0      0      0      0      0      0      0      0      0      0      0      0      0      0      0      0      0      0      0      0      0      0      0      0      0      0      0     
0x7011c5500              PRMT R12, R5, 0x7610, R12                              0      0      0      24     768    768    32     32     0      -      -      -      0      0      0      0      0      -      0      0      0      0      0      0      0      0      0      0      0      0      0      0      0      0      0      0      0      0      0      0      0      0      0      0      0      0      0      0      0      0      0      0      0      0      0      0      0      0     
0x7011c5510              STG.E.U16 desc[UR36][R24.64+0x80], R12                 0      0      0      24     768    768    32     32     0      Global Store  16     24     0      48     96     48            0      0      0      0      0      0      0      0      0      0      0      0      0      0      0      0      0      0      0      0      0      0      0      0      0      0      0      0      0      0      0      0      0      0      0      0      0      0      0      0     
0x7011c5520              LDG.E R0, desc[UR36][R2.64+0x104]                      0      0      0      24     768    768    32     32     0      Global Load   32     48     0      96     192    96            0      0      0      0      0      0      0      0      0      0      0      0      0      0      0      0      0      0      0      0      0      0      0      0      0      0      0      0      0      0      0      0      0      0      0      0      0      0      0      0     
0x7011c5530              LDG.E R5, desc[UR36][R2.64+0x4]                        0      0      0      24     768    768    32     32     0      Global Load   32     48     0      96     192    96            0      0      0      0      0      0      0      0      0      0      0      0      0      0      0      0      0      0      0      0      0      0      0      0      0      0      0      0      0      0      0      0      0      0      0      0      0      0      0      0     
0x7011c5540              FMUL R27, R27, R0                                      0      0      0      24     768    768    32     32     0      -      -      -      0      0      0      0      0      -      0      0      0      0      0      0      0      0      0      0      0      0      0      0      0      0      0      0      0      0      0      0      0      0      0      0      0      0      0      0      0      0      0      0      0      0      0      0      0      0     
0x7011c5550              FFMA R5, R26, R5, R27                                  0      0      0      24     768    768    32     32     0      -      -      -      0      0      0      0      0      -      0      0      0      0      0      0      0      0      0      0      0      0      0      0      0      0      0      0      0      0      0      0      0      0      0      0      0      0      0      0      0      0      0      0      0      0      0      0      0      0     
0x7011c5560              F2FP.BF16.F32.PACK_AB R5, RZ, R5                       1      0      1      24     768    768    32     32     0      -      -      -      0      0      0      0      0      -      0      0      0      0      0      0      0      0      0      0      0      0      0      0      0      0      0      0      1      0      0      0      0      0      0      0      0      0      0      0      0      0      0      0      0      0      0      0      0      0     
0x7011c5570              STG.E.U16 desc[UR36][R24.64+0x82], R5                  0      0      0      24     768    768    32     32     0      Global Store  16     24     0      48     96     48            0      0      0      0      0      0      0      0      0      0      0      0      0      0      0      0      0      0      0      0      0      0      0      0      0      0      0      0      0      0      0      0      0      0      0      0      0      0      0      0     
0x7011c5580              EXIT                                                   0      0      0      24     768    768    32     32     0      -      -      -      0      0      0      0      0      -      0      0      0      0      0      0      0      0      0      0      0      0      0      0      0      0      0      0      0      0      0      0      0      0      0      0      0      0      0      0      0      0      0      0      0      0      0      0      0      0     
0x7011c5590              MOV R12, 0x10                                          0      0      0      0      0      0      0      0      0      -      -      -      0      0      0      0      0      -      0      0      0      0      0      0      0      0      0      0      0      0      0      0      0      0      0      0      0      0      0      0      0      0      0      0      0      0      0      0      0      0      0      0      0      0      0      0      0      0     
0x7011c55a0              HFMA2 R11, -RZ, RZ, 0, 1.847743988037109375e-06        0      0      0      0      0      0      0      0      0      -      -      -      0      0      0      0      0      -      0      0      0      0      0      0      0      0      0      0      0      0      0      0      0      0      0      0      0      0      0      0      0      0      0      0      0      0      0      0      0      0      0      0      0      0      0      0      0      0     
0x7011c55b0              MOV R15, 0xffffffff                                    0      0      0      0      0      0      0      0      0      -      -      -      0      0      0      0      0      -      0      0      0      0      0      0      0      0      0      0      0      0      0      0      0      0      0      0      0      0      0      0      0      0      0      0      0      0      0      0      0      0      0      0      0      0      0      0      0      0     
0x7011c55c0              FMUL R8, R27, R27                                      0      0      0      0      0      0      0      0      0      -      -      -      0      0      0      0      0      -      0      0      0      0      0      0      0      0      0      0      0      0      0      0      0      0      0      0      0      0      0      0      0      0      0      0      0      0      0      0      0      0      0      0      0      0      0      0      0      0     
0x7011c55d0              WARPSYNC.COLLECTIVE R15, 0x7011c5600                   0      0      0      0      0      0      0      0      0      -      -      -      0      0      0      0      0      -      0      0      0      0      0      0      0      0      0      0      0      0      0      0      0      0      0      0      0      0      0      0      0      0      0      0      0      0      0      0      0      0      0      0      0      0      0      0      0      0     
0x7011c55e0              SHFL.BFLY P6, R14, R13, R12, R11                       0      0      0      0      0      0      0      0      0      -      -      -      0      0      0      0      0      -      0      0      0      0      0      0      0      0      0      0      0      0      0      0      0      0      0      0      0      0      0      0      0      0      0      0      0      0      0      0      0      0      0      0      0      0      0      0      0      0     
0x7011c55f0              ENDCOLLECTIVE                                          0      0      0      0      0      0      0      0      0      -      -      -      0      0      0      0      0      -      0      0      0      0      0      0      0      0      0      0      0      0      0      0      0      0      0      0      0      0      0      0      0      0      0      0      0      0      0      0      0      0      0      0      0      0      0      0      0      0     
0x7011c5600              FFMA R8, R21, R21, R8                                  0      0      0      0      0      0      0      0      0      -      -      -      0      0      0      0      0      -      0      0      0      0      0      0      0      0      0      0      0      0      0      0      0      0      0      0      0      0      0      0      0      0      0      0      0      0      0      0      0      0      0      0      0      0      0      0      0      0     
0x7011c5610              HFMA2 R12, -RZ, RZ, 0, 4.76837158203125e-07            0      0      0      0      0      0      0      0      0      -      -      -      0      0      0      0      0      -      0      0      0      0      0      0      0      0      0      0      0      0      0      0      0      0      0      0      0      0      0      0      0      0      0      0      0      0      0      0      0      0      0      0      0      0      0      0      0      0     
0x7011c5620              FADD R0, R13, R14                                      0      0      0      0      0      0      0      0      0      -      -      -      0      0      0      0      0      -      0      0      0      0      0      0      0      0      0      0      0      0      0      0      0      0      0      0      0      0      0      0      0      0      0      0      0      0      0      0      0      0      0      0      0      0      0      0      0      0     
0x7011c5630              MOV R13, R0                                            0      0      0      0      0      0      0      0      0      -      -      -      0      0      0      0      0      -      0      0      0      0      0      0      0      0      0      0      0      0      0      0      0      0      0      0      0      0      0      0      0      0      0      0      0      0      0      0      0      0      0      0      0      0      0      0      0      0     
0x7011c5640              WARPSYNC.COLLECTIVE R15, 0x7011c5670                   0      0      0      0      0      0      0      0      0      -      -      -      0      0      0      0      0      -      0      0      0      0      0      0      0      0      0      0      0      0      0      0      0      0      0      0      0      0      0      0      0      0      0      0      0      0      0      0      0      0      0      0      0      0      0      0      0      0     
0x7011c5650              SHFL.BFLY P6, R14, R13, R12, R11                       0      0      0      0      0      0      0      0      0      -      -      -      0      0      0      0      0      -      0      0      0      0      0      0      0      0      0      0      0      0      0      0      0      0      0      0      0      0      0      0      0      0      0      0      0      0      0      0      0      0      0      0      0      0      0      0      0      0     
0x7011c5660              ENDCOLLECTIVE                                          0      0      0      0      0      0      0      0      0      -      -      -      0      0      0      0      0      -      0      0      0      0      0      0      0      0      0      0      0      0      0      0      0      0      0      0      0      0      0      0      0      0      0      0      0      0      0      0      0      0      0      0      0      0      0      0      0      0     
0x7011c5670              HFMA2 R12, -RZ, RZ, 0, 2.384185791015625e-07           0      0      0      0      0      0      0      0      0      -      -      -      0      0      0      0      0      -      0      0      0      0      0      0      0      0      0      0      0      0      0      0      0      0      0      0      0      0      0      0      0      0      0      0      0      0      0      0      0      0      0      0      0      0      0      0      0      0     
0x7011c5680              FADD R2, R0, R14                                       0      0      0      0      0      0      0      0      0      -      -      -      0      0      0      0      0      -      0      0      0      0      0      0      0      0      0      0      0      0      0      0      0      0      0      0      0      0      0      0      0      0      0      0      0      0      0      0      0      0      0      0      0      0      0      0      0      0     
0x7011c5690              MOV R13, R2                                            0      0      0      0      0      0      0      0      0      -      -      -      0      0      0      0      0      -      0      0      0      0      0      0      0      0      0      0      0      0      0      0      0      0      0      0      0      0      0      0      0      0      0      0      0      0      0      0      0      0      0      0      0      0      0      0      0      0     
0x7011c56a0              WARPSYNC.COLLECTIVE R15, 0x7011c56d0                   0      0      0      0      0      0      0      0      0      -      -      -      0      0      0      0      0      -      0      0      0      0      0      0      0      0      0      0      0      0      0      0      0      0      0      0      0      0      0      0      0      0      0      0      0      0      0      0      0      0      0      0      0      0      0      0      0      0     
0x7011c56b0              SHFL.BFLY P6, R14, R13, R12, R11                       0      0      0      0      0      0      0      0      0      -      -      -      0      0      0      0      0      -      0      0      0      0      0      0      0      0      0      0      0      0      0      0      0      0      0      0      0      0      0      0      0      0      0      0      0      0      0      0      0      0      0      0      0      0      0      0      0      0     
0x7011c56c0              ENDCOLLECTIVE                                          0      0      0      0      0      0      0      0      0      -      -      -      0      0      0      0      0      -      0      0      0      0      0      0      0      0      0      0      0      0      0      0      0      0      0      0      0      0      0      0      0      0      0      0      0      0      0      0      0      0      0      0      0      0      0      0      0      0     
0x7011c56d0              HFMA2 R12, -RZ, RZ, 0, 1.1920928955078125e-07          0      0      0      0      0      0      0      0      0      -      -      -      0      0      0      0      0      -      0      0      0      0      0      0      0      0      0      0      0      0      0      0      0      0      0      0      0      0      0      0      0      0      0      0      0      0      0      0      0      0      0      0      0      0      0      0      0      0     
0x7011c56e0              FADD R3, R2, R14                                       0      0      0      0      0      0      0      0      0      -      -      -      0      0      0      0      0      -      0      0      0      0      0      0      0      0      0      0      0      0      0      0      0      0      0      0      0      0      0      0      0      0      0      0      0      0      0      0      0      0      0      0      0      0      0      0      0      0     
0x7011c56f0              MOV R13, R3                                            0      0      0      0      0      0      0      0      0      -      -      -      0      0      0      0      0      -      0      0      0      0      0      0      0      0      0      0      0      0      0      0      0      0      0      0      0      0      0      0      0      0      0      0      0      0      0      0      0      0      0      0      0      0      0      0      0      0     
0x7011c5700              WARPSYNC.COLLECTIVE R15, 0x7011c5730                   0      0      0      0      0      0      0      0      0      -      -      -      0      0      0      0      0      -      0      0      0      0      0      0      0      0      0      0      0      0      0      0      0      0      0      0      0      0      0      0      0      0      0      0      0      0      0      0      0      0      0      0      0      0      0      0      0      0     
0x7011c5710              SHFL.BFLY P6, R14, R13, R12, R11                       0      0      0      0      0      0      0      0      0      -      -      -      0      0      0      0      0      -      0      0      0      0      0      0      0      0      0      0      0      0      0      0      0      0      0      0      0      0      0      0      0      0      0      0      0      0      0      0      0      0      0      0      0      0      0      0      0      0     
0x7011c5720              ENDCOLLECTIVE                                          0      0      0      0      0      0      0      0      0      -      -      -      0      0      0      0      0      -      0      0      0      0      0      0      0      0      0      0      0      0      0      0      0      0      0      0      0      0      0      0      0      0      0      0      0      0      0      0      0      0      0      0      0      0      0      0      0      0     
0x7011c5730              HFMA2 R12, -RZ, RZ, 0, 5.9604644775390625e-08          0      0      0      0      0      0      0      0      0      -      -      -      0      0      0      0      0      -      0      0      0      0      0      0      0      0      0      0      0      0      0      0      0      0      0      0      0      0      0      0      0      0      0      0      0      0      0      0      0      0      0      0      0      0      0      0      0      0     
0x7011c5740              FADD R0, R3, R14                                       0      0      0      0      0      0      0      0      0      -      -      -      0      0      0      0      0      -      0      0      0      0      0      0      0      0      0      0      0      0      0      0      0      0      0      0      0      0      0      0      0      0      0      0      0      0      0      0      0      0      0      0      0      0      0      0      0      0     
0x7011c5750              MOV R13, R0                                            0      0      0      0      0      0      0      0      0      -      -      -      0      0      0      0      0      -      0      0      0      0      0      0      0      0      0      0      0      0      0      0      0      0      0      0      0      0      0      0      0      0      0      0      0      0      0      0      0      0      0      0      0      0      0      0      0      0     
0x7011c5760              WARPSYNC.COLLECTIVE R15, 0x7011c5790                   0      0      0      0      0      0      0      0      0      -      -      -      0      0      0      0      0      -      0      0      0      0      0      0      0      0      0      0      0      0      0      0      0      0      0      0      0      0      0      0      0      0      0      0      0      0      0      0      0      0      0      0      0      0      0      0      0      0     
0x7011c5770              SHFL.BFLY P6, R14, R13, R12, R11                       0      0      0      0      0      0      0      0      0      -      -      -      0      0      0      0      0      -      0      0      0      0      0      0      0      0      0      0      0      0      0      0      0      0      0      0      0      0      0      0      0      0      0      0      0      0      0      0      0      0      0      0      0      0      0      0      0      0     
0x7011c5780              ENDCOLLECTIVE                                          0      0      0      0      0      0      0      0      0      -      -      -      0      0      0      0      0      -      0      0      0      0      0      0      0      0      0      0      0      0      0      0      0      0      0      0      0      0      0      0      0      0      0      0      0      0      0      0      0      0      0      0      0      0      0      0      0      0     
0x7011c5790              MOV R13, R8                                            0      0      0      0      0      0      0      0      0      -      -      -      0      0      0      0      0      -      0      0      0      0      0      0      0      0      0      0      0      0      0      0      0      0      0      0      0      0      0      0      0      0      0      0      0      0      0      0      0      0      0      0      0      0      0      0      0      0     
0x7011c57a0              HFMA2 R12, -RZ, RZ, 0, 9.5367431640625e-07             0      0      0      0      0      0      0      0      0      -      -      -      0      0      0      0      0      -      0      0      0      0      0      0      0      0      0      0      0      0      0      0      0      0      0      0      0      0      0      0      0      0      0      0      0      0      0      0      0      0      0      0      0      0      0      0      0      0     
0x7011c57b0              MOV R9, R14                                            0      0      0      0      0      0      0      0      0      -      -      -      0      0      0      0      0      -      0      0      0      0      0      0      0      0      0      0      0      0      0      0      0      0      0      0      0      0      0      0      0      0      0      0      0      0      0      0      0      0      0      0      0      0      0      0      0      0     
0x7011c57c0              WARPSYNC.COLLECTIVE R15, 0x7011c57f0                   0      0      0      0      0      0      0      0      0      -      -      -      0      0      0      0      0      -      0      0      0      0      0      0      0      0      0      0      0      0      0      0      0      0      0      0      0      0      0      0      0      0      0      0      0      0      0      0      0      0      0      0      0      0      0      0      0      0     
0x7011c57d0              SHFL.BFLY P6, R14, R13, R12, R11                       0      0      0      0      0      0      0      0      0      -      -      -      0      0      0      0      0      -      0      0      0      0      0      0      0      0      0      0      0      0      0      0      0      0      0      0      0      0      0      0      0      0      0      0      0      0      0      0      0      0      0      0      0      0      0      0      0      0     
0x7011c57e0              ENDCOLLECTIVE                                          0      0      0      0      0      0      0      0      0      -      -      -      0      0      0      0      0      -      0      0      0      0      0      0      0      0      0      0      0      0      0      0      0      0      0      0      0      0      0      0      0      0      0      0      0      0      0      0      0      0      0      0      0      0      0      0      0      0     
0x7011c57f0              FADD R9, R0, R9                                        0      0      0      0      0      0      0      0      0      -      -      -      0      0      0      0      0      -      0      0      0      0      0      0      0      0      0      0      0      0      0      0      0      0      0      0      0      0      0      0      0      0      0      0      0      0      0      0      0      0      0      0      0      0      0      0      0      0     
0x7011c5800              HFMA2 R12, -RZ, RZ, 0, 4.76837158203125e-07            0      0      0      0      0      0      0      0      0      -      -      -      0      0      0      0      0      -      0      0      0      0      0      0      0      0      0      0      0      0      0      0      0      0      0      0      0      0      0      0      0      0      0      0      0      0      0      0      0      0      0      0      0      0      0      0      0      0     
0x7011c5810              MOV R3, R14                                            0      0      0      0      0      0      0      0      0      -      -      -      0      0      0      0      0      -      0      0      0      0      0      0      0      0      0      0      0      0      0      0      0      0      0      0      0      0      0      0      0      0      0      0      0      0      0      0      0      0      0      0      0      0      0      0      0      0     
0x7011c5820              FADD R10, R8, R3                                       0      0      0      0      0      0      0      0      0      -      -      -      0      0      0      0      0      -      0      0      0      0      0      0      0      0      0      0      0      0      0      0      0      0      0      0      0      0      0      0      0      0      0      0      0      0      0      0      0      0      0      0      0      0      0      0      0      0     
0x7011c5830              MOV R13, R10                                           0      0      0      0      0      0      0      0      0      -      -      -      0      0      0      0      0      -      0      0      0      0      0      0      0      0      0      0      0      0      0      0      0      0      0      0      0      0      0      0      0      0      0      0      0      0      0      0      0      0      0      0      0      0      0      0      0      0     
0x7011c5840              WARPSYNC.COLLECTIVE R15, 0x7011c5870                   0      0      0      0      0      0      0      0      0      -      -      -      0      0      0      0      0      -      0      0      0      0      0      0      0      0      0      0      0      0      0      0      0      0      0      0      0      0      0      0      0      0      0      0      0      0      0      0      0      0      0      0      0      0      0      0      0      0     
0x7011c5850              SHFL.BFLY P6, R14, R13, R12, R11                       0      0      0      0      0      0      0      0      0      -      -      -      0      0      0      0      0      -      0      0      0      0      0      0      0      0      0      0      0      0      0      0      0      0      0      0      0      0      0      0      0      0      0      0      0      0      0      0      0      0      0      0      0      0      0      0      0      0     
0x7011c5860              ENDCOLLECTIVE                                          0      0      0      0      0      0      0      0      0      -      -      -      0      0      0      0      0      -      0      0      0      0      0      0      0      0      0      0      0      0      0      0      0      0      0      0      0      0      0      0      0      0      0      0      0      0      0      0      0      0      0      0      0      0      0      0      0      0     
0x7011c5870              HFMA2 R12, -RZ, RZ, 0, 2.384185791015625e-07           0      0      0      0      0      0      0      0      0      -      -      -      0      0      0      0      0      -      0      0      0      0      0      0      0      0      0      0      0      0      0      0      0      0      0      0      0      0      0      0      0      0      0      0      0      0      0      0      0      0      0      0      0      0      0      0      0      0     
0x7011c5880              MOV R3, R14                                            0      0      0      0      0      0      0      0      0      -      -      -      0      0      0      0      0      -      0      0      0      0      0      0      0      0      0      0      0      0      0      0      0      0      0      0      0      0      0      0      0      0      0      0      0      0      0      0      0      0      0      0      0      0      0      0      0      0     
0x7011c5890              FADD R23, R10, R3                                      0      0      0      0      0      0      0      0      0      -      -      -      0      0      0      0      0      -      0      0      0      0      0      0      0      0      0      0      0      0      0      0      0      0      0      0      0      0      0      0      0      0      0      0      0      0      0      0      0      0      0      0      0      0      0      0      0      0     
0x7011c58a0              MOV R13, R23                                           0      0      0      0      0      0      0      0      0      -      -      -      0      0      0      0      0      -      0      0      0      0      0      0      0      0      0      0      0      0      0      0      0      0      0      0      0      0      0      0      0      0      0      0      0      0      0      0      0      0      0      0      0      0      0      0      0      0     
0x7011c58b0              WARPSYNC.COLLECTIVE R15, 0x7011c58e0                   0      0      0      0      0      0      0      0      0      -      -      -      0      0      0      0      0      -      0      0      0      0      0      0      0      0      0      0      0      0      0      0      0      0      0      0      0      0      0      0      0      0      0      0      0      0      0      0      0      0      0      0      0      0      0      0      0      0     
0x7011c58c0              SHFL.BFLY P6, R14, R13, R12, R11                       0      0      0      0      0      0      0      0      0      -      -      -      0      0      0      0      0      -      0      0      0      0      0      0      0      0      0      0      0      0      0      0      0      0      0      0      0      0      0      0      0      0      0      0      0      0      0      0      0      0      0      0      0      0      0      0      0      0     
0x7011c58d0              ENDCOLLECTIVE                                          0      0      0      0      0      0      0      0      0      -      -      -      0      0      0      0      0      -      0      0      0      0      0      0      0      0      0      0      0      0      0      0      0      0      0      0      0      0      0      0      0      0      0      0      0      0      0      0      0      0      0      0      0      0      0      0      0      0     
0x7011c58e0              HFMA2 R12, -RZ, RZ, 0, 1.1920928955078125e-07          0      0      0      0      0      0      0      0      0      -      -      -      0      0      0      0      0      -      0      0      0      0      0      0      0      0      0      0      0      0      0      0      0      0      0      0      0      0      0      0      0      0      0      0      0      0      0      0      0      0      0      0      0      0      0      0      0      0     
0x7011c58f0              MOV R28, R14                                           0      0      0      0      0      0      0      0      0      -      -      -      0      0      0      0      0      -      0      0      0      0      0      0      0      0      0      0      0      0      0      0      0      0      0      0      0      0      0      0      0      0      0      0      0      0      0      0      0      0      0      0      0      0      0      0      0      0     
0x7011c5900              FADD R28, R23, R28                                     0      0      0      0      0      0      0      0      0      -      -      -      0      0      0      0      0      -      0      0      0      0      0      0      0      0      0      0      0      0      0      0      0      0      0      0      0      0      0      0      0      0      0      0      0      0      0      0      0      0      0      0      0      0      0      0      0      0     
0x7011c5910              MOV R13, R28                                           0      0      0      0      0      0      0      0      0      -      -      -      0      0      0      0      0      -      0      0      0      0      0      0      0      0      0      0      0      0      0      0      0      0      0      0      0      0      0      0      0      0      0      0      0      0      0      0      0      0      0      0      0      0      0      0      0      0     
0x7011c5920              WARPSYNC.COLLECTIVE R15, 0x7011c5950                   0      0      0      0      0      0      0      0      0      -      -      -      0      0      0      0      0      -      0      0      0      0      0      0      0      0      0      0      0      0      0      0      0      0      0      0      0      0      0      0      0      0      0      0      0      0      0      0      0      0      0      0      0      0      0      0      0      0     
0x7011c5930              SHFL.BFLY P6, R14, R13, R12, R11                       0      0      0      0      0      0      0      0      0      -      -      -      0      0      0      0      0      -      0      0      0      0      0      0      0      0      0      0      0      0      0      0      0      0      0      0      0      0      0      0      0      0      0      0      0      0      0      0      0      0      0      0      0      0      0      0      0      0     
0x7011c5940              ENDCOLLECTIVE                                          0      0      0      0      0      0      0      0      0      -      -      -      0      0      0      0      0      -      0      0      0      0      0      0      0      0      0      0      0      0      0      0      0      0      0      0      0      0      0      0      0      0      0      0      0      0      0      0      0      0      0      0      0      0      0      0      0      0     
0x7011c5950              HFMA2 R12, -RZ, RZ, 0, 5.9604644775390625e-08          0      0      0      0      0      0      0      0      0      -      -      -      0      0      0      0      0      -      0      0      0      0      0      0      0      0      0      0      0      0      0      0      0      0      0      0      0      0      0      0      0      0      0      0      0      0      0      0      0      0      0      0      0      0      0      0      0      0     
0x7011c5960              MOV R29, R14                                           0      0      0      0      0      0      0      0      0      -      -      -      0      0      0      0      0      -      0      0      0      0      0      0      0      0      0      0      0      0      0      0      0      0      0      0      0      0      0      0      0      0      0      0      0      0      0      0      0      0      0      0      0      0      0      0      0      0     
0x7011c5970              FADD R29, R28, R29                                     0      0      0      0      0      0      0      0      0      -      -      -      0      0      0      0      0      -      0      0      0      0      0      0      0      0      0      0      0      0      0      0      0      0      0      0      0      0      0      0      0      0      0      0      0      0      0      0      0      0      0      0      0      0      0      0      0      0     
0x7011c5980              MOV R13, R29                                           0      0      0      0      0      0      0      0      0      -      -      -      0      0      0      0      0      -      0      0      0      0      0      0      0      0      0      0      0      0      0      0      0      0      0      0      0      0      0      0      0      0      0      0      0      0      0      0      0      0      0      0      0      0      0      0      0      0     
0x7011c5990              WARPSYNC.COLLECTIVE R15, 0x7011c59c0                   0      0      0      0      0      0      0      0      0      -      -      -      0      0      0      0      0      -      0      0      0      0      0      0      0      0      0      0      0      0      0      0      0      0      0      0      0      0      0      0      0      0      0      0      0      0      0      0      0      0      0      0      0      0      0      0      0      0     
0x7011c59a0              SHFL.BFLY P6, R14, R13, R12, R11                       0      0      0      0      0      0      0      0      0      -      -      -      0      0      0      0      0      -      0      0      0      0      0      0      0      0      0      0      0      0      0      0      0      0      0      0      0      0      0      0      0      0      0      0      0      0      0      0      0      0      0      0      0      0      0      0      0      0     
0x7011c59b0              ENDCOLLECTIVE                                          0      0      0      0      0      0      0      0      0      -      -      -      0      0      0      0      0      -      0      0      0      0      0      0      0      0      0      0      0      0      0      0      0      0      0      0      0      0      0      0      0      0      0      0      0      0      0      0      0      0      0      0      0      0      0      0      0      0     
0x7011c59c0              BRA 0x7011c4670                                        0      0      0      0      0      0      0      0      0      -      -      -      0      0      0      0      0      -      0      0      0      0      0      0      0      0      0      0      0      0      0      0      0      0      0      0      0      0      0      0      0      0      0      0      0      0      0      0      0      0      0      0      0      0      0      0      0      0     
0x7011c59d0              MOV R12, 0x8                                           0      0      0      0      0      0      0      0      0      -      -      -      0      0      0      0      0      -      0      0      0      0      0      0      0      0      0      0      0      0      0      0      0      0      0      0      0      0      0      0      0      0      0      0      0      0      0      0      0      0      0      0      0      0      0      0      0      0     
0x7011c59e0              HFMA2 R11, -RZ, RZ, 0, 1.847743988037109375e-06        0      0      0      0      0      0      0      0      0      -      -      -      0      0      0      0      0      -      0      0      0      0      0      0      0      0      0      0      0      0      0      0      0      0      0      0      0      0      0      0      0      0      0      0      0      0      0      0      0      0      0      0      0      0      0      0      0      0     
0x7011c59f0              MOV R15, 0xffffffff                                    0      0      0      0      0      0      0      0      0      -      -      -      0      0      0      0      0      -      0      0      0      0      0      0      0      0      0      0      0      0      0      0      0      0      0      0      0      0      0      0      0      0      0      0      0      0      0      0      0      0      0      0      0      0      0      0      0      0     
0x7011c5a00              WARPSYNC.COLLECTIVE R15, 0x7011c5a30                   0      0      0      0      0      0      0      0      0      -      -      -      0      0      0      0      0      -      0      0      0      0      0      0      0      0      0      0      0      0      0      0      0      0      0      0      0      0      0      0      0      0      0      0      0      0      0      0      0      0      0      0      0      0      0      0      0      0     
0x7011c5a10              SHFL.BFLY P6, R14, R13, R12, R11                       0      0      0      0      0      0      0      0      0      -      -      -      0      0      0      0      0      -      0      0      0      0      0      0      0      0      0      0      0      0      0      0      0      0      0      0      0      0      0      0      0      0      0      0      0      0      0      0      0      0      0      0      0      0      0      0      0      0     
0x7011c5a20              ENDCOLLECTIVE                                          0      0      0      0      0      0      0      0      0      -      -      -      0      0      0      0      0      -      0      0      0      0      0      0      0      0      0      0      0      0      0      0      0      0      0      0      0      0      0      0      0      0      0      0      0      0      0      0      0      0      0      0      0      0      0      0      0      0     
0x7011c5a30              HFMA2 R12, -RZ, RZ, 0, 2.384185791015625e-07           0      0      0      0      0      0      0      0      0      -      -      -      0      0      0      0      0      -      0      0      0      0      0      0      0      0      0      0      0      0      0      0      0      0      0      0      0      0      0      0      0      0      0      0      0      0      0      0      0      0      0      0      0      0      0      0      0      0     
0x7011c5a40              FADD R0, R13, R14                                      0      0      0      0      0      0      0      0      0      -      -      -      0      0      0      0      0      -      0      0      0      0      0      0      0      0      0      0      0      0      0      0      0      0      0      0      0      0      0      0      0      0      0      0      0      0      0      0      0      0      0      0      0      0      0      0      0      0     
0x7011c5a50              MOV R13, R0                                            0      0      0      0      0      0      0      0      0      -      -      -      0      0      0      0      0      -      0      0      0      0      0      0      0      0      0      0      0      0      0      0      0      0      0      0      0      0      0      0      0      0      0      0      0      0      0      0      0      0      0      0      0      0      0      0      0      0     
0x7011c5a60              WARPSYNC.COLLECTIVE R15, 0x7011c5a90                   0      0      0      0      0      0      0      0      0      -      -      -      0      0      0      0      0      -      0      0      0      0      0      0      0      0      0      0      0      0      0      0      0      0      0      0      0      0      0      0      0      0      0      0      0      0      0      0      0      0      0      0      0      0      0      0      0      0     
0x7011c5a70              SHFL.BFLY P6, R14, R13, R12, R11                       0      0      0      0      0      0      0      0      0      -      -      -      0      0      0      0      0      -      0      0      0      0      0      0      0      0      0      0      0      0      0      0      0      0      0      0      0      0      0      0      0      0      0      0      0      0      0      0      0      0      0      0      0      0      0      0      0      0     
0x7011c5a80              ENDCOLLECTIVE                                          0      0      0      0      0      0      0      0      0      -      -      -      0      0      0      0      0      -      0      0      0      0      0      0      0      0      0      0      0      0      0      0      0      0      0      0      0      0      0      0      0      0      0      0      0      0      0      0      0      0      0      0      0      0      0      0      0      0     
0x7011c5a90              HFMA2 R12, -RZ, RZ, 0, 1.1920928955078125e-07          0      0      0      0      0      0      0      0      0      -      -      -      0      0      0      0      0      -      0      0      0      0      0      0      0      0      0      0      0      0      0      0      0      0      0      0      0      0      0      0      0      0      0      0      0      0      0      0      0      0      0      0      0      0      0      0      0      0     
0x7011c5aa0              FADD R2, R0, R14                                       0      0      0      0      0      0      0      0      0      -      -      -      0      0      0      0      0      -      0      0      0      0      0      0      0      0      0      0      0      0      0      0      0      0      0      0      0      0      0      0      0      0      0      0      0      0      0      0      0      0      0      0      0      0      0      0      0      0     
0x7011c5ab0              MOV R13, R2                                            0      0      0      0      0      0      0      0      0      -      -      -      0      0      0      0      0      -      0      0      0      0      0      0      0      0      0      0      0      0      0      0      0      0      0      0      0      0      0      0      0      0      0      0      0      0      0      0      0      0      0      0      0      0      0      0      0      0     
0x7011c5ac0              WARPSYNC.COLLECTIVE R15, 0x7011c5af0                   0      0      0      0      0      0      0      0      0      -      -      -      0      0      0      0      0      -      0      0      0      0      0      0      0      0      0      0      0      0      0      0      0      0      0      0      0      0      0      0      0      0      0      0      0      0      0      0      0      0      0      0      0      0      0      0      0      0     
0x7011c5ad0              SHFL.BFLY P6, R14, R13, R12, R11                       0      0      0      0      0      0      0      0      0      -      -      -      0      0      0      0      0      -      0      0      0      0      0      0      0      0      0      0      0      0      0      0      0      0      0      0      0      0      0      0      0      0      0      0      0      0      0      0      0      0      0      0      0      0      0      0      0      0     
0x7011c5ae0              ENDCOLLECTIVE                                          0      0      0      0      0      0      0      0      0      -      -      -      0      0      0      0      0      -      0      0      0      0      0      0      0      0      0      0      0      0      0      0      0      0      0      0      0      0      0      0      0      0      0      0      0      0      0      0      0      0      0      0      0      0      0      0      0      0     
0x7011c5af0              HFMA2 R12, -RZ, RZ, 0, 5.9604644775390625e-08          0      0      0      0      0      0      0      0      0      -      -      -      0      0      0      0      0      -      0      0      0      0      0      0      0      0      0      0      0      0      0      0      0      0      0      0      0      0      0      0      0      0      0      0      0      0      0      0      0      0      0      0      0      0      0      0      0      0     
0x7011c5b00              FADD R3, R2, R14                                       0      0      0      0      0      0      0      0      0      -      -      -      0      0      0      0      0      -      0      0      0      0      0      0      0      0      0      0      0      0      0      0      0      0      0      0      0      0      0      0      0      0      0      0      0      0      0      0      0      0      0      0      0      0      0      0      0      0     
0x7011c5b10              MOV R13, R3                                            0      0      0      0      0      0      0      0      0      -      -      -      0      0      0      0      0      -      0      0      0      0      0      0      0      0      0      0      0      0      0      0      0      0      0      0      0      0      0      0      0      0      0      0      0      0      0      0      0      0      0      0      0      0      0      0      0      0     
0x7011c5b20              WARPSYNC.COLLECTIVE R15, 0x7011c5b50                   0      0      0      0      0      0      0      0      0      -      -      -      0      0      0      0      0      -      0      0      0      0      0      0      0      0      0      0      0      0      0      0      0      0      0      0      0      0      0      0      0      0      0      0      0      0      0      0      0      0      0      0      0      0      0      0      0      0     
0x7011c5b30              SHFL.BFLY P6, R14, R13, R12, R11                       0      0      0      0      0      0      0      0      0      -      -      -      0      0      0      0      0      -      0      0      0      0      0      0      0      0      0      0      0      0      0      0      0      0      0      0      0      0      0      0      0      0      0      0      0      0      0      0      0      0      0      0      0      0      0      0      0      0     
0x7011c5b40              ENDCOLLECTIVE                                          0      0      0      0      0      0      0      0      0      -      -      -      0      0      0      0      0      -      0      0      0      0      0      0      0      0      0      0      0      0      0      0      0      0      0      0      0      0      0      0      0      0      0      0      0      0      0      0      0      0      0      0      0      0      0      0      0      0     
0x7011c5b50              BRA 0x7011c4920                                        0      0      0      0      0      0      0      0      0      -      -      -      0      0      0      0      0      -      0      0      0      0      0      0      0      0      0      0      0      0      0      0      0      0      0      0      0      0      0      0      0      0      0      0      0      0      0      0      0      0      0      0      0      0      0      0      0      0     
0x7011c5b60              MOV R12, 0x10                                          0      0      0      0      0      0      0      0      0      -      -      -      0      0      0      0      0      -      0      0      0      0      0      0      0      0      0      0      0      0      0      0      0      0      0      0      0      0      0      0      0      0      0      0      0      0      0      0      0      0      0      0      0      0      0      0      0      0     
0x7011c5b70              MOV R11, 0x1f                                          0      0      0      0      0      0      0      0      0      -      -      -      0      0      0      0      0      -      0      0      0      0      0      0      0      0      0      0      0      0      0      0      0      0      0      0      0      0      0      0      0      0      0      0      0      0      0      0      0      0      0      0      0      0      0      0      0      0     
0x7011c5b80              MOV R15, 0xffffffff                                    0      0      0      0      0      0      0      0      0      -      -      -      0      0      0      0      0      -      0      0      0      0      0      0      0      0      0      0      0      0      0      0      0      0      0      0      0      0      0      0      0      0      0      0      0      0      0      0      0      0      0      0      0      0      0      0      0      0     
0x7011c5b90              WARPSYNC.COLLECTIVE R15, 0x7011c5bc0                   0      0      0      0      0      0      0      0      0      -      -      -      0      0      0      0      0      -      0      0      0      0      0      0      0      0      0      0      0      0      0      0      0      0      0      0      0      0      0      0      0      0      0      0      0      0      0      0      0      0      0      0      0      0      0      0      0      0     
0x7011c5ba0              SHFL.BFLY P6, R14, R13, R12, R11                       0      0      0      0      0      0      0      0      0      -      -      -      0      0      0      0      0      -      0      0      0      0      0      0      0      0      0      0      0      0      0      0      0      0      0      0      0      0      0      0      0      0      0      0      0      0      0      0      0      0      0      0      0      0      0      0      0      0     
0x7011c5bb0              ENDCOLLECTIVE                                          0      0      0      0      0      0      0      0      0      -      -      -      0      0      0      0      0      -      0      0      0      0      0      0      0      0      0      0      0      0      0      0      0      0      0      0      0      0      0      0      0      0      0      0      0      0      0      0      0      0      0      0      0      0      0      0      0      0     
0x7011c5bc0              MOV R12, 0x8                                           0      0      0      0      0      0      0      0      0      -      -      -      0      0      0      0      0      -      0      0      0      0      0      0      0      0      0      0      0      0      0      0      0      0      0      0      0      0      0      0      0      0      0      0      0      0      0      0      0      0      0      0      0      0      0      0      0      0     
0x7011c5bd0              FADD R0, R13, R14                                      0      0      0      0      0      0      0      0      0      -      -      -      0      0      0      0      0      -      0      0      0      0      0      0      0      0      0      0      0      0      0      0      0      0      0      0      0      0      0      0      0      0      0      0      0      0      0      0      0      0      0      0      0      0      0      0      0      0     
0x7011c5be0              MOV R13, R0                                            0      0      0      0      0      0      0      0      0      -      -      -      0      0      0      0      0      -      0      0      0      0      0      0      0      0      0      0      0      0      0      0      0      0      0      0      0      0      0      0      0      0      0      0      0      0      0      0      0      0      0      0      0      0      0      0      0      0     
0x7011c5bf0              WARPSYNC.COLLECTIVE R15, 0x7011c5c20                   0      0      0      0      0      0      0      0      0      -      -      -      0      0      0      0      0      -      0      0      0      0      0      0      0      0      0      0      0      0      0      0      0      0      0      0      0      0      0      0      0      0      0      0      0      0      0      0      0      0      0      0      0      0      0      0      0      0     
0x7011c5c00              SHFL.BFLY P6, R14, R13, R12, R11                       0      0      0      0      0      0      0      0      0      -      -      -      0      0      0      0      0      -      0      0      0      0      0      0      0      0      0      0      0      0      0      0      0      0      0      0      0      0      0      0      0      0      0      0      0      0      0      0      0      0      0      0      0      0      0      0      0      0     
0x7011c5c10              ENDCOLLECTIVE                                          0      0      0      0      0      0      0      0      0      -      -      -      0      0      0      0      0      -      0      0      0      0      0      0      0      0      0      0      0      0      0      0      0      0      0      0      0      0      0      0      0      0      0      0      0      0      0      0      0      0      0      0      0      0      0      0      0      0     
0x7011c5c20              MOV R12, 0x4                                           0      0      0      0      0      0      0      0      0      -      -      -      0      0      0      0      0      -      0      0      0      0      0      0      0      0      0      0      0      0      0      0      0      0      0      0      0      0      0      0      0      0      0      0      0      0      0      0      0      0      0      0      0      0      0      0      0      0     
0x7011c5c30              FADD R2, R0, R14                                       0      0      0      0      0      0      0      0      0      -      -      -      0      0      0      0      0      -      0      0      0      0      0      0      0      0      0      0      0      0      0      0      0      0      0      0      0      0      0      0      0      0      0      0      0      0      0      0      0      0      0      0      0      0      0      0      0      0     
0x7011c5c40              MOV R13, R2                                            0      0      0      0      0      0      0      0      0      -      -      -      0      0      0      0      0      -      0      0      0      0      0      0      0      0      0      0      0      0      0      0      0      0      0      0      0      0      0      0      0      0      0      0      0      0      0      0      0      0      0      0      0      0      0      0      0      0     
0x7011c5c50              WARPSYNC.COLLECTIVE R15, 0x7011c5c80                   0      0      0      0      0      0      0      0      0      -      -      -      0      0      0      0      0      -      0      0      0      0      0      0      0      0      0      0      0      0      0      0      0      0      0      0      0      0      0      0      0      0      0      0      0      0      0      0      0      0      0      0      0      0      0      0      0      0     
0x7011c5c60              SHFL.BFLY P6, R14, R13, R12, R11                       0      0      0      0      0      0      0      0      0      -      -      -      0      0      0      0      0      -      0      0      0      0      0      0      0      0      0      0      0      0      0      0      0      0      0      0      0      0      0      0      0      0      0      0      0      0      0      0      0      0      0      0      0      0      0      0      0      0     
0x7011c5c70              ENDCOLLECTIVE                                          0      0      0      0      0      0      0      0      0      -      -      -      0      0      0      0      0      -      0      0      0      0      0      0      0      0      0      0      0      0      0      0      0      0      0      0      0      0      0      0      0      0      0      0      0      0      0      0      0      0      0      0      0      0      0      0      0      0     
0x7011c5c80              MOV R12, 0x2                                           0      0      0      0      0      0      0      0      0      -      -      -      0      0      0      0      0      -      0      0      0      0      0      0      0      0      0      0      0      0      0      0      0      0      0      0      0      0      0      0      0      0      0      0      0      0      0      0      0      0      0      0      0      0      0      0      0      0     
0x7011c5c90              FADD R3, R2, R14                                       0      0      0      0      0      0      0      0      0      -      -      -      0      0      0      0      0      -      0      0      0      0      0      0      0      0      0      0      0      0      0      0      0      0      0      0      0      0      0      0      0      0      0      0      0      0      0      0      0      0      0      0      0      0      0      0      0      0     
0x7011c5ca0              MOV R13, R3                                            0      0      0      0      0      0      0      0      0      -      -      -      0      0      0      0      0      -      0      0      0      0      0      0      0      0      0      0      0      0      0      0      0      0      0      0      0      0      0      0      0      0      0      0      0      0      0      0      0      0      0      0      0      0      0      0      0      0     
0x7011c5cb0              WARPSYNC.COLLECTIVE R15, 0x7011c5ce0                   0      0      0      0      0      0      0      0      0      -      -      -      0      0      0      0      0      -      0      0      0      0      0      0      0      0      0      0      0      0      0      0      0      0      0      0      0      0      0      0      0      0      0      0      0      0      0      0      0      0      0      0      0      0      0      0      0      0     
0x7011c5cc0              SHFL.BFLY P6, R14, R13, R12, R11                       0      0      0      0      0      0      0      0      0      -      -      -      0      0      0      0      0      -      0      0      0      0      0      0      0      0      0      0      0      0      0      0      0      0      0      0      0      0      0      0      0      0      0      0      0      0      0      0      0      0      0      0      0      0      0      0      0      0     
0x7011c5cd0              ENDCOLLECTIVE                                          0      0      0      0      0      0      0      0      0      -      -      -      0      0      0      0      0      -      0      0      0      0      0      0      0      0      0      0      0      0      0      0      0      0      0      0      0      0      0      0      0      0      0      0      0      0      0      0      0      0      0      0      0      0      0      0      0      0     
0x7011c5ce0              MOV R12, 0x1                                           0      0      0      0      0      0      0      0      0      -      -      -      0      0      0      0      0      -      0      0      0      0      0      0      0      0      0      0      0      0      0      0      0      0      0      0      0      0      0      0      0      0      0      0      0      0      0      0      0      0      0      0      0      0      0      0      0      0     
0x7011c5cf0              FADD R8, R3, R14                                       0      0      0      0      0      0      0      0      0      -      -      -      0      0      0      0      0      -      0      0      0      0      0      0      0      0      0      0      0      0      0      0      0      0      0      0      0      0      0      0      0      0      0      0      0      0      0      0      0      0      0      0      0      0      0      0      0      0     
0x7011c5d00              MOV R13, R8                                            0      0      0      0      0      0      0      0      0      -      -      -      0      0      0      0      0      -      0      0      0      0      0      0      0      0      0      0      0      0      0      0      0      0      0      0      0      0      0      0      0      0      0      0      0      0      0      0      0      0      0      0      0      0      0      0      0      0     
0x7011c5d10              WARPSYNC.COLLECTIVE R15, 0x7011c5d40                   0      0      0      0      0      0      0      0      0      -      -      -      0      0      0      0      0      -      0      0      0      0      0      0      0      0      0      0      0      0      0      0      0      0      0      0      0      0      0      0      0      0      0      0      0      0      0      0      0      0      0      0      0      0      0      0      0      0     
0x7011c5d20              SHFL.BFLY P6, R14, R13, R12, R11                       0      0      0      0      0      0      0      0      0      -      -      -      0      0      0      0      0      -      0      0      0      0      0      0      0      0      0      0      0      0      0      0      0      0      0      0      0      0      0      0      0      0      0      0      0      0      0      0      0      0      0      0      0      0      0      0      0      0     
0x7011c5d30              ENDCOLLECTIVE                                          0      0      0      0      0      0      0      0      0      -      -      -      0      0      0      0      0      -      0      0      0      0      0      0      0      0      0      0      0      0      0      0      0      0      0      0      0      0      0      0      0      0      0      0      0      0      0      0      0      0      0      0      0      0      0      0      0      0     
0x7011c5d40              BRA 0x7011c4b20                                        0      0      0      0      0      0      0      0      0      -      -      -      0      0      0      0      0      -      0      0      0      0      0      0      0      0      0      0      0      0      0      0      0      0      0      0      0      0      0      0      0      0      0      0      0      0      0      0      0      0      0      0      0      0      0      0      0      0     
0x7011c5d50              MOV R12, 0x8                                           0      0      0      0      0      0      0      0      0      -      -      -      0      0      0      0      0      -      0      0      0      0      0      0      0      0      0      0      0      0      0      0      0      0      0      0      0      0      0      0      0      0      0      0      0      0      0      0      0      0      0      0      0      0      0      0      0      0     
0x7011c5d60              HFMA2 R11, -RZ, RZ, 0, 1.847743988037109375e-06        0      0      0      0      0      0      0      0      0      -      -      -      0      0      0      0      0      -      0      0      0      0      0      0      0      0      0      0      0      0      0      0      0      0      0      0      0      0      0      0      0      0      0      0      0      0      0      0      0      0      0      0      0      0      0      0      0      0     
0x7011c5d70              MOV R15, 0xffffffff                                    0      0      0      0      0      0      0      0      0      -      -      -      0      0      0      0      0      -      0      0      0      0      0      0      0      0      0      0      0      0      0      0      0      0      0      0      0      0      0      0      0      0      0      0      0      0      0      0      0      0      0      0      0      0      0      0      0      0     
0x7011c5d80              WARPSYNC.COLLECTIVE R15, 0x7011c5db0                   0      0      0      0      0      0      0      0      0      -      -      -      0      0      0      0      0      -      0      0      0      0      0      0      0      0      0      0      0      0      0      0      0      0      0      0      0      0      0      0      0      0      0      0      0      0      0      0      0      0      0      0      0      0      0      0      0      0     
0x7011c5d90              SHFL.BFLY P6, R14, R13, R12, R11                       0      0      0      0      0      0      0      0      0      -      -      -      0      0      0      0      0      -      0      0      0      0      0      0      0      0      0      0      0      0      0      0      0      0      0      0      0      0      0      0      0      0      0      0      0      0      0      0      0      0      0      0      0      0      0      0      0      0     
0x7011c5da0              ENDCOLLECTIVE                                          0      0      0      0      0      0      0      0      0      -      -      -      0      0      0      0      0      -      0      0      0      0      0      0      0      0      0      0      0      0      0      0      0      0      0      0      0      0      0      0      0      0      0      0      0      0      0      0      0      0      0      0      0      0      0      0      0      0     
0x7011c5db0              HFMA2 R12, -RZ, RZ, 0, 2.384185791015625e-07           0      0      0      0      0      0      0      0      0      -      -      -      0      0      0      0      0      -      0      0      0      0      0      0      0      0      0      0      0      0      0      0      0      0      0      0      0      0      0      0      0      0      0      0      0      0      0      0      0      0      0      0      0      0      0      0      0      0     
0x7011c5dc0              FADD R0, R13, R14                                      0      0      0      0      0      0      0      0      0      -      -      -      0      0      0      0      0      -      0      0      0      0      0      0      0      0      0      0      0      0      0      0      0      0      0      0      0      0      0      0      0      0      0      0      0      0      0      0      0      0      0      0      0      0      0      0      0      0     
0x7011c5dd0              MOV R13, R0                                            0      0      0      0      0      0      0      0      0      -      -      -      0      0      0      0      0      -      0      0      0      0      0      0      0      0      0      0      0      0      0      0      0      0      0      0      0      0      0      0      0      0      0      0      0      0      0      0      0      0      0      0      0      0      0      0      0      0     
0x7011c5de0              WARPSYNC.COLLECTIVE R15, 0x7011c5e10                   0      0      0      0      0      0      0      0      0      -      -      -      0      0      0      0      0      -      0      0      0      0      0      0      0      0      0      0      0      0      0      0      0      0      0      0      0      0      0      0      0      0      0      0      0      0      0      0      0      0      0      0      0      0      0      0      0      0     
0x7011c5df0              SHFL.BFLY P6, R14, R13, R12, R11                       0      0      0      0      0      0      0      0      0      -      -      -      0      0      0      0      0      -      0      0      0      0      0      0      0      0      0      0      0      0      0      0      0      0      0      0      0      0      0      0      0      0      0      0      0      0      0      0      0      0      0      0      0      0      0      0      0      0     
0x7011c5e00              ENDCOLLECTIVE                                          0      0      0      0      0      0      0      0      0      -      -      -      0      0      0      0      0      -      0      0      0      0      0      0      0      0      0      0      0      0      0      0      0      0      0      0      0      0      0      0      0      0      0      0      0      0      0      0      0      0      0      0      0      0      0      0      0      0     
0x7011c5e10              HFMA2 R12, -RZ, RZ, 0, 1.1920928955078125e-07          0      0      0      0      0      0      0      0      0      -      -      -      0      0      0      0      0      -      0      0      0      0      0      0      0      0      0      0      0      0      0      0      0      0      0      0      0      0      0      0      0      0      0      0      0      0      0      0      0      0      0      0      0      0      0      0      0      0     
0x7011c5e20              FADD R2, R0, R14                                       0      0      0      0      0      0      0      0      0      -      -      -      0      0      0      0      0      -      0      0      0      0      0      0      0      0      0      0      0      0      0      0      0      0      0      0      0      0      0      0      0      0      0      0      0      0      0      0      0      0      0      0      0      0      0      0      0      0     
0x7011c5e30              MOV R13, R2                                            0      0      0      0      0      0      0      0      0      -      -      -      0      0      0      0      0      -      0      0      0      0      0      0      0      0      0      0      0      0      0      0      0      0      0      0      0      0      0      0      0      0      0      0      0      0      0      0      0      0      0      0      0      0      0      0      0      0     
0x7011c5e40              WARPSYNC.COLLECTIVE R15, 0x7011c5e70                   0      0      0      0      0      0      0      0      0      -      -      -      0      0      0      0      0      -      0      0      0      0      0      0      0      0      0      0      0      0      0      0      0      0      0      0      0      0      0      0      0      0      0      0      0      0      0      0      0      0      0      0      0      0      0      0      0      0     
0x7011c5e50              SHFL.BFLY P6, R14, R13, R12, R11                       0      0      0      0      0      0      0      0      0      -      -      -      0      0      0      0      0      -      0      0      0      0      0      0      0      0      0      0      0      0      0      0      0      0      0      0      0      0      0      0      0      0      0      0      0      0      0      0      0      0      0      0      0      0      0      0      0      0     
0x7011c5e60              ENDCOLLECTIVE                                          0      0      0      0      0      0      0      0      0      -      -      -      0      0      0      0      0      -      0      0      0      0      0      0      0      0      0      0      0      0      0      0      0      0      0      0      0      0      0      0      0      0      0      0      0      0      0      0      0      0      0      0      0      0      0      0      0      0     
0x7011c5e70              HFMA2 R12, -RZ, RZ, 0, 5.9604644775390625e-08          0      0      0      0      0      0      0      0      0      -      -      -      0      0      0      0      0      -      0      0      0      0      0      0      0      0      0      0      0      0      0      0      0      0      0      0      0      0      0      0      0      0      0      0      0      0      0      0      0      0      0      0      0      0      0      0      0      0     
0x7011c5e80              FADD R3, R2, R14                                       0      0      0      0      0      0      0      0      0      -      -      -      0      0      0      0      0      -      0      0      0      0      0      0      0      0      0      0      0      0      0      0      0      0      0      0      0      0      0      0      0      0      0      0      0      0      0      0      0      0      0      0      0      0      0      0      0      0     
0x7011c5e90              MOV R13, R3                                            0      0      0      0      0      0      0      0      0      -      -      -      0      0      0      0      0      -      0      0      0      0      0      0      0      0      0      0      0      0      0      0      0      0      0      0      0      0      0      0      0      0      0      0      0      0      0      0      0      0      0      0      0      0      0      0      0      0     
0x7011c5ea0              WARPSYNC.COLLECTIVE R15, 0x7011c5ed0                   0      0      0      0      0      0      0      0      0      -      -      -      0      0      0      0      0      -      0      0      0      0      0      0      0      0      0      0      0      0      0      0      0      0      0      0      0      0      0      0      0      0      0      0      0      0      0      0      0      0      0      0      0      0      0      0      0      0     
0x7011c5eb0              SHFL.BFLY P6, R14, R13, R12, R11                       0      0      0      0      0      0      0      0      0      -      -      -      0      0      0      0      0      -      0      0      0      0      0      0      0      0      0      0      0      0      0      0      0      0      0      0      0      0      0      0      0      0      0      0      0      0      0      0      0      0      0      0      0      0      0      0      0      0     
0x7011c5ec0              ENDCOLLECTIVE                                          0      0      0      0      0      0      0      0      0      -      -      -      0      0      0      0      0      -      0      0      0      0      0      0      0      0      0      0      0      0      0      0      0      0      0      0      0      0      0      0      0      0      0      0      0      0      0      0      0      0      0      0      0      0      0      0      0      0     
0x7011c5ed0              HFMA2 R12, -RZ, RZ, 0, 9.5367431640625e-07             0      0      0      0      0      0      0      0      0      -      -      -      0      0      0      0      0      -      0      0      0      0      0      0      0      0      0      0      0      0      0      0      0      0      0      0      0      0      0      0      0      0      0      0      0      0      0      0      0      0      0      0      0      0      0      0      0      0     
0x7011c5ee0              FADD R8, R3, R14                                       0      0      0      0      0      0      0      0      0      -      -      -      0      0      0      0      0      -      0      0      0      0      0      0      0      0      0      0      0      0      0      0      0      0      0      0      0      0      0      0      0      0      0      0      0      0      0      0      0      0      0      0      0      0      0      0      0      0     
0x7011c5ef0              MOV R13, R8                                            0      0      0      0      0      0      0      0      0      -      -      -      0      0      0      0      0      -      0      0      0      0      0      0      0      0      0      0      0      0      0      0      0      0      0      0      0      0      0      0      0      0      0      0      0      0      0      0      0      0      0      0      0      0      0      0      0      0     
0x7011c5f00              WARPSYNC.COLLECTIVE R15, 0x7011c5f30                   0      0      0      0      0      0      0      0      0      -      -      -      0      0      0      0      0      -      0      0      0      0      0      0      0      0      0      0      0      0      0      0      0      0      0      0      0      0      0      0      0      0      0      0      0      0      0      0      0      0      0      0      0      0      0      0      0      0     
0x7011c5f10              SHFL.BFLY P6, R14, R13, R12, R11                       0      0      0      0      0      0      0      0      0      -      -      -      0      0      0      0      0      -      0      0      0      0      0      0      0      0      0      0      0      0      0      0      0      0      0      0      0      0      0      0      0      0      0      0      0      0      0      0      0      0      0      0      0      0      0      0      0      0     
0x7011c5f20              ENDCOLLECTIVE                                          0      0      0      0      0      0      0      0      0      -      -      -      0      0      0      0      0      -      0      0      0      0      0      0      0      0      0      0      0      0      0      0      0      0      0      0      0      0      0      0      0      0      0      0      0      0      0      0      0      0      0      0      0      0      0      0      0      0     
0x7011c5f30              BRA 0x7011c4e40                                        0      0      0      0      0      0      0      0      0      -      -      -      0      0      0      0      0      -      0      0      0      0      0      0      0      0      0      0      0      0      0      0      0      0      0      0      0      0      0      0      0      0      0      0      0      0      0      0      0      0      0      0      0      0      0      0      0      0     
0x7011c5f40              BRA 0x7011c5f40                                        0      0      0      0      0      0      0      0      0      -      -      -      0      0      0      0      0      -      0      0      0      0      0      0      0      0      0      0      0      0      0      0      0      0      0      0      0      0      0      0      0      0      0      0      0      0      0      0      0      0      0      0      0      0      0      0      0      0     
0x7011c5f50              NOP                                                    0      0      0      0      0      0      0      0      0      -      -      -      0      0      0      0      0      -      0      0      0      0      0      0      0      0      0      0      0      0      0      0      0      0      0      0      0      0      0      0      0      0      0      0      0      0      0      0      0      0      0      0      0      0      0      0      0      0     
0x7011c5f60              NOP                                                    0      0      0      0      0      0      0      0      0      -      -      -      0      0      0      0      0      -      0      0      0      0      0      0      0      0      0      0      0      0      0      0      0      0      0      0      0      0      0      0      0      0      0      0      0      0      0      0      0      0      0      0      0      0      0      0      0      0     
0x7011c5f70              NOP                                                    0      0      0      0      0      0      0      0      0      -      -      -      0      0      0      0      0      -      0      0      0      0      0      0      0      0      0      0      0      0      0      0      0      0      0      0      0      0      0      0      0      0      0      0      0      0      0      0      0      0      0      0      0      0      0      0      0      0     
0x7011c5f80              NOP                                                    0      0      0      0      0      0      0      0      0      -      -      -      0      0      0      0      0      -      0      0      0      0      0      0      0      0      0      0      0      0      0      0      0      0      0      0      0      0      0      0      0      0      0      0      0      0      0      0      0      0      0      0      0      0      0      0      0      0     
0x7011c5f90              NOP                                                    0      0      0      0      0      0      0      0      0      -      -      -      0      0      0      0      0      -      0      0      0      0      0      0      0      0      0      0      0      0      0      0      0      0      0      0      0      0      0      0      0      0      0      0      0      0      0      0      0      0      0      0      0      0      0      0      0      0     
0x7011c5fa0              NOP                                                    0      0      0      0      0      0      0      0      0      -      -      -      0      0      0      0      0      -      0      0      0      0      0      0      0      0      0      0      0      0      0      0      0      0      0      0      0      0      0      0      0      0      0      0      0      0      0      0      0      0      0      0      0      0      0      0      0      0     
0x7011c5fb0              NOP                                                    0      0      0      0      0      0      0      0      0      -      -      -      0      0      0      0      0      -      0      0      0      0      0      0      0      0      0      0      0      0      0      0      0      0      0      0      0      0      0      0      0      0      0      0      0      0      0      0      0      0      0      0      0      0      0      0      0      0     
0x7011c5fc0              NOP                                                    0      0      0      0      0      0      0      0      0      -      -      -      0      0      0      0      0      -      0      0      0      0      0      0      0      0      0      0      0      0      0      0      0      0      0      0      0      0      0      0      0      0      0      0      0      0      0      0      0      0      0      0      0      0      0      0      0      0     
0x7011c5fd0              NOP                                                    0      0      0      0      0      0      0      0      0      -      -      -      0      0      0      0      0      -      0      0      0      0      0      0      0      0      0      0      0      0      0      0      0      0      0      0      0      0      0      0      0      0      0      0      0      0      0      0      0      0      0      0      0      0      0      0      0      0     
0x7011c5fe0              NOP                                                    0      0      0      0      0      0      0      0      0      -      -      -      0      0      0      0      0      -      0      0      0      0      0      0      0      0      0      0      0      0      0      0      0      0      0      0      0      0      0      0      0      0      0      0      0      0      0      0      0      0      0      0      0      0      0      0      0      0     
0x7011c5ff0              NOP                                                    0      0      0      0      0      0      0      0      0      -      -      -      0      0      0      0      0      -      0      0      0      0      0      0      0      0      0      0      0      0      0      0      0      0      0      0      0      0      0      0      0      0      0      0      0      0      0      0      0      0      0      0      0      0      0      0      0      0     
