------------------ -------------------------------------------------- ------ ------ ------ ------ ------ ------ ------ ------ ------ ------ ------ ------ ------ ------ ------ ------ ------ ------ ------ -------------------- ------ ------ ------ ------ ------ ------ ------ ------ ------ ------ ------ ------ ------ ------ ------ ------ ------ ------ ------ ------ ------ ------ ------ ------ ------ ------ ------ ------ ------ ------ ------ ------ ------ ------ ------ ------ ------ ------ ------ ------
Kernel Name        triton_per_fused__to_copy_add_mean_mul_pow_rsqrt_0                                                                                                                                                                                                                                                                                                                                                                                                                                                  
------------------ -------------------------------------------------- ------ ------ ------ ------ ------ ------ ------ ------ ------ ------ ------ ------ ------ ------ ------ ------ ------ ------ ------ -------------------- ------ ------ ------ ------ ------ ------ ------ ------ ------ ------ ------ ------ ------ ------ ------ ------ ------ ------ ------ ------ ------ ------ ------ ------ ------ ------ ------ ------ ------ ------ ------ ------ ------ ------ ------ ------ ------ ------ ------ ------
Address            Source                                             Warp S Warp S # Samp Instru Thread Predic Avg. T Avg. P Addres Access Access L1 Tag L1 Con L1 Wav L1 Wav L1 Wav L2 The L2 The L2 The L2 Exp               L2 Exp L2 Exp L2 Exp L2 Exp L2 Exp L2 Exp stall_ stall_ stall_ stall_ stall_ stall_ stall_ stall_ stall_ stall_ stall_ stall_ stall_ stall_ stall_ stall_ stall_ stall_ stall_ stall_ stall_ stall_ stall_ stall_ stall_ stall_ stall_ stall_ stall_ stall_ stall_ stall_ stall_ stall_
                                                                      tall S tall S les    ctions  Instr ated-O hreads redica s Spac  Opera  Size   Reque flicts efront efront efront oretic oretic oretic licit                licit  licit  licit  licit  licit  licit  barrie branch dispat drain  lg     long_s math   membar mio    misc   no_ins not_se select short_ sleep  tex    wait   barrie branch dispat drain  lg (No long_s math ( membar mio (N misc ( no_ins not_se select short_ sleepi tex (N wait (
                                                                      amplin amplin         Execu uction n Thre  Execu ted-On e      tion          sts Gl  Share s Shar s Shar s Shar al Sec al Sec al Sec Evict                Hit Po Hit Po Hit Po Hit Po Miss P Miss P r      _resol ch                   b                                  t      lected ed     sb                          r (Not _resol ch (No (Not I t Issu b (Not Not Is  (Not  ot Iss Not Is t (Not lected ed (No sb (No ng (No ot Iss Not Is
                                                                      g (All g (Not        ted    s Exec ad Ins ted     Threa                      obal   d N-Wa ed Exc ed     ed Ide tors G tors G tors G Polici               licy E licy E licy E licy E olicy  olicy         ving                                                                                                             Issue ving ( t Issu ssued) ed)     Issue sued)  Issued ued)   sued)   Issue  (Not  t Issu t Issu t Issu ued)   sued) 
                                                                       Sampl -issue               uted   tructi        ds Exe                             y      essive        al     lobal  lobal  lobal  es                   vict F vict L vict N vict N Evict  Evict                                                                                                                         d)     Not Is ed)                  d)            )                    d)     Issued ed)    ed)    ed)                 
                                                                      es)    d Samp                      ons Ex        cuted                                                          Excess        Ideal                       irst   ast    ormal  ormal  First  Normal                                                                                                                               sued)                                                                 )                                        
                                                                             les)                        ecuted                                                                       ive                                                            Demote                                                                                                                                                                                                                                                            
0x7011c4000              LDC R1, c[0x0][0x37c]                        2      2      2      32     1024   1024   32     32     -      -      -      0      0      0      0      0      0      0      0      -                    0      0      0      0      0      0      0      0      0      0      0      0      0      0      0      0      2      0      0      0      0      0      0      0      0      0      0      0      0      0      0      0      0      2      0      0      0      0      0      0     
0x7011c4010              S2R R13, SR_TID.X                            0      0      0      32     1024   1024   32     32     -      -      -      0      0      0      0      0      0      0      0      -                    0      0      0      0      0      0      0      0      0      0      0      0      0      0      0      0      0      0      0      0      0      0      0      0      0      0      0      0      0      0      0      0      0      0      0      0      0      0      0      0     
0x7011c4020              LDCU UR4, c[0x0][0x398]                      0      0      0      32     1024   1024   32     32     -      -      -      0      0      0      0      0      0      0      0      -                    0      0      0      0      0      0      0      0      0      0      0      0      0      0      0      0      0      0      0      0      0      0      0      0      0      0      0      0      0      0      0      0      0      0      0      0      0      0      0      0     
0x7011c4030              LDC.64 R2, c[0x0][0x380]                     0      0      0      32     1024   1024   32     32     -      -      -      0      0      0      0      0      0      0      0      -                    0      0      0      0      0      0      0      0      0      0      0      0      0      0      0      0      0      0      0      0      0      0      0      0      0      0      0      0      0      0      0      0      0      0      0      0      0      0      0      0     
0x7011c4040              HFMA2 R6, -RZ, RZ, 0, 0                      0      0      0      32     1024   1024   32     32     -      -      -      0      0      0      0      0      0      0      0      -                    0      0      0      0      0      0      0      0      0      0      0      0      0      0      0      0      0      0      0      0      0      0      0      0      0      0      0      0      0      0      0      0      0      0      0      0      0      0      0      0     
0x7011c4050              S2R R4, SR_CTAID.X                           0      0      0      32     1024   1024   32     32     -      -      -      0      0      0      0      0      0      0      0      -                    0      0      0      0      0      0      0      0      0      0      0      0      0      0      0      0      0      0      0      0      0      0      0      0      0      0      0      0      0      0      0      0      0      0      0      0      0      0      0      0     
0x7011c4060              LDCU.64 UR6, c[0x0][0x358]                   0      0      0      32     1024   1024   32     32     -      -      -      0      0      0      0      0      0      0      0      -                    0      0      0      0      0      0      0      0      0      0      0      0      0      0      0      0      0      0      0      0      0      0      0      0      0      0      0      0      0      0      0      0      0      0      0      0      0      0      0      0     
0x7011c4070              LDCU.64 UR8, c[0x0][0x388]                   0      0      0      32     1024   1024   32     32     -      -      -      0      0      0      0      0      0      0      0      -                    0      0      0      0      0      0      0      0      0      0      0      0      0      0      0      0      0      0      0      0      0      0      0      0      0      0      0      0      0      0      0      0      0      0      0      0      0      0      0      0     
0x7011c4080              IMAD.SHL.U32 R0, R13, 0x2, RZ                0      0      0      32     1024   1024   32     32     -      -      -      0      0      0      0      0      0      0      0      -                    0      0      0      0      0      0      0      0      0      0      0      0      0      0      0      0      0      0      0      0      0      0      0      0      0      0      0      0      0      0      0      0      0      0      0      0      0      0      0      0     
0x7011c4090              ISETP.GE.AND P1, PT, R4, UR4, PT             0      0      0      32     1024   1024   32     32     -      -      -      0      0      0      0      0      0      0      0      -                    0      0      0      0      0      0      0      0      0      0      0      0      0      0      0      0      0      0      0      0      0      0      0      0      0      0      0      0      0      0      0      0      0      0      0      0      0      0      0      0     
0x7011c40a0              LOP3.LUT R5, R0, 0x7e, RZ, 0xc0, !PT         0      0      0      32     1024   1024   32     32     -      -      -      0      0      0      0      0      0      0      0      -                    0      0      0      0      0      0      0      0      0      0      0      0      0      0      0      0      0      0      0      0      0      0      0      0      0      0      0      0      0      0      0      0      0      0      0      0      0      0      0      0     
0x7011c40b0              LEA R0, R4, R5, 0x7                          0      0      0      32     1024   1024   32     32     -      -      -      0      0      0      0      0      0      0      0      -                    0      0      0      0      0      0      0      0      0      0      0      0      0      0      0      0      0      0      0      0      0      0      0      0      0      0      0      0      0      0      0      0      0      0      0      0      0      0      0      0     
0x7011c40c0              IMAD.WIDE R2, R0, 0x2, R2                    0      0      0      32     1024   1024   32     32     -      -      -      0      0      0      0      0      0      0      0      -                    0      0      0      0      0      0      0      0      0      0      0      0      0      0      0      0      0      0      0      0      0      0      0      0      0      0      0      0      0      0      0      0      0      0      0      0      0      0      0      0     
0x7011c40d0        @!P1  LDG.E R6, desc[UR6][R2.64]                   0      0      0      32     1024   1024   32     32     Global Load   32     32     0      0      0      0      0      128    128                         0      0      0      0      0      0      0      0      0      0      0      0      0      0      0      0      0      0      0      0      0      0      0      0      0      0      0      0      0      0      0      0      0      0      0      0      0      0      0      0     
0x7011c40e0              IMAD.SHL.U32 R4, R5, 0x2, RZ                 0      0      0      32     1024   1024   32     32     -      -      -      0      0      0      0      0      0      0      0      -                    0      0      0      0      0      0      0      0      0      0      0      0      0      0      0      0      0      0      0      0      0      0      0      0      0      0      0      0      0      0      0      0      0      0      0      0      0      0      0      0     
0x7011c40f0              UMOV UR4, 0xf0                               0      0      0      32     1024   1024   32     32     -      -      -      0      0      0      0      0      0      0      0      -                    0      0      0      0      0      0      0      0      0      0      0      0      0      0      0      0      0      0      0      0      0      0      0      0      0      0      0      0      0      0      0      0      0      0      0      0      0      0      0      0     
0x7011c4100              IMAD.HI.U32 R5, R5, 0x2, RZ                  0      0      0      32     1024   1024   32     32     -      -      -      0      0      0      0      0      0      0      0      -                    0      0      0      0      0      0      0      0      0      0      0      0      0      0      0      0      0      0      0      0      0      0      0      0      0      0      0      0      0      0      0      0      0      0      0      0      0      0      0      0     
0x7011c4110              USHF.R.U32 UR4, UR4, 0x4, URZ                0      0      0      32     1024   1024   32     32     -      -      -      0      0      0      0      0      0      0      0      -                    0      0      0      0      0      0      0      0      0      0      0      0      0      0      0      0      0      0      0      0      0      0      0      0      0      0      0      0      0      0      0      0      0      0      0      0      0      0      0      0     
0x7011c4120              UMOV UR5, 0x140                              0      0      0      32     1024   1024   32     32     -      -      -      0      0      0      0      0      0      0      0      -                    0      0      0      0      0      0      0      0      0      0      0      0      0      0      0      0      0      0      0      0      0      0      0      0      0      0      0      0      0      0      0      0      0      0      0      0      0      0      0      0     
0x7011c4130              ULOP3.LUT UR5, UR5, 0xf, UR4, 0xf8, !UPT     0      0      0      32     1024   1024   32     32     -      -      -      0      0      0      0      0      0      0      0      -                    0      0      0      0      0      0      0      0      0      0      0      0      0      0      0      0      0      0      0      0      0      0      0      0      0      0      0      0      0      0      0      0      0      0      0      0      0      0      0      0     
0x7011c4140              USHF.L.U32 UR5, UR5, 0x14, URZ               0      0      0      32     1024   1024   32     32     -      -      -      0      0      0      0      0      0      0      0      -                    0      0      0      0      0      0      0      0      0      0      0      0      0      0      0      0      0      0      0      0      0      0      0      0      0      0      0      0      0      0      0      0      0      0      0      0      0      0      0      0     
0x7011c4150              UMOV UR4, URZ                                0      0      0      32     1024   1024   32     32     -      -      -      0      0      0      0      0      0      0      0      -                    0      0      0      0      0      0      0      0      0      0      0      0      0      0      0      0      0      0      0      0      0      0      0      0      0      0      0      0      0      0      0      0      0      0      0      0      0      0      0      0     
0x7011c4160              IADD.64 R4, R4, UR8                          0      0      0      32     1024   1024   32     32     -      -      -      0      0      0      0      0      0      0      0      -                    0      0      0      0      0      0      0      0      0      0      0      0      0      0      0      0      0      0      0      0      0      0      0      0      0      0      0      0      0      0      0      0      0      0      0      0      0      0      0      0     
0x7011c4170              LDG.E.EL R4, desc[UR4][R4.64]                0      0      0      32     1024   1024   32     32     Global Load   32     32     0      0      0      0      0      128    128    HIT_LAST,MISS_NORMAL 0      32     0      0      0      32     0      0      0      0      0      0      0      0      0      0      0      0      0      0      0      0      0      0      0      0      0      0      0      0      0      0      0      0      0      0      0      0      0      0     
0x7011c4180              S2UR UR5, SR_CgaCtaId                        0      0      0      32     1024   1024   32     32     -      -      -      0      0      0      0      0      0      0      0      -                    0      0      0      0      0      0      0      0      0      0      0      0      0      0      0      0      0      0      0      0      0      0      0      0      0      0      0      0      0      0      0      0      0      0      0      0      0      0      0      0     
0x7011c4190              LOP3.LUT P0, RZ, R13, 0x1f, RZ, 0xc0, !PT    0      0      0      32     1024   1024   32     32     -      -      -      0      0      0      0      0      0      0      0      -                    0      0      0      0      0      0      0      0      0      0      0      0      0      0      0      0      0      0      0      0      0      0      0      0      0      0      0      0      0      0      0      0      0      0      0      0      0      0      0      0     
0x7011c41a0              UMOV UR4, 0x400                              0      0      0      32     1024   1024   32     32     -      -      -      0      0      0      0      0      0      0      0      -                    0      0      0      0      0      0      0      0      0      0      0      0      0      0      0      0      0      0      0      0      0      0      0      0      0      0      0      0      0      0      0      0      0      0      0      0      0      0      0      0     
0x7011c41b0              ULEA UR4, UR5, UR4, 0x18                     0      0      0      32     1024   1024   32     32     -      -      -      0      0      0      0      0      0      0      0      -                    0      0      0      0      0      0      0      0      0      0      0      0      0      0      0      0      0      0      0      0      0      0      0      0      0      0      0      0      0      0      0      0      0      0      0      0      0      0      0      0     
0x7011c41c0              PRMT R7, R6, 0x7632, R7                      16     16     16     32     1024   1024   32     32     -      -      -      0      0      0      0      0      0      0      0      -                    0      0      0      0      0      0      0      0      0      0      0      16     0      0      0      0      0      0      0      0      0      0      0      0      0      0      0      0      16     0      0      0      0      0      0      0      0      0      0      0     
0x7011c41d0              IMAD.U32 R11, R6, 0x10000, RZ                0      0      0      32     1024   1024   32     32     -      -      -      0      0      0      0      0      0      0      0      -                    0      0      0      0      0      0      0      0      0      0      0      0      0      0      0      0      0      0      0      0      0      0      0      0      0      0      0      0      0      0      0      0      0      0      0      0      0      0      0      0     
0x7011c41e0              SHF.L.U32 R12, R7, 0x10, RZ                  0      0      0      32     1024   1024   32     32     -      -      -      0      0      0      0      0      0      0      0      -                    0      0      0      0      0      0      0      0      0      0      0      0      0      0      0      0      0      0      0      0      0      0      0      0      0      0      0      0      0      0      0      0      0      0      0      0      0      0      0      0     
0x7011c41f0              FMUL R2, R12, R12                            0      0      0      32     1024   1024   32     32     -      -      -      0      0      0      0      0      0      0      0      -                    0      0      0      0      0      0      0      0      0      0      0      0      0      0      0      0      0      0      0      0      0      0      0      0      0      0      0      0      0      0      0      0      0      0      0      0      0      0      0      0     
0x7011c4200              FFMA R2, R11, R11, R2                        0      0      0      32     1024   1024   32     32     -      -      -      0      0      0      0      0      0      0      0      -                    0      0      0      0      0      0      0      0      0      0      0      0      0      0      0      0      0      0      0      0      0      0      0      0      0      0      0      0      0      0      0      0      0      0      0      0      0      0      0      0     
0x7011c4210              FSEL R3, R2, RZ, !P1                         0      0      0      32     1024   1024   32     32     -      -      -      0      0      0      0      0      0      0      0      -                    0      0      0      0      0      0      0      0      0      0      0      0      0      0      0      0      0      0      0      0      0      0      0      0      0      0      0      0      0      0      0      0      0      0      0      0      0      0      0      0     
0x7011c4220              SHFL.BFLY PT, R2, R3, 0x10, 0x1f             0      0      0      32     1024   1024   32     32     -      -      -      0      0      0      0      0      0      0      0      -                    0      0      0      0      0      0      0      0      0      0      0      0      0      0      0      0      0      0      0      0      0      0      0      0      0      0      0      0      0      0      0      0      0      0      0      0      0      0      0      0     
0x7011c4230              FADD R6, R3, R2                              0      0      0      32     1024   1024   32     32     -      -      -      0      0      0      0      0      0      0      0      -                    0      0      0      0      0      0      0      0      0      0      0      0      0      0      0      0      0      0      0      0      0      0      0      0      0      0      0      0      0      0      0      0      0      0      0      0      0      0      0      0     
0x7011c4240              SHF.R.U32.HI R3, RZ, 0x3, R13                0      0      0      32     1024   1024   32     32     -      -      -      0      0      0      0      0      0      0      0      -                    0      0      0      0      0      0      0      0      0      0      0      0      0      0      0      0      0      0      0      0      0      0      0      0      0      0      0      0      0      0      0      0      0      0      0      0      0      0      0      0     
0x7011c4250              SHFL.BFLY PT, R7, R6, 0x8, 0x1f              0      0      0      32     1024   1024   32     32     -      -      -      0      0      0      0      0      0      0      0      -                    0      0      0      0      0      0      0      0      0      0      0      0      0      0      0      0      0      0      0      0      0      0      0      0      0      0      0      0      0      0      0      0      0      0      0      0      0      0      0      0     
0x7011c4260              LOP3.LUT R3, R3, 0x4, RZ, 0xc0, !PT          0      0      0      32     1024   1024   32     32     -      -      -      0      0      0      0      0      0      0      0      -                    0      0      0      0      0      0      0      0      0      0      0      0      0      0      0      0      0      0      0      0      0      0      0      0      0      0      0      0      0      0      0      0      0      0      0      0      0      0      0      0     
0x7011c4270              FADD R7, R6, R7                              0      0      0      32     1024   1024   32     32     -      -      -      0      0      0      0      0      0      0      0      -                    0      0      0      0      0      0      0      0      0      0      0      0      0      0      0      0      0      0      0      0      0      0      0      0      0      0      0      0      0      0      0      0      0      0      0      0      0      0      0      0     
0x7011c4280              SHFL.BFLY PT, R2, R7, 0x4, 0x1f              0      0      0      32     1024   1024   32     32     -      -      -      0      0      0      0      0      0      0      0      -                    0      0      0      0      0      0      0      0      0      0      0      0      0      0      0      0      0      0      0      0      0      0      0      0      0      0      0      0      0      0      0      0      0      0      0      0      0      0      0      0     
0x7011c4290              FADD R5, R7, R2                              0      0      0      32     1024   1024   32     32     -      -      -      0      0      0      0      0      0      0      0      -                    0      0      0      0      0      0      0      0      0      0      0      0      0      0      0      0      0      0      0      0      0      0      0      0      0      0      0      0      0      0      0      0      0      0      0      0      0      0      0      0     
0x7011c42a0              SHFL.BFLY PT, R2, R5, 0x2, 0x1f              0      0      0      32     1024   1024   32     32     -      -      -      0      0      0      0      0      0      0      0      -                    0      0      0      0      0      0      0      0      0      0      0      0      0      0      0      0      0      0      0      0      0      0      0      0      0      0      0      0      0      0      0      0      0      0      0      0      0      0      0      0     
0x7011c42b0              FADD R8, R5, R2                              1      1      1      32     1024   1024   32     32     -      -      -      0      0      0      0      0      0      0      0      -                    0      0      0      0      0      0      0      0      0      0      0      0      0      0      0      0      0      0      0      1      0      0      0      0      0      0      0      0      0      0      0      0      0      0      0      0      1      0      0      0     
0x7011c42c0              LOP3.LUT R2, R13, 0x3f, RZ, 0xc0, !PT        0      0      0      32     1024   1024   32     32     -      -      -      0      0      0      0      0      0      0      0      -                    0      0      0      0      0      0      0      0      0      0      0      0      0      0      0      0      0      0      0      0      0      0      0      0      0      0      0      0      0      0      0      0      0      0      0      0      0      0      0      0     
0x7011c42d0              SHFL.BFLY PT, R9, R8, 0x1, 0x1f              1      1      1      32     1024   1024   32     32     -      -      -      0      0      0      0      0      0      0      0      -                    0      0      0      0      0      0      0      0      0      0      0      0      0      0      0      0      0      0      0      0      0      0      1      0      0      0      0      0      0      0      0      0      0      0      0      0      0      0      0      1     
0x7011c42e0              ISETP.GE.U32.AND P2, PT, R2, 0x2, PT         0      0      0      32     1024   1024   32     32     -      -      -      0      0      0      0      0      0      0      0      -                    0      0      0      0      0      0      0      0      0      0      0      0      0      0      0      0      0      0      0      0      0      0      0      0      0      0      0      0      0      0      0      0      0      0      0      0      0      0      0      0     
0x7011c42f0              LEA R5, R2, UR4, 0x2                         0      0      0      32     1024   1024   32     32     -      -      -      0      0      0      0      0      0      0      0      -                    0      0      0      0      0      0      0      0      0      0      0      0      0      0      0      0      0      0      0      0      0      0      0      0      0      0      0      0      0      0      0      0      0      0      0      0      0      0      0      0     
0x7011c4300              FADD R14, R8, R9                             1      1      1      32     1024   1024   32     32     -      -      -      0      0      0      0      0      0      0      0      -                    0      0      0      0      0      0      0      0      0      0      0      0      0      0      0      0      0      0      0      1      0      0      0      0      0      0      0      0      0      0      0      0      0      0      0      0      1      0      0      0     
0x7011c4310              PRMT R8, R4, 0x7632, R8                      0      0      0      32     1024   1024   32     32     -      -      -      0      0      0      0      0      0      0      0      -                    0      0      0      0      0      0      0      0      0      0      0      0      0      0      0      0      0      0      0      0      0      0      0      0      0      0      0      0      0      0      0      0      0      0      0      0      0      0      0      0     
0x7011c4320              SHF.L.U32 R9, R4, 0x10, RZ                   0      0      0      32     1024   1024   32     32     -      -      -      0      0      0      0      0      0      0      0      -                    0      0      0      0      0      0      0      0      0      0      0      0      0      0      0      0      0      0      0      0      0      0      0      0      0      0      0      0      0      0      0      0      0      0      0      0      0      0      0      0     
0x7011c4330        @!P0  STS [R3+UR4], R14                            0      0      0      32     1024   32     32     1      Shared Store  32     0      1      0      32     32     0      0      0      -                    0      0      0      0      0      0      0      0      0      0      0      0      0      0      0      0      0      0      0      0      0      0      0      0      0      0      0      0      0      0      0      0      0      0      0      0      0      0      0      0     
0x7011c4340              BAR.SYNC.DEFER_BLOCKING 0x0                  0      0      0      32     1024   1024   32     32     -      -      -      0      0      0      0      0      0      0      0      -                    0      0      0      0      0      0      0      0      0      0      0      0      0      0      0      0      0      0      0      0      0      0      0      0      0      0      0      0      0      0      0      0      0      0      0      0      0      0      0      0     
0x7011c4350              LOP3.LUT P0, RZ, R13, 0x1, RZ, 0xc0, !PT     0      0      0      32     1024   1024   32     32     -      -      -      0      0      0      0      0      0      0      0      -                    0      0      0      0      0      0      0      0      0      0      0      0      0      0      0      0      0      0      0      0      0      0      0      0      0      0      0      0      0      0      0      0      0      0      0      0      0      0      0      0     
0x7011c4360              IMAD.U32 R8, R8, 0x10000, RZ                 0      0      0      32     1024   1024   32     32     -      -      -      0      0      0      0      0      0      0      0      -                    0      0      0      0      0      0      0      0      0      0      0      0      0      0      0      0      0      0      0      0      0      0      0      0      0      0      0      0      0      0      0      0      0      0      0      0      0      0      0      0     
0x7011c4370              ISETP.LT.U32.AND P0, PT, R2, 0x2, !P0        0      0      0      32     1024   1024   32     32     -      -      -      0      0      0      0      0      0      0      0      -                    0      0      0      0      0      0      0      0      0      0      0      0      0      0      0      0      0      0      0      0      0      0      0      0      0      0      0      0      0      0      0      0      0      0      0      0      0      0      0      0     
0x7011c4380        @!P2  LDS R10, [R5]                                0      0      0      32     1024   32     32     1      Shared Load   32     0      0      0      16     16     0      0      0      -                    0      0      0      0      0      0      0      0      0      0      0      0      0      0      0      0      0      0      0      0      0      0      0      0      0      0      0      0      0      0      0      0      0      0      0      0      0      0      0      0     
0x7011c4390              SHFL.BFLY PT, R7, R10, 0x1, 0x1f             0      0      0      32     1024   1024   32     32     -      -      -      0      0      0      0      0      0      0      0      -                    0      0      0      0      0      0      0      0      0      0      0      0      0      0      0      0      0      0      0      0      0      0      0      0      0      0      0      0      0      0      0      0      0      0      0      0      0      0      0      0     
0x7011c43a0              FADD R6, R10, R7                             0      0      0      32     1024   1024   32     32     -      -      -      0      0      0      0      0      0      0      0      -                    0      0      0      0      0      0      0      0      0      0      0      0      0      0      0      0      0      0      0      0      0      0      0      0      0      0      0      0      0      0      0      0      0      0      0      0      0      0      0      0     
0x7011c43b0              HFMA2 R7, -RZ, RZ, 1, 0                      0      0      0      32     1024   1024   32     32     -      -      -      0      0      0      0      0      0      0      0      -                    0      0      0      0      0      0      0      0      0      0      0      0      0      0      0      0      0      0      0      0      0      0      0      0      0      0      0      0      0      0      0      0      0      0      0      0      0      0      0      0     
0x7011c43c0        @P0   STS [R5], R6                                 0      0      0      32     1024   16     32     0      Shared Store  32     0      0      0      16     16     0      0      0      -                    0      0      0      0      0      0      0      0      0      0      0      0      0      0      0      0      0      0      0      0      0      0      0      0      0      0      0      0      0      0      0      0      0      0      0      0      0      0      0      0     
0x7011c43d0              BAR.SYNC.DEFER_BLOCKING 0x0                  0      0      0      32     1024   1024   32     32     -      -      -      0      0      0      0      0      0      0      0      -                    0      0      0      0      0      0      0      0      0      0      0      0      0      0      0      0      0      0      0      0      0      0      0      0      0      0      0      0      0      0      0      0      0      0      0      0      0      0      0      0     
0x7011c43e0              LDS R2, [UR4]                                0      0      0      32     1024   1024   32     32     Shared Load   32     0      1      0      32     32     0      0      0      -                    0      0      0      0      0      0      0      0      0      0      0      0      0      0      0      0      0      0      0      0      0      0      0      0      0      0      0      0      0      0      0      0      0      0      0      0      0      0      0      0     
0x7011c43f0              FFMA R7, R2, R7, 9.9999999747524270788e-07   0      0      0      32     1024   1024   32     32     -      -      -      0      0      0      0      0      0      0      0      -                    0      0      0      0      0      0      0      0      0      0      0      0      0      0      0      0      0      0      0      0      0      0      0      0      0      0      0      0      0      0      0      0      0      0      0      0      0      0      0      0     
0x7011c4400              LDC.64 R2, c[0x0][0x390]                     0      0      0      32     1024   1024   32     32     -      -      -      0      0      0      0      0      0      0      0      -                    0      0      0      0      0      0      0      0      0      0      0      0      0      0      0      0      0      0      0      0      0      0      0      0      0      0      0      0      0      0      0      0      0      0      0      0      0      0      0      0     
0x7011c4410              MUFU.RSQ R7, R7                              0      0      0      32     1024   1024   32     32     -      -      -      0      0      0      0      0      0      0      0      -                    0      0      0      0      0      0      0      0      0      0      0      0      0      0      0      0      0      0      0      0      0      0      0      0      0      0      0      0      0      0      0      0      0      0      0      0      0      0      0      0     
0x7011c4420              FMUL R4, R11, R7                             0      0      0      32     1024   1024   32     32     -      -      -      0      0      0      0      0      0      0      0      -                    0      0      0      0      0      0      0      0      0      0      0      0      0      0      0      0      0      0      0      0      0      0      0      0      0      0      0      0      0      0      0      0      0      0      0      0      0      0      0      0     
0x7011c4430              FMUL R5, R12, R7                             0      0      0      32     1024   1024   32     32     -      -      -      0      0      0      0      0      0      0      0      -                    0      0      0      0      0      0      0      0      0      0      0      0      0      0      0      0      0      0      0      0      0      0      0      0      0      0      0      0      0      0      0      0      0      0      0      0      0      0      0      0     
0x7011c4440              IMAD.WIDE R2, R0, 0x2, R2                    0      0      0      32     1024   1024   32     32     -      -      -      0      0      0      0      0      0      0      0      -                    0      0      0      0      0      0      0      0      0      0      0      0      0      0      0      0      0      0      0      0      0      0      0      0      0      0      0      0      0      0      0      0      0      0      0      0      0      0      0      0     
0x7011c4450              FMUL R4, R4, R9                              0      0      0      32     1024   1024   32     32     -      -      -      0      0      0      0      0      0      0      0      -                    0      0      0      0      0      0      0      0      0      0      0      0      0      0      0      0      0      0      0      0      0      0      0      0      0      0      0      0      0      0      0      0      0      0      0      0      0      0      0      0     
0x7011c4460              FMUL R5, R5, R8                              0      0      0      32     1024   1024   32     32     -      -      -      0      0      0      0      0      0      0      0      -                    0      0      0      0      0      0      0      0      0      0      0      0      0      0      0      0      0      0      0      0      0      0      0      0      0      0      0      0      0      0      0      0      0      0      0      0      0      0      0      0     
0x7011c4470              F2FP.BF16.F32.PACK_AB R5, R5, R4             0      0      0      32     1024   1024   32     32     -      -      -      0      0      0      0      0      0      0      0      -                    0      0      0      0      0      0      0      0      0      0      0      0      0      0      0      0      0      0      0      0      0      0      0      0      0      0      0      0      0      0      0      0      0      0      0      0      0      0      0      0     
0x7011c4480        @P1   EXIT                                         0      0      0      32     1024   0      32     0      -      -      -      0      0      0      0      0      0      0      0      -                    0      0      0      0      0      0      0      0      0      0      0      0      0      0      0      0      0      0      0      0      0      0      0      0      0      0      0      0      0      0      0      0      0      0      0      0      0      0      0      0     
0x7011c4490              STG.E desc[UR6][R2.64], R5                   0      0      0      32     1024   1024   32     32     Global Store  32     32     0      0      0      0      0      128    128                         0      0      0      0      0      0      0      0      0      0      0      0      0      0      0      0      0      0      0      0      0      0      0      0      0      0      0      0      0      0      0      0      0      0      0      0      0      0      0      0     
0x7011c44a0              EXIT                                         0      0      0      32     1024   1024   32     32     -      -      -      0      0      0      0      0      0      0      0      -                    0      0      0      0      0      0      0      0      0      0      0      0      0      0      0      0      0      0      0      0      0      0      0      0      0      0      0      0      0      0      0      0      0      0      0      0      0      0      0      0     
0x7011c44b0              BRA 0x7011c44b0                              0      0      0      0      0      0      0      0      -      -      -      0      0      0      0      0      0      0      0      -                    0      0      0      0      0      0      0      0      0      0      0      0      0      0      0      0      0      0      0      0      0      0      0      0      0      0      0      0      0      0      0      0      0      0      0      0      0      0      0      0     
0x7011c44c0              NOP                                          0      0      0      0      0      0      0      0      -      -      -      0      0      0      0      0      0      0      0      -                    0      0      0      0      0      0      0      0      0      0      0      0      0      0      0      0      0      0      0      0      0      0      0      0      0      0      0      0      0      0      0      0      0      0      0      0      0      0      0      0     
0x7011c44d0              NOP                                          0      0      0      0      0      0      0      0      -      -      -      0      0      0      0      0      0      0      0      -                    0      0      0      0      0      0      0      0      0      0      0      0      0      0      0      0      0      0      0      0      0      0      0      0      0      0      0      0      0      0      0      0      0      0      0      0      0      0      0      0     
0x7011c44e0              NOP                                          0      0      0      0      0      0      0      0      -      -      -      0      0      0      0      0      0      0      0      -                    0      0      0      0      0      0      0      0      0      0      0      0      0      0      0      0      0      0      0      0      0      0      0      0      0      0      0      0      0      0      0      0      0      0      0      0      0      0      0      0     
0x7011c44f0              NOP                                          0      0      0      0      0      0      0      0      -      -      -      0      0      0      0      0      0      0      0      -                    0      0      0      0      0      0      0      0      0      0      0      0      0      0      0      0      0      0      0      0      0      0      0      0      0      0      0      0      0      0      0      0      0      0      0      0      0      0      0      0     
0x7011c4500              NOP                                          0      0      0      0      0      0      0      0      -      -      -      0      0      0      0      0      0      0      0      -                    0      0      0      0      0      0      0      0      0      0      0      0      0      0      0      0      0      0      0      0      0      0      0      0      0      0      0      0      0      0      0      0      0      0      0      0      0      0      0      0     
0x7011c4510              NOP                                          0      0      0      0      0      0      0      0      -      -      -      0      0      0      0      0      0      0      0      -                    0      0      0      0      0      0      0      0      0      0      0      0      0      0      0      0      0      0      0      0      0      0      0      0      0      0      0      0      0      0      0      0      0      0      0      0      0      0      0      0     
0x7011c4520              NOP                                          0      0      0      0      0      0      0      0      -      -      -      0      0      0      0      0      0      0      0      -                    0      0      0      0      0      0      0      0      0      0      0      0      0      0      0      0      0      0      0      0      0      0      0      0      0      0      0      0      0      0      0      0      0      0      0      0      0      0      0      0     
0x7011c4530              NOP                                          0      0      0      0      0      0      0      0      -      -      -      0      0      0      0      0      0      0      0      -                    0      0      0      0      0      0      0      0      0      0      0      0      0      0      0      0      0      0      0      0      0      0      0      0      0      0      0      0      0      0      0      0      0      0      0      0      0      0      0      0     
0x7011c4540              NOP                                          0      0      0      0      0      0      0      0      -      -      -      0      0      0      0      0      0      0      0      -                    0      0      0      0      0      0      0      0      0      0      0      0      0      0      0      0      0      0      0      0      0      0      0      0      0      0      0      0      0      0      0      0      0      0      0      0      0      0      0      0     
0x7011c4550              NOP                                          0      0      0      0      0      0      0      0      -      -      -      0      0      0      0      0      0      0      0      -                    0      0      0      0      0      0      0      0      0      0      0      0      0      0      0      0      0      0      0      0      0      0      0      0      0      0      0      0      0      0      0      0      0      0      0      0      0      0      0      0     
0x7011c4560              NOP                                          0      0      0      0      0      0      0      0      -      -      -      0      0      0      0      0      0      0      0      -                    0      0      0      0      0      0      0      0      0      0      0      0      0      0      0      0      0      0      0      0      0      0      0      0      0      0      0      0      0      0      0      0      0      0      0      0      0      0      0      0     
0x7011c4570              NOP                                          0      0      0      0      0      0      0      0      -      -      -      0      0      0      0      0      0      0      0      -                    0      0      0      0      0      0      0      0      0      0      0      0      0      0      0      0      0      0      0      0      0      0      0      0      0      0      0      0      0      0      0      0      0      0      0      0      0      0      0      0     
------------------ -------------------------------------------------- ------ ------ ------ ------ ------ ------ ------ ------ ------ ------ ------ ------ ------ ------ ------ ------ ------ ------ ------ -------------------- ------ ------ ------ ------ ------ ------ ------ ------ ------ ------ ------ ------ ------ ------ ------ ------ ------ ------ ------ ------ ------ ------ ------ ------ ------ ------ ------ ------ ------ ------ ------ ------ ------ ------ ------ ------ ------ ------ ------ ------
Kernel Name        triton_per_fused__to_copy_add_mean_mul_pow_rsqrt_0                                                                                                                                                                                                                                                                                                                                                                                                                                                  
------------------ -------------------------------------------------- ------ ------ ------ ------ ------ ------ ------ ------ ------ ------ ------ ------ ------ ------ ------ ------ ------ ------ ------ -------------------- ------ ------ ------ ------ ------ ------ ------ ------ ------ ------ ------ ------ ------ ------ ------ ------ ------ ------ ------ ------ ------ ------ ------ ------ ------ ------ ------ ------ ------ ------ ------ ------ ------ ------ ------ ------ ------ ------ ------ ------
Address            Source                                             Warp S Warp S # Samp Instru Thread Predic Avg. T Avg. P Addres Access Access L1 Tag L1 Con L1 Wav L1 Wav L1 Wav L2 The L2 The L2 The L2 Exp               L2 Exp L2 Exp L2 Exp L2 Exp L2 Exp L2 Exp stall_ stall_ stall_ stall_ stall_ stall_ stall_ stall_ stall_ stall_ stall_ stall_ stall_ stall_ stall_ stall_ stall_ stall_ stall_ stall_ stall_ stall_ stall_ stall_ stall_ stall_ stall_ stall_ stall_ stall_ stall_ stall_ stall_ stall_
                                                                      tall S tall S les    ctions  Instr ated-O hreads redica s Spac  Opera  Size   Reque flicts efront efront efront oretic oretic oretic licit                licit  licit  licit  licit  licit  licit  barrie branch dispat drain  lg     long_s math   membar mio    misc   no_ins not_se select short_ sleep  tex    wait   barrie branch dispat drain  lg (No long_s math ( membar mio (N misc ( no_ins not_se select short_ sleepi tex (N wait (
                                                                      amplin amplin         Execu uction n Thre  Execu ted-On e      tion          sts Gl  Share s Shar s Shar s Shar al Sec al Sec al Sec Evict                Hit Po Hit Po Hit Po Hit Po Miss P Miss P r      _resol ch                   b                                  t      lected ed     sb                          r (Not _resol ch (No (Not I t Issu b (Not Not Is  (Not  ot Iss Not Is t (Not lected ed (No sb (No ng (No ot Iss Not Is
                                                                      g (All g (Not        ted    s Exec ad Ins ted     Threa                      obal   d N-Wa ed Exc ed     ed Ide tors G tors G tors G Polici               licy E licy E licy E licy E olicy  olicy         ving                                                                                                             Issue ving ( t Issu ssued) ed)     Issue sued)  Issued ued)   sued)   Issue  (Not  t Issu t Issu t Issu ued)   sued) 
                                                                       Sampl -issue               uted   tructi        ds Exe                             y      essive        al     lobal  lobal  lobal  es                   vict F vict L vict N vict N Evict  Evict                                                                                                                         d)     Not Is ed)                  d)            )                    d)     Issued ed)    ed)    ed)                 
                                                                      es)    d Samp                      ons Ex        cuted                                                          Excess        Ideal                       irst   ast    ormal  ormal  First  Normal                                                                                                                               sued)                                                                 )                                        
                                                                             les)                        ecuted                                                                       ive                                                            Demote                                                                                                                                                                                                                                                            
0x7011c4000              LDC R1, c[0x0][0x37c]                        1      1      1      16     512    512    32     32     -      -      -      0      0      0      0      0      0      0      0      -                    0      0      0      0      0      0      0      0      0      0      0      0      0      0      0      0      1      0      0      0      0      0      0      0      0      0      0      0      0      0      0      0      0      1      0      0      0      0      0      0     
0x7011c4010              S2R R13, SR_TID.X                            0      0      0      16     512    512    32     32     -      -      -      0      0      0      0      0      0      0      0      -                    0      0      0      0      0      0      0      0      0      0      0      0      0      0      0      0      0      0      0      0      0      0      0      0      0      0      0      0      0      0      0      0      0      0      0      0      0      0      0      0     
0x7011c4020              LDCU UR4, c[0x0][0x398]                      0      0      0      16     512    512    32     32     -      -      -      0      0      0      0      0      0      0      0      -                    0      0      0      0      0      0      0      0      0      0      0      0      0      0      0      0      0      0      0      0      0      0      0      0      0      0      0      0      0      0      0      0      0      0      0      0      0      0      0      0     
0x7011c4030              LDC.64 R2, c[0x0][0x380]                     0      0      0      16     512    512    32     32     -      -      -      0      0      0      0      0      0      0      0      -                    0      0      0      0      0      0      0      0      0      0      0      0      0      0      0      0      0      0      0      0      0      0      0      0      0      0      0      0      0      0      0      0      0      0      0      0      0      0      0      0     
0x7011c4040              HFMA2 R6, -RZ, RZ, 0, 0                      0      0      0      16     512    512    32     32     -      -      -      0      0      0      0      0      0      0      0      -                    0      0      0      0      0      0      0      0      0      0      0      0      0      0      0      0      0      0      0      0      0      0      0      0      0      0      0      0      0      0      0      0      0      0      0      0      0      0      0      0     
0x7011c4050              S2R R4, SR_CTAID.X                           0      0      0      16     512    512    32     32     -      -      -      0      0      0      0      0      0      0      0      -                    0      0      0      0      0      0      0      0      0      0      0      0      0      0      0      0      0      0      0      0      0      0      0      0      0      0      0      0      0      0      0      0      0      0      0      0      0      0      0      0     
0x7011c4060              LDCU.64 UR6, c[0x0][0x358]                   0      0      0      16     512    512    32     32     -      -      -      0      0      0      0      0      0      0      0      -                    0      0      0      0      0      0      0      0      0      0      0      0      0      0      0      0      0      0      0      0      0      0      0      0      0      0      0      0      0      0      0      0      0      0      0      0      0      0      0      0     
0x7011c4070              LDCU.64 UR8, c[0x0][0x388]                   0      0      0      16     512    512    32     32     -      -      -      0      0      0      0      0      0      0      0      -                    0      0      0      0      0      0      0      0      0      0      0      0      0      0      0      0      0      0      0      0      0      0      0      0      0      0      0      0      0      0      0      0      0      0      0      0      0      0      0      0     
0x7011c4080              IMAD.SHL.U32 R0, R13, 0x2, RZ                0      0      0      16     512    512    32     32     -      -      -      0      0      0      0      0      0      0      0      -                    0      0      0      0      0      0      0      0      0      0      0      0      0      0      0      0      0      0      0      0      0      0      0      0      0      0      0      0      0      0      0      0      0      0      0      0      0      0      0      0     
0x7011c4090              ISETP.GE.AND P1, PT, R4, UR4, PT             2      2      2      16     512    512    32     32     -      -      -      0      0      0      0      0      0      0      0      -                    0      0      0      0      0      0      0      0      0      0      0      0      0      0      0      0      0      0      0      2      0      0      0      0      0      0      0      0      0      0      0      0      0      0      0      0      2      0      0      0     
0x7011c40a0              LOP3.LUT R5, R0, 0x7e, RZ, 0xc0, !PT         0      0      0      16     512    512    32     32     -      -      -      0      0      0      0      0      0      0      0      -                    0      0      0      0      0      0      0      0      0      0      0      0      0      0      0      0      0      0      0      0      0      0      0      0      0      0      0      0      0      0      0      0      0      0      0      0      0      0      0      0     
0x7011c40b0              LEA R0, R4, R5, 0x7                          0      0      0      16     512    512    32     32     -      -      -      0      0      0      0      0      0      0      0      -                    0      0      0      0      0      0      0      0      0      0      0      0      0      0      0      0      0      0      0      0      0      0      0      0      0      0      0      0      0      0      0      0      0      0      0      0      0      0      0      0     
0x7011c40c0              IMAD.WIDE R2, R0, 0x2, R2                    0      0      0      16     512    512    32     32     -      -      -      0      0      0      0      0      0      0      0      -                    0      0      0      0      0      0      0      0      0      0      0      0      0      0      0      0      0      0      0      0      0      0      0      0      0      0      0      0      0      0      0      0      0      0      0      0      0      0      0      0     
0x7011c40d0        @!P1  LDG.E R6, desc[UR6][R2.64]                   0      0      0      16     512    512    32     32     Global Load   32     16     0      0      0      0      0      64     64                          0      0      0      0      0      0      0      0      0      0      0      0      0      0      0      0      0      0      0      0      0      0      0      0      0      0      0      0      0      0      0      0      0      0      0      0      0      0      0      0     
0x7011c40e0              IMAD.SHL.U32 R4, R5, 0x2, RZ                 0      0      0      16     512    512    32     32     -      -      -      0      0      0      0      0      0      0      0      -                    0      0      0      0      0      0      0      0      0      0      0      0      0      0      0      0      0      0      0      0      0      0      0      0      0      0      0      0      0      0      0      0      0      0      0      0      0      0      0      0     
0x7011c40f0              UMOV UR4, 0xf0                               0      0      0      16     512    512    32     32     -      -      -      0      0      0      0      0      0      0      0      -                    0      0      0      0      0      0      0      0      0      0      0      0      0      0      0      0      0      0      0      0      0      0      0      0      0      0      0      0      0      0      0      0      0      0      0      0      0      0      0      0     
0x7011c4100              IMAD.HI.U32 R5, R5, 0x2, RZ                  0      0      0      16     512    512    32     32     -      -      -      0      0      0      0      0      0      0      0      -                    0      0      0      0      0      0      0      0      0      0      0      0      0      0      0      0      0      0      0      0      0      0      0      0      0      0      0      0      0      0      0      0      0      0      0      0      0      0      0      0     
0x7011c4110              USHF.R.U32 UR4, UR4, 0x4, URZ                0      0      0      16     512    512    32     32     -      -      -      0      0      0      0      0      0      0      0      -                    0      0      0      0      0      0      0      0      0      0      0      0      0      0      0      0      0      0      0      0      0      0      0      0      0      0      0      0      0      0      0      0      0      0      0      0      0      0      0      0     
0x7011c4120              UMOV UR5, 0x140                              0      0      0      16     512    512    32     32     -      -      -      0      0      0      0      0      0      0      0      -                    0      0      0      0      0      0      0      0      0      0      0      0      0      0      0      0      0      0      0      0      0      0      0      0      0      0      0      0      0      0      0      0      0      0      0      0      0      0      0      0     
0x7011c4130              ULOP3.LUT UR5, UR5, 0xf, UR4, 0xf8, !UPT     0      0      0      16     512    512    32     32     -      -      -      0      0      0      0      0      0      0      0      -                    0      0      0      0      0      0      0      0      0      0      0      0      0      0      0      0      0      0      0      0      0      0      0      0      0      0      0      0      0      0      0      0      0      0      0      0      0      0      0      0     
0x7011c4140              USHF.L.U32 UR5, UR5, 0x14, URZ               0      0      0      16     512    512    32     32     -      -      -      0      0      0      0      0      0      0      0      -                    0      0      0      0      0      0      0      0      0      0      0      0      0      0      0      0      0      0      0      0      0      0      0      0      0      0      0      0      0      0      0      0      0      0      0      0      0      0      0      0     
0x7011c4150              UMOV UR4, URZ                                0      0      0      16     512    512    32     32     -      -      -      0      0      0      0      0      0      0      0      -                    0      0      0      0      0      0      0      0      0      0      0      0      0      0      0      0      0      0      0      0      0      0      0      0      0      0      0      0      0      0      0      0      0      0      0      0      0      0      0      0     
0x7011c4160              IADD.64 R4, R4, UR8                          0      0      0      16     512    512    32     32     -      -      -      0      0      0      0      0      0      0      0      -                    0      0      0      0      0      0      0      0      0      0      0      0      0      0      0      0      0      0      0      0      0      0      0      0      0      0      0      0      0      0      0      0      0      0      0      0      0      0      0      0     
0x7011c4170              LDG.E.EL R4, desc[UR4][R4.64]                0      0      0      16     512    512    32     32     Global Load   32     16     0      0      0      0      0      64     64     HIT_LAST,MISS_NORMAL 0      16     0      0      0      16     0      0      0      0      0      0      0      0      0      0      0      0      0      0      0      0      0      0      0      0      0      0      0      0      0      0      0      0      0      0      0      0      0      0     
0x7011c4180              S2UR UR5, SR_CgaCtaId                        0      0      0      16     512    512    32     32     -      -      -      0      0      0      0      0      0      0      0      -                    0      0      0      0      0      0      0      0      0      0      0      0      0      0      0      0      0      0      0      0      0      0      0      0      0      0      0      0      0      0      0      0      0      0      0      0      0      0      0      0     
0x7011c4190              LOP3.LUT P0, RZ, R13, 0x1f, RZ, 0xc0, !PT    0      0      0      16     512    512    32     32     -      -      -      0      0      0      0      0      0      0      0      -                    0      0      0      0      0      0      0      0      0      0      0      0      0      0      0      0      0      0      0      0      0      0      0      0      0      0      0      0      0      0      0      0      0      0      0      0      0      0      0      0     
0x7011c41a0              UMOV UR4, 0x400                              0      0      0      16     512    512    32     32     -      -      -      0      0      0      0      0      0      0      0      -                    0      0      0      0      0      0      0      0      0      0      0      0      0      0      0      0      0      0      0      0      0      0      0      0      0      0      0      0      0      0      0      0      0      0      0      0      0      0      0      0     
0x7011c41b0              ULEA UR4, UR5, UR4, 0x18                     0      0      0      16     512    512    32     32     -      -      -      0      0      0      0      0      0      0      0      -                    0      0      0      0      0      0      0      0      0      0      0      0      0      0      0      0      0      0      0      0      0      0      0      0      0      0      0      0      0      0      0      0      0      0      0      0      0      0      0      0     
0x7011c41c0              PRMT R7, R6, 0x7632, R7                      7      7      7      16     512    512    32     32     -      -      -      0      0      0      0      0      0      0      0      -                    0      0      0      0      0      0      0      0      0      0      0      7      0      0      0      0      0      0      0      0      0      0      0      0      0      0      0      0      7      0      0      0      0      0      0      0      0      0      0      0     
0x7011c41d0              IMAD.U32 R11, R6, 0x10000, RZ                0      0      0      16     512    512    32     32     -      -      -      0      0      0      0      0      0      0      0      -                    0      0      0      0      0      0      0      0      0      0      0      0      0      0      0      0      0      0      0      0      0      0      0      0      0      0      0      0      0      0      0      0      0      0      0      0      0      0      0      0     
0x7011c41e0              SHF.L.U32 R12, R7, 0x10, RZ                  0      0      0      16     512    512    32     32     -      -      -      0      0      0      0      0      0      0      0      -                    0      0      0      0      0      0      0      0      0      0      0      0      0      0      0      0      0      0      0      0      0      0      0      0      0      0      0      0      0      0      0      0      0      0      0      0      0      0      0      0     
0x7011c41f0              FMUL R2, R12, R12                            0      0      0      16     512    512    32     32     -      -      -      0      0      0      0      0      0      0      0      -                    0      0      0      0      0      0      0      0      0      0      0      0      0      0      0      0      0      0      0      0      0      0      0      0      0      0      0      0      0      0      0      0      0      0      0      0      0      0      0      0     
0x7011c4200              FFMA R2, R11, R11, R2                        0      0      0      16     512    512    32     32     -      -      -      0      0      0      0      0      0      0      0      -                    0      0      0      0      0      0      0      0      0      0      0      0      0      0      0      0      0      0      0      0      0      0      0      0      0      0      0      0      0      0      0      0      0      0      0      0      0      0      0      0     
0x7011c4210              FSEL R3, R2, RZ, !P1                         0      0      0      16     512    512    32     32     -      -      -      0      0      0      0      0      0      0      0      -                    0      0      0      0      0      0      0      0      0      0      0      0      0      0      0      0      0      0      0      0      0      0      0      0      0      0      0      0      0      0      0      0      0      0      0      0      0      0      0      0     
0x7011c4220              SHFL.BFLY PT, R2, R3, 0x10, 0x1f             0      0      0      16     512    512    32     32     -      -      -      0      0      0      0      0      0      0      0      -                    0      0      0      0      0      0      0      0      0      0      0      0      0      0      0      0      0      0      0      0      0      0      0      0      0      0      0      0      0      0      0      0      0      0      0      0      0      0      0      0     
0x7011c4230              FADD R6, R3, R2                              1      0      1      16     512    512    32     32     -      -      -      0      0      0      0      0      0      0      0      -                    0      0      0      0      0      0      0      0      0      0      0      0      0      0      0      0      0      0      1      0      0      0      0      0      0      0      0      0      0      0      0      0      0      0      0      0      0      0      0      0     
0x7011c4240              SHF.R.U32.HI R3, RZ, 0x3, R13                0      0      0      16     512    512    32     32     -      -      -      0      0      0      0      0      0      0      0      -                    0      0      0      0      0      0      0      0      0      0      0      0      0      0      0      0      0      0      0      0      0      0      0      0      0      0      0      0      0      0      0      0      0      0      0      0      0      0      0      0     
0x7011c4250              SHFL.BFLY PT, R7, R6, 0x8, 0x1f              0      0      0      16     512    512    32     32     -      -      -      0      0      0      0      0      0      0      0      -                    0      0      0      0      0      0      0      0      0      0      0      0      0      0      0      0      0      0      0      0      0      0      0      0      0      0      0      0      0      0      0      0      0      0      0      0      0      0      0      0     
0x7011c4260              LOP3.LUT R3, R3, 0x4, RZ, 0xc0, !PT          0      0      0      16     512    512    32     32     -      -      -      0      0      0      0      0      0      0      0      -                    0      0      0      0      0      0      0      0      0      0      0      0      0      0      0      0      0      0      0      0      0      0      0      0      0      0      0      0      0      0      0      0      0      0      0      0      0      0      0      0     
0x7011c4270              FADD R7, R6, R7                              1      1      1      16     512    512    32     32     -      -      -      0      0      0      0      0      0      0      0      -                    0      0      0      0      0      0      0      0      0      0      0      0      0      0      0      0      0      0      0      1      0      0      0      0      0      0      0      0      0      0      0      0      0      0      0      0      1      0      0      0     
0x7011c4280              SHFL.BFLY PT, R2, R7, 0x4, 0x1f              0      0      0      16     512    512    32     32     -      -      -      0      0      0      0      0      0      0      0      -                    0      0      0      0      0      0      0      0      0      0      0      0      0      0      0      0      0      0      0      0      0      0      0      0      0      0      0      0      0      0      0      0      0      0      0      0      0      0      0      0     
0x7011c4290              FADD R5, R7, R2                              0      0      0      16     512    512    32     32     -      -      -      0      0      0      0      0      0      0      0      -                    0      0      0      0      0      0      0      0      0      0      0      0      0      0      0      0      0      0      0      0      0      0      0      0      0      0      0      0      0      0      0      0      0      0      0      0      0      0      0      0     
0x7011c42a0              SHFL.BFLY PT, R2, R5, 0x2, 0x1f              0      0      0      16     512    512    32     32     -      -      -      0      0      0      0      0      0      0      0      -                    0      0      0      0      0      0      0      0      0      0      0      0      0      0      0      0      0      0      0      0      0      0      0      0      0      0      0      0      0      0      0      0      0      0      0      0      0      0      0      0     
0x7011c42b0              FADD R8, R5, R2                              0      0      0      16     512    512    32     32     -      -      -      0      0      0      0      0      0      0      0      -                    0      0      0      0      0      0      0      0      0      0      0      0      0      0      0      0      0      0      0      0      0      0      0      0      0      0      0      0      0      0      0      0      0      0      0      0      0      0      0      0     
0x7011c42c0              LOP3.LUT R2, R13, 0x3f, RZ, 0xc0, !PT        0      0      0      16     512    512    32     32     -      -      -      0      0      0      0      0      0      0      0      -                    0      0      0      0      0      0      0      0      0      0      0      0      0      0      0      0      0      0      0      0      0      0      0      0      0      0      0      0      0      0      0      0      0      0      0      0      0      0      0      0     
0x7011c42d0              SHFL.BFLY PT, R9, R8, 0x1, 0x1f              0      0      0      16     512    512    32     32     -      -      -      0      0      0      0      0      0      0      0      -                    0      0      0      0      0      0      0      0      0      0      0      0      0      0      0      0      0      0      0      0      0      0      0      0      0      0      0      0      0      0      0      0      0      0      0      0      0      0      0      0     
0x7011c42e0              ISETP.GE.U32.AND P2, PT, R2, 0x2, PT         0      0      0      16     512    512    32     32     -      -      -      0      0      0      0      0      0      0      0      -                    0      0      0      0      0      0      0      0      0      0      0      0      0      0      0      0      0      0      0      0      0      0      0      0      0      0      0      0      0      0      0      0      0      0      0      0      0      0      0      0     
0x7011c42f0              LEA R5, R2, UR4, 0x2                         0      0      0      16     512    512    32     32     -      -      -      0      0      0      0      0      0      0      0      -                    0      0      0      0      0      0      0      0      0      0      0      0      0      0      0      0      0      0      0      0      0      0      0      0      0      0      0      0      0      0      0      0      0      0      0      0      0      0      0      0     
0x7011c4300              FADD R14, R8, R9                             0      0      0      16     512    512    32     32     -      -      -      0      0      0      0      0      0      0      0      -                    0      0      0      0      0      0      0      0      0      0      0      0      0      0      0      0      0      0      0      0      0      0      0      0      0      0      0      0      0      0      0      0      0      0      0      0      0      0      0      0     
0x7011c4310              PRMT R8, R4, 0x7632, R8                      0      0      0      16     512    512    32     32     -      -      -      0      0      0      0      0      0      0      0      -                    0      0      0      0      0      0      0      0      0      0      0      0      0      0      0      0      0      0      0      0      0      0      0      0      0      0      0      0      0      0      0      0      0      0      0      0      0      0      0      0     
0x7011c4320              SHF.L.U32 R9, R4, 0x10, RZ                   0      0      0      16     512    512    32     32     -      -      -      0      0      0      0      0      0      0      0      -                    0      0      0      0      0      0      0      0      0      0      0      0      0      0      0      0      0      0      0      0      0      0      0      0      0      0      0      0      0      0      0      0      0      0      0      0      0      0      0      0     
0x7011c4330        @!P0  STS [R3+UR4], R14                            0      0      0      16     512    16     32     1      Shared Store  32     0      1      0      16     16     0      0      0      -                    0      0      0      0      0      0      0      0      0      0      0      0      0      0      0      0      0      0      0      0      0      0      0      0      0      0      0      0      0      0      0      0      0      0      0      0      0      0      0      0     
0x7011c4340              BAR.SYNC.DEFER_BLOCKING 0x0                  0      0      0      16     512    512    32     32     -      -      -      0      0      0      0      0      0      0      0      -                    0      0      0      0      0      0      0      0      0      0      0      0      0      0      0      0      0      0      0      0      0      0      0      0      0      0      0      0      0      0      0      0      0      0      0      0      0      0      0      0     
0x7011c4350              LOP3.LUT P0, RZ, R13, 0x1, RZ, 0xc0, !PT     0      0      0      16     512    512    32     32     -      -      -      0      0      0      0      0      0      0      0      -                    0      0      0      0      0      0      0      0      0      0      0      0      0      0      0      0      0      0      0      0      0      0      0      0      0      0      0      0      0      0      0      0      0      0      0      0      0      0      0      0     
0x7011c4360              IMAD.U32 R8, R8, 0x10000, RZ                 0      0      0      16     512    512    32     32     -      -      -      0      0      0      0      0      0      0      0      -                    0      0      0      0      0      0      0      0      0      0      0      0      0      0      0      0      0      0      0      0      0      0      0      0      0      0      0      0      0      0      0      0      0      0      0      0      0      0      0      0     
0x7011c4370              ISETP.LT.U32.AND P0, PT, R2, 0x2, !P0        0      0      0      16     512    512    32     32     -      -      -      0      0      0      0      0      0      0      0      -                    0      0      0      0      0      0      0      0      0      0      0      0      0      0      0      0      0      0      0      0      0      0      0      0      0      0      0      0      0      0      0      0      0      0      0      0      0      0      0      0     
0x7011c4380        @!P2  LDS R10, [R5]                                0      0      0      16     512    16     32     1      Shared Load   32     0      0      0      8      8      0      0      0      -                    0      0      0      0      0      0      0      0      0      0      0      0      0      0      0      0      0      0      0      0      0      0      0      0      0      0      0      0      0      0      0      0      0      0      0      0      0      0      0      0     
0x7011c4390              SHFL.BFLY PT, R7, R10, 0x1, 0x1f             0      0      0      16     512    512    32     32     -      -      -      0      0      0      0      0      0      0      0      -                    0      0      0      0      0      0      0      0      0      0      0      0      0      0      0      0      0      0      0      0      0      0      0      0      0      0      0      0      0      0      0      0      0      0      0      0      0      0      0      0     
0x7011c43a0              FADD R6, R10, R7                             0      0      0      16     512    512    32     32     -      -      -      0      0      0      0      0      0      0      0      -                    0      0      0      0      0      0      0      0      0      0      0      0      0      0      0      0      0      0      0      0      0      0      0      0      0      0      0      0      0      0      0      0      0      0      0      0      0      0      0      0     
0x7011c43b0              HFMA2 R7, -RZ, RZ, 1, 0                      0      0      0      16     512    512    32     32     -      -      -      0      0      0      0      0      0      0      0      -                    0      0      0      0      0      0      0      0      0      0      0      0      0      0      0      0      0      0      0      0      0      0      0      0      0      0      0      0      0      0      0      0      0      0      0      0      0      0      0      0     
0x7011c43c0        @P0   STS [R5], R6                                 0      0      0      16     512    8      32     0      Shared Store  32     0      0      0      8      8      0      0      0      -                    0      0      0      0      0      0      0      0      0      0      0      0      0      0      0      0      0      0      0      0      0      0      0      0      0      0      0      0      0      0      0      0      0      0      0      0      0      0      0      0     
0x7011c43d0              BAR.SYNC.DEFER_BLOCKING 0x0                  0      0      0      16     512    512    32     32     -      -      -      0      0      0      0      0      0      0      0      -                    0      0      0      0      0      0      0      0      0      0      0      0      0      0      0      0      0      0      0      0      0      0      0      0      0      0      0      0      0      0      0      0      0      0      0      0      0      0      0      0     
0x7011c43e0              LDS R2, [UR4]                                0      0      0      16     512    512    32     32     Shared Load   32     0      1      0      16     16     0      0      0      -                    0      0      0      0      0      0      0      0      0      0      0      0      0      0      0      0      0      0      0      0      0      0      0      0      0      0      0      0      0      0      0      0      0      0      0      0      0      0      0      0     
0x7011c43f0              FFMA R7, R2, R7, 9.9999999747524270788e-07   0      0      0      16     512    512    32     32     -      -      -      0      0      0      0      0      0      0      0      -                    0      0      0      0      0      0      0      0      0      0      0      0      0      0      0      0      0      0      0      0      0      0      0      0      0      0      0      0      0      0      0      0      0      0      0      0      0      0      0      0     
0x7011c4400              LDC.64 R2, c[0x0][0x390]                     0      0      0      16     512    512    32     32     -      -      -      0      0      0      0      0      0      0      0      -                    0      0      0      0      0      0      0      0      0      0      0      0      0      0      0      0      0      0      0      0      0      0      0      0      0      0      0      0      0      0      0      0      0      0      0      0      0      0      0      0     
0x7011c4410              MUFU.RSQ R7, R7                              0      0      0      16     512    512    32     32     -      -      -      0      0      0      0      0      0      0      0      -                    0      0      0      0      0      0      0      0      0      0      0      0      0      0      0      0      0      0      0      0      0      0      0      0      0      0      0      0      0      0      0      0      0      0      0      0      0      0      0      0     
0x7011c4420              FMUL R4, R11, R7                             0      0      0      16     512    512    32     32     -      -      -      0      0      0      0      0      0      0      0      -                    0      0      0      0      0      0      0      0      0      0      0      0      0      0      0      0      0      0      0      0      0      0      0      0      0      0      0      0      0      0      0      0      0      0      0      0      0      0      0      0     
0x7011c4430              FMUL R5, R12, R7                             0      0      0      16     512    512    32     32     -      -      -      0      0      0      0      0      0      0      0      -                    0      0      0      0      0      0      0      0      0      0      0      0      0      0      0      0      0      0      0      0      0      0      0      0      0      0      0      0      0      0      0      0      0      0      0      0      0      0      0      0     
0x7011c4440              IMAD.WIDE R2, R0, 0x2, R2                    0      0      0      16     512    512    32     32     -      -      -      0      0      0      0      0      0      0      0      -                    0      0      0      0      0      0      0      0      0      0      0      0      0      0      0      0      0      0      0      0      0      0      0      0      0      0      0      0      0      0      0      0      0      0      0      0      0      0      0      0     
0x7011c4450              FMUL R4, R4, R9                              0      0      0      16     512    512    32     32     -      -      -      0      0      0      0      0      0      0      0      -                    0      0      0      0      0      0      0      0      0      0      0      0      0      0      0      0      0      0      0      0      0      0      0      0      0      0      0      0      0      0      0      0      0      0      0      0      0      0      0      0     
0x7011c4460              FMUL R5, R5, R8                              0      0      0      16     512    512    32     32     -      -      -      0      0      0      0      0      0      0      0      -                    0      0      0      0      0      0      0      0      0      0      0      0      0      0      0      0      0      0      0      0      0      0      0      0      0      0      0      0      0      0      0      0      0      0      0      0      0      0      0      0     
0x7011c4470              F2FP.BF16.F32.PACK_AB R5, R5, R4             0      0      0      16     512    512    32     32     -      -      -      0      0      0      0      0      0      0      0      -                    0      0      0      0      0      0      0      0      0      0      0      0      0      0      0      0      0      0      0      0      0      0      0      0      0      0      0      0      0      0      0      0      0      0      0      0      0      0      0      0     
0x7011c4480        @P1   EXIT                                         0      0      0      16     512    0      32     0      -      -      -      0      0      0      0      0      0      0      0      -                    0      0      0      0      0      0      0      0      0      0      0      0      0      0      0      0      0      0      0      0      0      0      0      0      0      0      0      0      0      0      0      0      0      0      0      0      0      0      0      0     
0x7011c4490              STG.E desc[UR6][R2.64], R5                   0      0      0      16     512    512    32     32     Global Store  32     16     0      0      0      0      0      64     64                          0      0      0      0      0      0      0      0      0      0      0      0      0      0      0      0      0      0      0      0      0      0      0      0      0      0      0      0      0      0      0      0      0      0      0      0      0      0      0      0     
0x7011c44a0              EXIT                                         0      0      0      16     512    512    32     32     -      -      -      0      0      0      0      0      0      0      0      -                    0      0      0      0      0      0      0      0      0      0      0      0      0      0      0      0      0      0      0      0      0      0      0      0      0      0      0      0      0      0      0      0      0      0      0      0      0      0      0      0     
0x7011c44b0              BRA 0x7011c44b0                              0      0      0      0      0      0      0      0      -      -      -      0      0      0      0      0      0      0      0      -                    0      0      0      0      0      0      0      0      0      0      0      0      0      0      0      0      0      0      0      0      0      0      0      0      0      0      0      0      0      0      0      0      0      0      0      0      0      0      0      0     
0x7011c44c0              NOP                                          0      0      0      0      0      0      0      0      -      -      -      0      0      0      0      0      0      0      0      -                    0      0      0      0      0      0      0      0      0      0      0      0      0      0      0      0      0      0      0      0      0      0      0      0      0      0      0      0      0      0      0      0      0      0      0      0      0      0      0      0     
0x7011c44d0              NOP                                          0      0      0      0      0      0      0      0      -      -      -      0      0      0      0      0      0      0      0      -                    0      0      0      0      0      0      0      0      0      0      0      0      0      0      0      0      0      0      0      0      0      0      0      0      0      0      0      0      0      0      0      0      0      0      0      0      0      0      0      0     
0x7011c44e0              NOP                                          0      0      0      0      0      0      0      0      -      -      -      0      0      0      0      0      0      0      0      -                    0      0      0      0      0      0      0      0      0      0      0      0      0      0      0      0      0      0      0      0      0      0      0      0      0      0      0      0      0      0      0      0      0      0      0      0      0      0      0      0     
0x7011c44f0              NOP                                          0      0      0      0      0      0      0      0      -      -      -      0      0      0      0      0      0      0      0      -                    0      0      0      0      0      0      0      0      0      0      0      0      0      0      0      0      0      0      0      0      0      0      0      0      0      0      0      0      0      0      0      0      0      0      0      0      0      0      0      0     
0x7011c4500              NOP                                          0      0      0      0      0      0      0      0      -      -      -      0      0      0      0      0      0      0      0      -                    0      0      0      0      0      0      0      0      0      0      0      0      0      0      0      0      0      0      0      0      0      0      0      0      0      0      0      0      0      0      0      0      0      0      0      0      0      0      0      0     
0x7011c4510              NOP                                          0      0      0      0      0      0      0      0      -      -      -      0      0      0      0      0      0      0      0      -                    0      0      0      0      0      0      0      0      0      0      0      0      0      0      0      0      0      0      0      0      0      0      0      0      0      0      0      0      0      0      0      0      0      0      0      0      0      0      0      0     
0x7011c4520              NOP                                          0      0      0      0      0      0      0      0      -      -      -      0      0      0      0      0      0      0      0      -                    0      0      0      0      0      0      0      0      0      0      0      0      0      0      0      0      0      0      0      0      0      0      0      0      0      0      0      0      0      0      0      0      0      0      0      0      0      0      0      0     
0x7011c4530              NOP                                          0      0      0      0      0      0      0      0      -      -      -      0      0      0      0      0      0      0      0      -                    0      0      0      0      0      0      0      0      0      0      0      0      0      0      0      0      0      0      0      0      0      0      0      0      0      0      0      0      0      0      0      0      0      0      0      0      0      0      0      0     
0x7011c4540              NOP                                          0      0      0      0      0      0      0      0      -      -      -      0      0      0      0      0      0      0      0      -                    0      0      0      0      0      0      0      0      0      0      0      0      0      0      0      0      0      0      0      0      0      0      0      0      0      0      0      0      0      0      0      0      0      0      0      0      0      0      0      0     
0x7011c4550              NOP                                          0      0      0      0      0      0      0      0      -      -      -      0      0      0      0      0      0      0      0      -                    0      0      0      0      0      0      0      0      0      0      0      0      0      0      0      0      0      0      0      0      0      0      0      0      0      0      0      0      0      0      0      0      0      0      0      0      0      0      0      0     
0x7011c4560              NOP                                          0      0      0      0      0      0      0      0      -      -      -      0      0      0      0      0      0      0      0      -                    0      0      0      0      0      0      0      0      0      0      0      0      0      0      0      0      0      0      0      0      0      0      0      0      0      0      0      0      0      0      0      0      0      0      0      0      0      0      0      0     
0x7011c4570              NOP                                          0      0      0      0      0      0      0      0      -      -      -      0      0      0      0      0      0      0      0      -                    0      0      0      0      0      0      0      0      0      0      0      0      0      0      0      0      0      0      0      0      0      0      0      0      0      0      0      0      0      0      0      0      0      0      0      0      0      0      0      0     
------------------ ------------------------------------------------------- ------ ------ ------ ------ ------ ------ ------ ------ ------ ------ ------ ------ ------ ------ ------ ------ ------ -------------------- ------ ------ ------ ------ ------ ------ ------ ------ ------ ------ ------ ------ ------ ------ ------ ------ ------ ------ ------ ------ ------ ------ ------ ------ ------ ------ ------ ------ ------ ------ ------ ------ ------ ------ ------ ------ ------ ------ ------ ------
Kernel Name        triton_poi_fused__to_copy_add_cat_index_mul_split_sub_0                                                                                                                                                                                                                                                                                                                                                                                                                                    
------------------ ------------------------------------------------------- ------ ------ ------ ------ ------ ------ ------ ------ ------ ------ ------ ------ ------ ------ ------ ------ ------ -------------------- ------ ------ ------ ------ ------ ------ ------ ------ ------ ------ ------ ------ ------ ------ ------ ------ ------ ------ ------ ------ ------ ------ ------ ------ ------ ------ ------ ------ ------ ------ ------ ------ ------ ------ ------ ------ ------ ------ ------ ------
Address            Source                                                  Warp S Warp S # Samp Instru Thread Predic Avg. T Avg. P Diverg Addres Access Access L1 Tag L1 Con L2 The L2 The L2 The L2 Exp               L2 Exp L2 Exp L2 Exp L2 Exp L2 Exp L2 Exp stall_ stall_ stall_ stall_ stall_ stall_ stall_ stall_ stall_ stall_ stall_ stall_ stall_ stall_ stall_ stall_ stall_ stall_ stall_ stall_ stall_ stall_ stall_ stall_ stall_ stall_ stall_ stall_ stall_ stall_ stall_ stall_ stall_ stall_
                                                                           tall S tall S les    ctions  Instr ated-O hreads redica ent Br s Spac  Opera  Size   Reque flicts oretic oretic oretic licit                licit  licit  licit  licit  licit  licit  barrie branch dispat drain  lg     long_s math   membar mio    misc   no_ins not_se select short_ sleep  tex    wait   barrie branch dispat drain  lg (No long_s math ( membar mio (N misc ( no_ins not_se select short_ sleepi tex (N wait (
                                                                           amplin amplin         Execu uction n Thre  Execu ted-On anches e      tion          sts Gl  Share al Sec al Sec al Sec Evict                Hit Po Hit Po Hit Po Hit Po Miss P Miss P r      _resol ch                   b                                  t      lected ed     sb                          r (Not _resol ch (No (Not I t Issu b (Not Not Is  (Not  ot Iss Not Is t (Not lected ed (No sb (No ng (No ot Iss Not Is
                                                                           g (All g (Not        ted    s Exec ad Ins ted     Threa                             obal   d N-Wa tors G tors G tors G Polici               licy E licy E licy E licy E olicy  olicy         ving                                                                                                             Issue ving ( t Issu ssued) ed)     Issue sued)  Issued ued)   sued)   Issue  (Not  t Issu t Issu t Issu ued)   sued) 
                                                                            Sampl -issue               uted   tructi        ds Exe                                    y      lobal  lobal  lobal  es                   vict F vict L vict N vict N Evict  Evict                                                                                                                         d)     Not Is ed)                  d)            )                    d)     Issued ed)    ed)    ed)                 
                                                                           es)    d Samp                      ons Ex        cuted                                            Excess        Ideal                       irst   ast    ormal  ormal  First  Normal                                                                                                                               sued)                                                                 )                                        
                                                                                  les)                        ecuted                                                         ive                                                            Demote                                                                                                                                                                                                                                                            
0x7011c4e00              LDC R1, c[0x0][0x37c]                             2      2      2      32     1024   1024   32     32     0      -      -      -      0      0      0      0      0      -                    0      0      0      0      0      0      0      0      0      0      0      0      0      0      0      0      2      0      0      0      0      0      0      0      0      0      0      0      0      0      0      0      0      2      0      0      0      0      0      0     
0x7011c4e10              S2R R5, SR_TID.X                                  0      0      0      32     1024   1024   32     32     0      -      -      -      0      0      0      0      0      -                    0      0      0      0      0      0      0      0      0      0      0      0      0      0      0      0      0      0      0      0      0      0      0      0      0      0      0      0      0      0      0      0      0      0      0      0      0      0      0      0     
0x7011c4e20              LDCU.64 UR8, c[0x0][0x358]                        0      0      0      32     1024   1024   32     32     0      -      -      -      0      0      0      0      0      -                    0      0      0      0      0      0      0      0      0      0      0      0      0      0      0      0      0      0      0      0      0      0      0      0      0      0      0      0      0      0      0      0      0      0      0      0      0      0      0      0     
0x7011c4e30              LDC.64 R18, c[0x0][0x388]                         0      0      0      32     1024   1024   32     32     0      -      -      -      0      0      0      0      0      -                    0      0      0      0      0      0      0      0      0      0      0      0      0      0      0      0      0      0      0      0      0      0      0      0      0      0      0      0      0      0      0      0      0      0      0      0      0      0      0      0     
0x7011c4e40              S2R R6, SR_CTAID.X                                0      0      0      32     1024   1024   32     32     0      -      -      -      0      0      0      0      0      -                    0      0      0      0      0      0      0      0      0      0      0      0      0      0      0      0      0      0      0      0      0      0      0      0      0      0      0      0      0      0      0      0      0      0      0      0      0      0      0      0     
0x7011c4e50              LDCU UR6, c[0x0][0x3a0]                           0      0      0      32     1024   1024   32     32     0      -      -      -      0      0      0      0      0      -                    0      0      0      0      0      0      0      0      0      0      0      0      0      0      0      0      0      0      0      0      0      0      0      0      0      0      0      0      0      0      0      0      0      0      0      0      0      0      0      0     
0x7011c4e60              LDCU.64 UR10, c[0x0][0x380]                       1      0      1      32     1024   1024   32     32     0      -      -      -      0      0      0      0      0      -                    0      0      0      0      0      0      0      0      0      0      0      0      0      0      0      0      0      0      1      0      0      0      0      0      0      0      0      0      0      0      0      0      0      0      0      0      0      0      0      0     
0x7011c4e70              LDG.E.64 R16, desc[UR8][R18.64]                   0      0      0      32     1024   1024   32     32     0      Global Load   64     32     0      0      32     32                          0      0      0      0      0      0      0      0      0      0      0      0      0      0      0      0      0      0      0      0      0      0      0      0      0      0      0      0      0      0      0      0      0      0      0      0      0      0      0      0     
0x7011c4e80              UMOV UR4, 0xf0                                    0      0      0      32     1024   1024   32     32     0      -      -      -      0      0      0      0      0      -                    0      0      0      0      0      0      0      0      0      0      0      0      0      0      0      0      0      0      0      0      0      0      0      0      0      0      0      0      0      0      0      0      0      0      0      0      0      0      0      0     
0x7011c4e90              HFMA2 R24, -RZ, RZ, 0, 0                          0      0      0      32     1024   1024   32     32     0      -      -      -      0      0      0      0      0      -                    0      0      0      0      0      0      0      0      0      0      0      0      0      0      0      0      0      0      0      0      0      0      0      0      0      0      0      0      0      0      0      0      0      0      0      0      0      0      0      0     
0x7011c4ea0              USHF.R.U32 UR4, UR4, 0x4, URZ                     0      0      0      32     1024   1024   32     32     0      -      -      -      0      0      0      0      0      -                    0      0      0      0      0      0      0      0      0      0      0      0      0      0      0      0      0      0      0      0      0      0      0      0      0      0      0      0      0      0      0      0      0      0      0      0      0      0      0      0     
0x7011c4eb0              UMOV UR5, 0x140                                   0      0      0      32     1024   1024   32     32     0      -      -      -      0      0      0      0      0      -                    0      0      0      0      0      0      0      0      0      0      0      0      0      0      0      0      0      0      0      0      0      0      0      0      0      0      0      0      0      0      0      0      0      0      0      0      0      0      0      0     
0x7011c4ec0              ULOP3.LUT UR5, UR5, 0xf, UR4, 0xf8, !UPT          0      0      0      32     1024   1024   32     32     0      -      -      -      0      0      0      0      0      -                    0      0      0      0      0      0      0      0      0      0      0      0      0      0      0      0      0      0      0      0      0      0      0      0      0      0      0      0      0      0      0      0      0      0      0      0      0      0      0      0     
0x7011c4ed0              USHF.L.U32 UR5, UR5, 0x14, URZ                    0      0      0      32     1024   1024   32     32     0      -      -      -      0      0      0      0      0      -                    0      0      0      0      0      0      0      0      0      0      0      0      0      0      0      0      0      0      0      0      0      0      0      0      0      0      0      0      0      0      0      0      0      0      0      0      0      0      0      0     
0x7011c4ee0              UMOV UR4, URZ                                     0      0      0      32     1024   1024   32     32     0      -      -      -      0      0      0      0      0      -                    0      0      0      0      0      0      0      0      0      0      0      0      0      0      0      0      0      0      0      0      0      0      0      0      0      0      0      0      0      0      0      0      0      0      0      0      0      0      0      0     
0x7011c4ef0              LOP3.LUT R5, R5, 0x7f, RZ, 0xc0, !PT              0      0      0      32     1024   1024   32     32     0      -      -      -      0      0      0      0      0      -                    0      0      0      0      0      0      0      0      0      0      0      0      0      0      0      0      0      0      0      0      0      0      0      0      0      0      0      0      0      0      0      0      0      0      0      0      0      0      0      0     
0x7011c4f00              IMAD.SHL.U32 R0, R6, 0x100, RZ                    0      0      0      32     1024   1024   32     32     0      -      -      -      0      0      0      0      0      -                    0      0      0      0      0      0      0      0      0      0      0      0      0      0      0      0      0      0      0      0      0      0      0      0      0      0      0      0      0      0      0      0      0      0      0      0      0      0      0      0     
0x7011c4f10              SHF.R.S32.HI R4, RZ, 0x17, R6                     0      0      0      32     1024   1024   32     32     0      -      -      -      0      0      0      0      0      -                    0      0      0      0      0      0      0      0      0      0      0      0      0      0      0      0      0      0      0      0      0      0      0      0      0      0      0      0      0      0      0      0      0      0      0      0      0      0      0      0     
0x7011c4f20              IMAD R3, R5, 0x2, R0                              0      0      0      32     1024   1024   32     32     0      -      -      -      0      0      0      0      0      -                    0      0      0      0      0      0      0      0      0      0      0      0      0      0      0      0      0      0      0      0      0      0      0      0      0      0      0      0      0      0      0      0      0      0      0      0      0      0      0      0     
0x7011c4f30              SGXT R4, R4, 0x1                                  0      0      0      32     1024   1024   32     32     0      -      -      -      0      0      0      0      0      -                    0      0      0      0      0      0      0      0      0      0      0      0      0      0      0      0      0      0      0      0      0      0      0      0      0      0      0      0      0      0      0      0      0      0      0      0      0      0      0      0     
0x7011c4f40              IMAD.SHL.U32 R14, R3, 0x2, RZ                     0      0      0      32     1024   1024   32     32     0      -      -      -      0      0      0      0      0      -                    0      0      0      0      0      0      0      0      0      0      0      0      0      0      0      0      0      0      0      0      0      0      0      0      0      0      0      0      0      0      0      0      0      0      0      0      0      0      0      0     
0x7011c4f50              LEA.HI R0, R4, R3, RZ, 0x7                        0      0      0      32     1024   1024   32     32     0      -      -      -      0      0      0      0      0      -                    0      0      0      0      0      0      0      0      0      0      0      0      0      0      0      0      0      0      0      0      0      0      0      0      0      0      0      0      0      0      0      0      0      0      0      0      0      0      0      0     
0x7011c4f60              IMAD.HI R15, R3, 0x2, RZ                          0      0      0      32     1024   1024   32     32     0      -      -      -      0      0      0      0      0      -                    0      0      0      0      0      0      0      0      0      0      0      0      0      0      0      0      0      0      0      0      0      0      0      0      0      0      0      0      0      0      0      0      0      0      0      0      0      0      0      0     
0x7011c4f70              ISETP.GE.AND P3, PT, R3, UR6, PT                  0      0      0      32     1024   1024   32     32     0      -      -      -      0      0      0      0      0      -                    0      0      0      0      0      0      0      0      0      0      0      0      0      0      0      0      0      0      0      0      0      0      0      0      0      0      0      0      0      0      0      0      0      0      0      0      0      0      0      0     
0x7011c4f80              LOP3.LUT R0, R0, 0xffffff80, RZ, 0xc0, !PT        0      0      0      32     1024   1024   32     32     0      -      -      -      0      0      0      0      0      -                    0      0      0      0      0      0      0      0      0      0      0      0      0      0      0      0      0      0      0      0      0      0      0      0      0      0      0      0      0      0      0      0      0      0      0      0      0      0      0      0     
0x7011c4f90              IADD3 R9, R3, -R0, RZ                             0      0      0      32     1024   1024   32     32     0      -      -      -      0      0      0      0      0      -                    0      0      0      0      0      0      0      0      0      0      0      0      0      0      0      0      0      0      0      0      0      0      0      0      0      0      0      0      0      0      0      0      0      0      0      0      0      0      0      0     
0x7011c4fa0              IADD.64 R2, R14, UR10                             0      0      0      32     1024   1024   32     32     0      -      -      -      0      0      0      0      0      -                    0      0      0      0      0      0      0      0      0      0      0      0      0      0      0      0      0      0      0      0      0      0      0      0      0      0      0      0      0      0      0      0      0      0      0      0      0      0      0      0     
0x7011c4fb0              ISETP.LT.AND P2, PT, R9, 0x40, !P3                0      0      0      32     1024   1024   32     32     0      -      -      -      0      0      0      0      0      -                    0      0      0      0      0      0      0      0      0      0      0      0      0      0      0      0      0      0      0      0      0      0      0      0      0      0      0      0      0      0      0      0      0      0      0      0      0      0      0      0     
0x7011c4fc0        @P2   LDG.E.EL R24, desc[UR4][R2.64]                    0      0      0      32     1024   512    32     16     0      Global Load   32     16     0      0      64     64     HIT_LAST,MISS_NORMAL 0      32     0      0      0      32     0      0      0      0      0      0      0      0      0      0      0      0      0      0      0      0      0      0      0      0      0      0      0      0      0      0      0      0      0      0      0      0      0      0     
0x7011c4fd0              PRMT R6, R5, 0x6540, R6                           0      0      0      32     1024   1024   32     32     0      -      -      -      0      0      0      0      0      -                    0      0      0      0      0      0      0      0      0      0      0      0      0      0      0      0      0      0      0      0      0      0      0      0      0      0      0      0      0      0      0      0      0      0      0      0      0      0      0      0     
0x7011c4fe0              ISETP.GE.AND P4, PT, R9, 0x40, PT                 0      0      0      32     1024   1024   32     32     0      -      -      -      0      0      0      0      0      -                    0      0      0      0      0      0      0      0      0      0      0      0      0      0      0      0      0      0      0      0      0      0      0      0      0      0      0      0      0      0      0      0      0      0      0      0      0      0      0      0     
0x7011c4ff0              LEA.HI R4, R4, R6, RZ, 0x7                        0      0      0      32     1024   1024   32     32     0      -      -      -      0      0      0      0      0      -                    0      0      0      0      0      0      0      0      0      0      0      0      0      0      0      0      0      0      0      0      0      0      0      0      0      0      0      0      0      0      0      0      0      0      0      0      0      0      0      0     
0x7011c5000              LOP3.LUT R7, R6, 0x80, RZ, 0xfc, !PT              0      0      0      32     1024   1024   32     32     0      -      -      -      0      0      0      0      0      -                    0      0      0      0      0      0      0      0      0      0      0      0      0      0      0      0      0      0      0      0      0      0      0      0      0      0      0      0      0      0      0      0      0      0      0      0      0      0      0      0     
0x7011c5010              LOP3.LUT R25, R4, 0xffffff80, RZ, 0xc0, !PT       0      0      0      32     1024   1024   32     32     0      -      -      -      0      0      0      0      0      -                    0      0      0      0      0      0      0      0      0      0      0      0      0      0      0      0      0      0      0      0      0      0      0      0      0      0      0      0      0      0      0      0      0      0      0      0      0      0      0      0     
0x7011c5020              VIMNMX.S32 R7, R6, R7, PT                         0      0      0      32     1024   1024   32     32     0      -      -      -      0      0      0      0      0      -                    0      0      0      0      0      0      0      0      0      0      0      0      0      0      0      0      0      0      0      0      0      0      0      0      0      0      0      0      0      0      0      0      0      0      0      0      0      0      0      0     
0x7011c5030              IADD3 R25, R6, -R25, RZ                           0      0      0      32     1024   1024   32     32     0      -      -      -      0      0      0      0      0      -                    0      0      0      0      0      0      0      0      0      0      0      0      0      0      0      0      0      0      0      0      0      0      0      0      0      0      0      0      0      0      0      0      0      0      0      0      0      0      0      0     
0x7011c5040              ISETP.GE.AND P1, PT, R25, 0x40, PT                0      0      0      32     1024   1024   32     32     0      -      -      -      0      0      0      0      0      -                    0      0      0      0      0      0      0      0      0      0      0      0      0      0      0      0      0      0      0      0      0      0      0      0      0      0      0      0      0      0      0      0      0      0      0      0      0      0      0      0     
0x7011c5050              SEL.64 R4, R16, RZ, !P1                           6      6      6      32     1024   1024   32     32     0      -      -      -      0      0      0      0      0      -                    0      0      0      0      0      0      0      0      0      0      0      6      0      0      0      0      0      0      0      0      0      0      0      0      0      0      0      0      6      0      0      0      0      0      0      0      0      0      0      0     
0x7011c5060              ISETP.LT.AND P1, PT, R7, UR6, !P1                 0      0      0      32     1024   1024   32     32     0      -      -      -      0      0      0      0      0      -                    0      0      0      0      0      0      0      0      0      0      0      0      0      0      0      0      0      0      0      0      0      0      0      0      0      0      0      0      0      0      0      0      0      0      0      0      0      0      0      0     
0x7011c5070              ISETP.GE.AND P0, PT, R5, RZ, PT                   0      0      0      32     1024   1024   32     32     0      -      -      -      0      0      0      0      0      -                    0      0      0      0      0      0      0      0      0      0      0      0      0      0      0      0      0      0      0      0      0      0      0      0      0      0      0      0      0      0      0      0      0      0      0      0      0      0      0      0     
0x7011c5080        @!P0  IADD.64 R4, R4, 0xa000                            0      0      0      32     1024   0      32     0      0      -      -      -      0      0      0      0      0      -                    0      0      0      0      0      0      0      0      0      0      0      0      0      0      0      0      0      0      0      0      0      0      0      0      0      0      0      0      0      0      0      0      0      0      0      0      0      0      0      0     
0x7011c5090              ISETP.GE.AND P0, PT, R7, UR6, PT                  0      0      0      32     1024   1024   32     32     0      -      -      -      0      0      0      0      0      -                    0      0      0      0      0      0      0      0      0      0      0      0      0      0      0      0      0      0      0      0      0      0      0      0      0      0      0      0      0      0      0      0      0      0      0      0      0      0      0      0     
0x7011c50a0              ISETP.LT.U64.OR P1, PT, R4, 0xa000, !P1           0      0      0      32     1024   1024   32     32     0      -      -      -      0      0      0      0      0      -                    0      0      0      0      0      0      0      0      0      0      0      0      0      0      0      0      0      0      0      0      0      0      0      0      0      0      0      0      0      0      0      0      0      0      0      0      0      0      0      0     
0x7011c50b0        @P1   BRA 0x7011c51c0                                   0      0      0      32     1024   1024   32     32     0      -      -      -      0      0      0      0      0      -                    0      0      0      0      0      0      0      0      0      0      0      0      0      0      0      0      0      0      0      0      0      0      0      0      0      0      0      0      0      0      0      0      0      0      0      0      0      0      0      0     
0x7011c50c0              LDCU.64 UR6, c[0x4][0x30]                         0      0      0      0      0      0      0      0      0      -      -      -      0      0      0      0      0      -                    0      0      0      0      0      0      0      0      0      0      0      0      0      0      0      0      0      0      0      0      0      0      0      0      0      0      0      0      0      0      0      0      0      0      0      0      0      0      0      0     
0x7011c50d0              MOV R2, 0x0                                       0      0      0      0      0      0      0      0      0      -      -      -      0      0      0      0      0      -                    0      0      0      0      0      0      0      0      0      0      0      0      0      0      0      0      0      0      0      0      0      0      0      0      0      0      0      0      0      0      0      0      0      0      0      0      0      0      0      0     
0x7011c50e0              MOV R8, 0x27                                      0      0      0      0      0      0      0      0      0      -      -      -      0      0      0      0      0      -                    0      0      0      0      0      0      0      0      0      0      0      0      0      0      0      0      0      0      0      0      0      0      0      0      0      0      0      0      0      0      0      0      0      0      0      0      0      0      0      0     
0x7011c50f0              MOV R12, 0x1                                      0      0      0      0      0      0      0      0      0      -      -      -      0      0      0      0      0      -                    0      0      0      0      0      0      0      0      0      0      0      0      0      0      0      0      0      0      0      0      0      0      0      0      0      0      0      0      0      0      0      0      0      0      0      0      0      0      0      0     
0x7011c5100              LDCU.64 UR12, c[0x4][0x28]                        0      0      0      0      0      0      0      0      0      -      -      -      0      0      0      0      0      -                    0      0      0      0      0      0      0      0      0      0      0      0      0      0      0      0      0      0      0      0      0      0      0      0      0      0      0      0      0      0      0      0      0      0      0      0      0      0      0      0     
0x7011c5110              MOV R13, RZ                                       0      0      0      0      0      0      0      0      0      -      -      -      0      0      0      0      0      -                    0      0      0      0      0      0      0      0      0      0      0      0      0      0      0      0      0      0      0      0      0      0      0      0      0      0      0      0      0      0      0      0      0      0      0      0      0      0      0      0     
0x7011c5120              LDC.64 R2, c[0x4][R2]                             0      0      0      0      0      0      0      0      0      -      -      -      0      0      0      0      0      -                    0      0      0      0      0      0      0      0      0      0      0      0      0      0      0      0      0      0      0      0      0      0      0      0      0      0      0      0      0      0      0      0      0      0      0      0      0      0      0      0     
0x7011c5130              LDCU.64 UR14, c[0x4][0x20]                        0      0      0      0      0      0      0      0      0      -      -      -      0      0      0      0      0      -                    0      0      0      0      0      0      0      0      0      0      0      0      0      0      0      0      0      0      0      0      0      0      0      0      0      0      0      0      0      0      0      0      0      0      0      0      0      0      0      0     
0x7011c5140              MOV R4, UR6                                       0      0      0      0      0      0      0      0      0      -      -      -      0      0      0      0      0      -                    0      0      0      0      0      0      0      0      0      0      0      0      0      0      0      0      0      0      0      0      0      0      0      0      0      0      0      0      0      0      0      0      0      0      0      0      0      0      0      0     
0x7011c5150              MOV R5, UR7                                       0      0      0      0      0      0      0      0      0      -      -      -      0      0      0      0      0      -                    0      0      0      0      0      0      0      0      0      0      0      0      0      0      0      0      0      0      0      0      0      0      0      0      0      0      0      0      0      0      0      0      0      0      0      0      0      0      0      0     
0x7011c5160              MOV R6, UR12                                      0      0      0      0      0      0      0      0      0      -      -      -      0      0      0      0      0      -                    0      0      0      0      0      0      0      0      0      0      0      0      0      0      0      0      0      0      0      0      0      0      0      0      0      0      0      0      0      0      0      0      0      0      0      0      0      0      0      0     
0x7011c5170              MOV R7, UR13                                      0      0      0      0      0      0      0      0      0      -      -      -      0      0      0      0      0      -                    0      0      0      0      0      0      0      0      0      0      0      0      0      0      0      0      0      0      0      0      0      0      0      0      0      0      0      0      0      0      0      0      0      0      0      0      0      0      0      0     
0x7011c5180              MOV R10, UR14                                     0      0      0      0      0      0      0      0      0      -      -      -      0      0      0      0      0      -                    0      0      0      0      0      0      0      0      0      0      0      0      0      0      0      0      0      0      0      0      0      0      0      0      0      0      0      0      0      0      0      0      0      0      0      0      0      0      0      0     
0x7011c5190              MOV R11, UR15                                     0      0      0      0      0      0      0      0      0      -      -      -      0      0      0      0      0      -                    0      0      0      0      0      0      0      0      0      0      0      0      0      0      0      0      0      0      0      0      0      0      0      0      0      0      0      0      0      0      0      0      0      0      0      0      0      0      0      0     
0x7011c51a0              LEPC R20, 0x7011c51c0                             0      0      0      0      0      0      0      0      0      -      -      -      0      0      0      0      0      -                    0      0      0      0      0      0      0      0      0      0      0      0      0      0      0      0      0      0      0      0      0      0      0      0      0      0      0      0      0      0      0      0      0      0      0      0      0      0      0      0     
0x7011c51b0              CALL.ABS.NOINC R2                                 0      0      0      0      0      0      0      0      0      -      -      -      0      0      0      0      0      -                    0      0      0      0      0      0      0      0      0      0      0      0      0      0      0      0      0      0      0      0      0      0      0      0      0      0      0      0      0      0      0      0      0      0      0      0      0      0      0      0     
0x7011c51c0              SEL.64 R16, R16, RZ, !P4                          1      1      1      32     1024   1024   32     32     0      -      -      -      0      0      0      0      0      -                    0      0      0      0      0      0      0      1      0      0      0      0      0      0      0      0      0      0      0      0      0      0      0      0      1      0      0      0      0      0      0      0      0      0      0      0      0      0      0      0     
0x7011c51d0              WARPSYNC.ALL                                      0      0      0      32     1024   1024   32     32     0      -      -      -      0      0      0      0      0      -                    0      0      0      0      0      0      0      0      0      0      0      0      0      0      0      0      0      0      0      0      0      0      0      0      0      0      0      0      0      0      0      0      0      0      0      0      0      0      0      0     
0x7011c51e0              NOP                                               0      0      0      32     1024   1024   32     32     0      -      -      -      0      0      0      0      0      -                    0      0      0      0      0      0      0      0      0      0      0      0      0      0      0      0      0      0      0      0      0      0      0      0      0      0      0      0      0      0      0      0      0      0      0      0      0      0      0      0     
0x7011c51f0              ISETP.GE.AND P1, PT, R17, RZ, PT                  0      0      0      32     1024   1024   32     32     0      -      -      -      0      0      0      0      0      -                    0      0      0      0      0      0      0      0      0      0      0      0      0      0      0      0      0      0      0      0      0      0      0      0      0      0      0      0      0      0      0      0      0      0      0      0      0      0      0      0     
0x7011c5200              BAR.SYNC.DEFER_BLOCKING 0x0                       0      0      0      32     1024   1024   32     32     0      -      -      -      0      0      0      0      0      -                    0      0      0      0      0      0      0      0      0      0      0      0      0      0      0      0      0      0      0      0      0      0      0      0      0      0      0      0      0      0      0      0      0      0      0      0      0      0      0      0     
0x7011c5210              SHF.L.U64.HI R3, R16, 0x7, R17                    0      0      0      32     1024   1024   32     32     0      -      -      -      0      0      0      0      0      -                    0      0      0      0      0      0      0      0      0      0      0      0      0      0      0      0      0      0      0      0      0      0      0      0      0      0      0      0      0      0      0      0      0      0      0      0      0      0      0      0     
0x7011c5220              IMAD.SHL.U32 R2, R16, 0x80, RZ                    0      0      0      32     1024   1024   32     32     0      -      -      -      0      0      0      0      0      -                    0      0      0      0      0      0      0      0      0      0      0      0      0      0      0      0      0      0      0      0      0      0      0      0      0      0      0      0      0      0      0      0      0      0      0      0      0      0      0      0     
0x7011c5230              LDCU.64 UR12, c[0x0][0x390]                       0      0      0      32     1024   1024   32     32     0      -      -      -      0      0      0      0      0      -                    0      0      0      0      0      0      0      0      0      0      0      0      0      0      0      0      0      0      0      0      0      0      0      0      0      0      0      0      0      0      0      0      0      0      0      0      0      0      0      0     
0x7011c5240              LDG.E.64 R16, desc[UR8][R18.64]                   0      0      0      32     1024   1024   32     32     0      Global Load   64     32     0      0      32     32                          0      0      0      0      0      0      0      0      0      0      0      0      0      0      0      0      0      0      0      0      0      0      0      0      0      0      0      0      0      0      0      0      0      0      0      0      0      0      0      0     
0x7011c5250        @!P1  IADD.64 R2, R2, 0x500000                          0      0      0      32     1024   0      32     0      0      -      -      -      0      0      0      0      0      -                    0      0      0      0      0      0      0      0      0      0      0      0      0      0      0      0      0      0      0      0      0      0      0      0      0      0      0      0      0      0      0      0      0      0      0      0      0      0      0      0     
0x7011c5260              IMAD.SHL.U32 R4, R9, 0x4, RZ                      0      0      0      32     1024   1024   32     32     0      -      -      -      0      0      0      0      0      -                    0      0      0      0      0      0      0      0      0      0      0      0      0      0      0      0      0      0      0      0      0      0      0      0      0      0      0      0      0      0      0      0      0      0      0      0      0      0      0      0     
0x7011c5270              LOP3.LUT R8, R0, 0x40, RZ, 0xfc, !PT              0      0      0      32     1024   1024   32     32     0      -      -      -      0      0      0      0      0      -                    0      0      0      0      0      0      0      0      0      0      0      0      0      0      0      0      0      0      0      0      0      0      0      0      0      0      0      0      0      0      0      0      0      0      0      0      0      0      0      0     
0x7011c5280              IMAD.HI R5, R9, 0x4, RZ                           0      0      0      32     1024   1024   32     32     0      -      -      -      0      0      0      0      0      -                    0      0      0      0      0      0      0      0      0      0      0      0      0      0      0      0      0      0      0      0      0      0      0      0      0      0      0      0      0      0      0      0      0      0      0      0      0      0      0      0     
0x7011c5290              LEA R6, P1, R2, UR12, 0x2                         0      0      0      32     1024   1024   32     32     0      -      -      -      0      0      0      0      0      -                    0      0      0      0      0      0      0      0      0      0      0      0      0      0      0      0      0      0      0      0      0      0      0      0      0      0      0      0      0      0      0      0      0      0      0      0      0      0      0      0     
0x7011c52a0              UMOV UR6, 0xf0                                    0      0      0      32     1024   1024   32     32     0      -      -      -      0      0      0      0      0      -                    0      0      0      0      0      0      0      0      0      0      0      0      0      0      0      0      0      0      0      0      0      0      0      0      0      0      0      0      0      0      0      0      0      0      0      0      0      0      0      0     
0x7011c52b0              IADD3 R29, R9, -0x40, RZ                          0      0      0      32     1024   1024   32     32     0      -      -      -      0      0      0      0      0      -                    0      0      0      0      0      0      0      0      0      0      0      0      0      0      0      0      0      0      0      0      0      0      0      0      0      0      0      0      0      0      0      0      0      0      0      0      0      0      0      0     
0x7011c52c0              USHF.R.U32 UR14, UR6, 0x4, URZ                    0      0      0      32     1024   1024   32     32     0      -      -      -      0      0      0      0      0      -                    0      0      0      0      0      0      0      0      0      0      0      0      0      0      0      0      0      0      0      0      0      0      0      0      0      0      0      0      0      0      0      0      0      0      0      0      0      0      0      0     
0x7011c52d0              UMOV UR15, 0x140                                  0      0      0      32     1024   1024   32     32     0      -      -      -      0      0      0      0      0      -                    0      0      0      0      0      0      0      0      0      0      0      0      0      0      0      0      0      0      0      0      0      0      0      0      0      0      0      0      0      0      0      0      0      0      0      0      0      0      0      0     
0x7011c52e0              ULOP3.LUT UR15, UR15, 0xf, UR14, 0xf8, !UPT       0      0      0      32     1024   1024   32     32     0      -      -      -      0      0      0      0      0      -                    0      0      0      0      0      0      0      0      0      0      0      0      0      0      0      0      0      0      0      0      0      0      0      0      0      0      0      0      0      0      0      0      0      0      0      0      0      0      0      0     
0x7011c52f0              USHF.L.U32 UR15, UR15, 0x14, URZ                  0      0      0      32     1024   1024   32     32     0      -      -      -      0      0      0      0      0      -                    0      0      0      0      0      0      0      0      0      0      0      0      0      0      0      0      0      0      0      0      0      0      0      0      0      0      0      0      0      0      0      0      0      0      0      0      0      0      0      0     
0x7011c5300              UMOV UR14, URZ                                    0      0      0      32     1024   1024   32     32     0      -      -      -      0      0      0      0      0      -                    0      0      0      0      0      0      0      0      0      0      0      0      0      0      0      0      0      0      0      0      0      0      0      0      0      0      0      0      0      0      0      0      0      0      0      0      0      0      0      0     
0x7011c5310              LEA.HI.X R7, R2, UR13, R3, 0x2, P1                0      0      0      32     1024   1024   32     32     0      -      -      -      0      0      0      0      0      -                    0      0      0      0      0      0      0      0      0      0      0      0      0      0      0      0      0      0      0      0      0      0      0      0      0      0      0      0      0      0      0      0      0      0      0      0      0      0      0      0     
0x7011c5320              USHF.R.U32 UR6, UR6, 0x4, URZ                     0      0      0      32     1024   1024   32     32     0      -      -      -      0      0      0      0      0      -                    0      0      0      0      0      0      0      0      0      0      0      0      0      0      0      0      0      0      0      0      0      0      0      0      0      0      0      0      0      0      0      0      0      0      0      0      0      0      0      0     
0x7011c5330              UMOV UR7, 0x140                                   0      0      0      32     1024   1024   32     32     0      -      -      -      0      0      0      0      0      -                    0      0      0      0      0      0      0      0      0      0      0      0      0      0      0      0      0      0      0      0      0      0      0      0      0      0      0      0      0      0      0      0      0      0      0      0      0      0      0      0     
0x7011c5340              ULOP3.LUT UR7, UR7, 0xf, UR6, 0xf8, !UPT          0      0      0      32     1024   1024   32     32     0      -      -      -      0      0      0      0      0      -                    0      0      0      0      0      0      0      0      0      0      0      0      0      0      0      0      0      0      0      0      0      0      0      0      0      0      0      0      0      0      0      0      0      0      0      0      0      0      0      0     
0x7011c5350              USHF.L.U32 UR7, UR7, 0x14, URZ                    0      0      0      32     1024   1024   32     32     0      -      -      -      0      0      0      0      0      -                    0      0      0      0      0      0      0      0      0      0      0      0      0      0      0      0      0      0      0      0      0      0      0      0      0      0      0      0      0      0      0      0      0      0      0      0      0      0      0      0     
0x7011c5360              UMOV UR6, URZ                                     0      0      0      32     1024   1024   32     32     0      -      -      -      0      0      0      0      0      -                    0      0      0      0      0      0      0      0      0      0      0      0      0      0      0      0      0      0      0      0      0      0      0      0      0      0      0      0      0      0      0      0      0      0      0      0      0      0      0      0     
0x7011c5370              ISETP.GT.AND P1, PT, R9, 0x3f, !P3                0      0      0      32     1024   1024   32     32     0      -      -      -      0      0      0      0      0      -                    0      0      0      0      0      0      0      0      0      0      0      0      0      0      0      0      0      0      0      0      0      0      0      0      0      0      0      0      0      0      0      0      0      0      0      0      0      0      0      0     
0x7011c5380              CS2R R26, SRZ                                     0      0      0      32     1024   1024   32     32     0      -      -      -      0      0      0      0      0      -                    0      0      0      0      0      0      0      0      0      0      0      0      0      0      0      0      0      0      0      0      0      0      0      0      0      0      0      0      0      0      0      0      0      0      0      0      0      0      0      0     
0x7011c5390              CS2R R18, SRZ                                     0      0      0      32     1024   1024   32     32     0      -      -      -      0      0      0      0      0      -                    0      0      0      0      0      0      0      0      0      0      0      0      0      0      0      0      0      0      0      0      0      0      0      0      0      0      0      0      0      0      0      0      0      0      0      0      0      0      0      0     
0x7011c53a0              IADD.64 R2, R4, R6                                0      0      0      32     1024   1024   32     32     0      -      -      -      0      0      0      0      0      -                    0      0      0      0      0      0      0      0      0      0      0      0      0      0      0      0      0      0      0      0      0      0      0      0      0      0      0      0      0      0      0      0      0      0      0      0      0      0      0      0     
0x7011c53b0              IADD3 R5, R9, R8, RZ                              0      0      0      32     1024   1024   32     32     0      -      -      -      0      0      0      0      0      -                    0      0      0      0      0      0      0      0      0      0      0      0      0      0      0      0      0      0      0      0      0      0      0      0      0      0      0      0      0      0      0      0      0      0      0      0      0      0      0      0     
0x7011c53c0              IADD3 R8, R8, R29, RZ                             0      0      0      32     1024   1024   32     32     0      -      -      -      0      0      0      0      0      -                    0      0      0      0      0      0      0      0      0      0      0      0      0      0      0      0      0      0      0      0      0      0      0      0      0      0      0      0      0      0      0      0      0      0      0      0      0      0      0      0     
0x7011c53d0              CS2R R22, SRZ                                     0      0      0      32     1024   1024   32     32     0      -      -      -      0      0      0      0      0      -                    0      0      0      0      0      0      0      0      0      0      0      0      0      0      0      0      0      0      0      0      0      0      0      0      0      0      0      0      0      0      0      0      0      0      0      0      0      0      0      0     
0x7011c53e0        @P2   LDG.E.EL.64 R18, desc[UR4][R2.64]                 0      0      0      32     1024   512    32     16     0      Global Load   64     32     0      0      128    128    HIT_LAST,MISS_NORMAL 0      32     0      0      0      32     0      0      0      0      0      0      0      0      0      0      0      0      0      0      0      0      0      0      0      0      0      0      0      0      0      0      0      0      0      0      0      0      0      0     
0x7011c53f0              IMAD.SHL.U32 R4, R5, 0x2, RZ                      0      0      0      32     1024   1024   32     32     0      -      -      -      0      0      0      0      0      -                    0      0      0      0      0      0      0      0      0      0      0      0      0      0      0      0      0      0      0      0      0      0      0      0      0      0      0      0      0      0      0      0      0      0      0      0      0      0      0      0     
0x7011c5400              IMAD.SHL.U32 R6, R8, 0x2, RZ                      0      0      0      32     1024   1024   32     32     0      -      -      -      0      0      0      0      0      -                    0      0      0      0      0      0      0      0      0      0      0      0      0      0      0      0      0      0      0      0      0      0      0      0      0      0      0      0      0      0      0      0      0      0      0      0      0      0      0      0     
0x7011c5410        @P2   LDG.E.EL.64 R22, desc[UR14][R2.64+0x100]          0      0      0      32     1024   512    32     16     0      Global Load   64     32     0      0      128    128    HIT_LAST,MISS_NORMAL 0      32     0      0      0      32     0      0      0      0      0      0      0      0      0      0      0      0      0      0      0      0      0      0      0      0      0      0      0      0      0      0      0      0      0      0      0      0      0      0     
0x7011c5420              IMAD.HI R7, R8, 0x2, RZ                           0      0      0      32     1024   1024   32     32     0      -      -      -      0      0      0      0      0      -                    0      0      0      0      0      0      0      0      0      0      0      0      0      0      0      0      0      0      0      0      0      0      0      0      0      0      0      0      0      0      0      0      0      0      0      0      0      0      0      0     
0x7011c5430              IMAD.HI R5, R5, 0x2, RZ                           0      0      0      32     1024   1024   32     32     0      -      -      -      0      0      0      0      0      -                    0      0      0      0      0      0      0      0      0      0      0      0      0      0      0      0      0      0      0      0      0      0      0      0      0      0      0      0      0      0      0      0      0      0      0      0      0      0      0      0     
0x7011c5440              IADD.64 R6, R6, UR10                              0      0      0      32     1024   1024   32     32     0      -      -      -      0      0      0      0      0      -                    0      0      0      0      0      0      0      0      0      0      0      0      0      0      0      0      0      0      0      0      0      0      0      0      0      0      0      0      0      0      0      0      0      0      0      0      0      0      0      0     
0x7011c5450              IADD.64 R4, R4, UR10                              0      0      0      32     1024   1024   32     32     0      -      -      -      0      0      0      0      0      -                    0      0      0      0      0      0      0      0      0      0      0      0      0      0      0      0      0      0      0      0      0      0      0      0      0      0      0      0      0      0      0      0      0      0      0      0      0      0      0      0     
0x7011c5460        @P1   LDG.E.EL R27, desc[UR6][R6.64]                    0      0      0      32     1024   512    32     16     0      Global Load   32     16     0      0      64     64     HIT_LAST,MISS_NORMAL 0      32     0      0      0      32     0      0      0      0      0      0      0      0      0      0      0      0      0      0      0      0      0      0      0      0      0      0      0      0      0      0      0      0      0      0      0      0      0      0     
0x7011c5470        @P2   LDG.E.EL R26, desc[UR14][R4.64]                   0      0      0      32     1024   512    32     16     0      Global Load   32     16     0      0      64     64     HIT_LAST,MISS_NORMAL 0      32     0      0      0      32     0      0      0      0      0      0      0      0      0      0      0      0      0      0      0      0      0      0      0      0      0      0      0      0      0      0      0      0      0      0      0      0      0      0     
0x7011c5480              ISETP.GT.AND P2, PT, R25, 0x3f, PT                0      0      0      32     1024   1024   32     32     0      -      -      -      0      0      0      0      0      -                    0      0      0      0      0      0      0      0      0      0      0      0      0      0      0      0      0      0      0      0      0      0      0      0      0      0      0      0      0      0      0      0      0      0      0      0      0      0      0      0     
0x7011c5490              SEL.64 R10, R16, RZ, P2                           0      0      0      32     1024   1024   32     32     0      -      -      -      0      0      0      0      0      -                    0      0      0      0      0      0      0      0      0      0      0      0      0      0      0      0      0      0      0      0      0      0      0      0      0      0      0      0      0      0      0      0      0      0      0      0      0      0      0      0     
0x7011c54a0              ISETP.GE.AND P2, PT, R11, RZ, PT                  0      0      0      32     1024   1024   32     32     0      -      -      -      0      0      0      0      0      -                    0      0      0      0      0      0      0      0      0      0      0      0      0      0      0      0      0      0      0      0      0      0      0      0      0      0      0      0      0      0      0      0      0      0      0      0      0      0      0      0     
0x7011c54b0        @!P2  IADD.64 R10, R10, 0xa000                          0      0      0      32     1024   0      32     0      0      -      -      -      0      0      0      0      0      -                    0      0      0      0      0      0      0      0      0      0      0      0      0      0      0      0      0      0      0      0      0      0      0      0      0      0      0      0      0      0      0      0      0      0      0      0      0      0      0      0     
0x7011c54c0              ISETP.GT.U64.AND P0, PT, R10, 0x9fff, !P0         0      0      0      32     1024   1024   32     32     0      -      -      -      0      0      0      0      0      -                    0      0      0      0      0      0      0      0      0      0      0      0      0      0      0      0      0      0      0      0      0      0      0      0      0      0      0      0      0      0      0      0      0      0      0      0      0      0      0      0     
0x7011c54d0              ISETP.GT.AND P0, PT, R25, 0x3f, P0                1      1      1      32     1024   1024   32     32     0      -      -      -      0      0      0      0      0      -                    0      0      0      0      0      0      0      0      0      0      0      0      0      0      0      0      0      0      0      0      0      0      1      0      0      0      0      0      0      0      0      0      0      0      0      0      0      0      0      1     
0x7011c54e0              ISETP.GT.AND P2, PT, R9, 0x3f, PT                 0      0      0      32     1024   1024   32     32     0      -      -      -      0      0      0      0      0      -                    0      0      0      0      0      0      0      0      0      0      0      0      0      0      0      0      0      0      0      0      0      0      0      0      0      0      0      0      0      0      0      0      0      0      0      0      0      0      0      0     
0x7011c54f0        @!P0  BRA 0x7011c5600                                   0      0      0      32     1024   1024   32     32     0      -      -      -      0      0      0      0      0      -                    0      0      0      0      0      0      0      0      0      0      0      0      0      0      0      0      0      0      0      0      0      0      0      0      0      0      0      0      0      0      0      0      0      0      0      0      0      0      0      0     
0x7011c5500              LDCU.64 UR4, c[0x4][0x18]                         0      0      0      0      0      0      0      0      0      -      -      -      0      0      0      0      0      -                    0      0      0      0      0      0      0      0      0      0      0      0      0      0      0      0      0      0      0      0      0      0      0      0      0      0      0      0      0      0      0      0      0      0      0      0      0      0      0      0     
0x7011c5510              MOV R2, 0x0                                       0      0      0      0      0      0      0      0      0      -      -      -      0      0      0      0      0      -                    0      0      0      0      0      0      0      0      0      0      0      0      0      0      0      0      0      0      0      0      0      0      0      0      0      0      0      0      0      0      0      0      0      0      0      0      0      0      0      0     
0x7011c5520              HFMA2 R8, -RZ, RZ, 0, 3.635883331298828125e-06    0      0      0      0      0      0      0      0      0      -      -      -      0      0      0      0      0      -                    0      0      0      0      0      0      0      0      0      0      0      0      0      0      0      0      0      0      0      0      0      0      0      0      0      0      0      0      0      0      0      0      0      0      0      0      0      0      0      0     
0x7011c5530              MOV R12, 0x1                                      0      0      0      0      0      0      0      0      0      -      -      -      0      0      0      0      0      -                    0      0      0      0      0      0      0      0      0      0      0      0      0      0      0      0      0      0      0      0      0      0      0      0      0      0      0      0      0      0      0      0      0      0      0      0      0      0      0      0     
0x7011c5540              LDCU.64 UR14, c[0x4][0x10]                        0      0      0      0      0      0      0      0      0      -      -      -      0      0      0      0      0      -                    0      0      0      0      0      0      0      0      0      0      0      0      0      0      0      0      0      0      0      0      0      0      0      0      0      0      0      0      0      0      0      0      0      0      0      0      0      0      0      0     
0x7011c5550              HFMA2 R13, -RZ, RZ, 0, 0                          0      0      0      0      0      0      0      0      0      -      -      -      0      0      0      0      0      -                    0      0      0      0      0      0      0      0      0      0      0      0      0      0      0      0      0      0      0      0      0      0      0      0      0      0      0      0      0      0      0      0      0      0      0      0      0      0      0      0     
0x7011c5560              LDC.64 R2, c[0x4][R2]                             0      0      0      0      0      0      0      0      0      -      -      -      0      0      0      0      0      -                    0      0      0      0      0      0      0      0      0      0      0      0      0      0      0      0      0      0      0      0      0      0      0      0      0      0      0      0      0      0      0      0      0      0      0      0      0      0      0      0     
0x7011c5570              LDCU.64 UR16, c[0x4][0x8]                         0      0      0      0      0      0      0      0      0      -      -      -      0      0      0      0      0      -                    0      0      0      0      0      0      0      0      0      0      0      0      0      0      0      0      0      0      0      0      0      0      0      0      0      0      0      0      0      0      0      0      0      0      0      0      0      0      0      0     
0x7011c5580              MOV R4, UR4                                       0      0      0      0      0      0      0      0      0      -      -      -      0      0      0      0      0      -                    0      0      0      0      0      0      0      0      0      0      0      0      0      0      0      0      0      0      0      0      0      0      0      0      0      0      0      0      0      0      0      0      0      0      0      0      0      0      0      0     
0x7011c5590              MOV R5, UR5                                       0      0      0      0      0      0      0      0      0      -      -      -      0      0      0      0      0      -                    0      0      0      0      0      0      0      0      0      0      0      0      0      0      0      0      0      0      0      0      0      0      0      0      0      0      0      0      0      0      0      0      0      0      0      0      0      0      0      0     
0x7011c55a0              MOV R6, UR14                                      0      0      0      0      0      0      0      0      0      -      -      -      0      0      0      0      0      -                    0      0      0      0      0      0      0      0      0      0      0      0      0      0      0      0      0      0      0      0      0      0      0      0      0      0      0      0      0      0      0      0      0      0      0      0      0      0      0      0     
0x7011c55b0              MOV R7, UR15                                      0      0      0      0      0      0      0      0      0      -      -      -      0      0      0      0      0      -                    0      0      0      0      0      0      0      0      0      0      0      0      0      0      0      0      0      0      0      0      0      0      0      0      0      0      0      0      0      0      0      0      0      0      0      0      0      0      0      0     
0x7011c55c0              MOV R10, UR16                                     0      0      0      0      0      0      0      0      0      -      -      -      0      0      0      0      0      -                    0      0      0      0      0      0      0      0      0      0      0      0      0      0      0      0      0      0      0      0      0      0      0      0      0      0      0      0      0      0      0      0      0      0      0      0      0      0      0      0     
0x7011c55d0              MOV R11, UR17                                     0      0      0      0      0      0      0      0      0      -      -      -      0      0      0      0      0      -                    0      0      0      0      0      0      0      0      0      0      0      0      0      0      0      0      0      0      0      0      0      0      0      0      0      0      0      0      0      0      0      0      0      0      0      0      0      0      0      0     
0x7011c55e0              LEPC R20, 0x7011c5600                             0      0      0      0      0      0      0      0      0      -      -      -      0      0      0      0      0      -                    0      0      0      0      0      0      0      0      0      0      0      0      0      0      0      0      0      0      0      0      0      0      0      0      0      0      0      0      0      0      0      0      0      0      0      0      0      0      0      0     
0x7011c55f0              CALL.ABS.NOINC R2                                 0      0      0      0      0      0      0      0      0      -      -      -      0      0      0      0      0      -                    0      0      0      0      0      0      0      0      0      0      0      0      0      0      0      0      0      0      0      0      0      0      0      0      0      0      0      0      0      0      0      0      0      0      0      0      0      0      0      0     
0x7011c5600              SEL.64 R16, R16, RZ, P2                           0      0      0      32     1024   1024   32     32     0      -      -      -      0      0      0      0      0      -                    0      0      0      0      0      0      0      0      0      0      0      0      0      0      0      0      0      0      0      0      0      0      0      0      0      0      0      0      0      0      0      0      0      0      0      0      0      0      0      0     
0x7011c5610              WARPSYNC.ALL                                      0      0      0      32     1024   1024   32     32     0      -      -      -      0      0      0      0      0      -                    0      0      0      0      0      0      0      0      0      0      0      0      0      0      0      0      0      0      0      0      0      0      0      0      0      0      0      0      0      0      0      0      0      0      0      0      0      0      0      0     
0x7011c5620              NOP                                               0      0      0      32     1024   1024   32     32     0      -      -      -      0      0      0      0      0      -                    0      0      0      0      0      0      0      0      0      0      0      0      0      0      0      0      0      0      0      0      0      0      0      0      0      0      0      0      0      0      0      0      0      0      0      0      0      0      0      0     
0x7011c5630              BAR.SYNC.DEFER_BLOCKING 0x0                       0      0      0      32     1024   1024   32     32     0      -      -      -      0      0      0      0      0      -                    0      0      0      0      0      0      0      0      0      0      0      0      0      0      0      0      0      0      0      0      0      0      0      0      0      0      0      0      0      0      0      0      0      0      0      0      0      0      0      0     
0x7011c5640              ISETP.GE.AND P0, PT, R17, RZ, PT                  0      0      0      32     1024   1024   32     32     0      -      -      -      0      0      0      0      0      -                    0      0      0      0      0      0      0      0      0      0      0      0      0      0      0      0      0      0      0      0      0      0      0      0      0      0      0      0      0      0      0      0      0      0      0      0      0      0      0      0     
0x7011c5650              SHF.L.U64.HI R3, R16, 0x7, R17                    0      0      0      32     1024   1024   32     32     0      -      -      -      0      0      0      0      0      -                    0      0      0      0      0      0      0      0      0      0      0      0      0      0      0      0      0      0      0      0      0      0      0      0      0      0      0      0      0      0      0      0      0      0      0      0      0      0      0      0     
0x7011c5660              IMAD.SHL.U32 R2, R16, 0x80, RZ                    0      0      0      32     1024   1024   32     32     0      -      -      -      0      0      0      0      0      -                    0      0      0      0      0      0      0      0      0      0      0      0      0      0      0      0      0      0      0      0      0      0      0      0      0      0      0      0      0      0      0      0      0      0      0      0      0      0      0      0     
0x7011c5670              IADD3 R0, R0, R29, RZ                             0      0      0      32     1024   1024   32     32     0      -      -      -      0      0      0      0      0      -                    0      0      0      0      0      0      0      0      0      0      0      0      0      0      0      0      0      0      0      0      0      0      0      0      0      0      0      0      0      0      0      0      0      0      0      0      0      0      0      0     
0x7011c5680              UMOV UR4, 0xf0                                    0      0      0      32     1024   1024   32     32     0      -      -      -      0      0      0      0      0      -                    0      0      0      0      0      0      0      0      0      0      0      0      0      0      0      0      0      0      0      0      0      0      0      0      0      0      0      0      0      0      0      0      0      0      0      0      0      0      0      0     
0x7011c5690              USHF.R.U32 UR4, UR4, 0x4, URZ                     0      0      0      32     1024   1024   32     32     0      -      -      -      0      0      0      0      0      -                    0      0      0      0      0      0      0      0      0      0      0      0      0      0      0      0      0      0      0      0      0      0      0      0      0      0      0      0      0      0      0      0      0      0      0      0      0      0      0      0     
0x7011c56a0              UMOV UR5, 0x140                                   0      0      0      32     1024   1024   32     32     0      -      -      -      0      0      0      0      0      -                    0      0      0      0      0      0      0      0      0      0      0      0      0      0      0      0      0      0      0      0      0      0      0      0      0      0      0      0      0      0      0      0      0      0      0      0      0      0      0      0     
0x7011c56b0              ULOP3.LUT UR5, UR5, 0xf, UR4, 0xf8, !UPT          0      0      0      32     1024   1024   32     32     0      -      -      -      0      0      0      0      0      -                    0      0      0      0      0      0      0      0      0      0      0      0      0      0      0      0      0      0      0      0      0      0      0      0      0      0      0      0      0      0      0      0      0      0      0      0      0      0      0      0     
0x7011c56c0              USHF.L.U32 UR5, UR5, 0x14, URZ                    0      0      0      32     1024   1024   32     32     0      -      -      -      0      0      0      0      0      -                    0      0      0      0      0      0      0      0      0      0      0      0      0      0      0      0      0      0      0      0      0      0      0      0      0      0      0      0      0      0      0      0      0      0      0      0      0      0      0      0     
0x7011c56d0              UMOV UR4, URZ                                     0      0      0      32     1024   1024   32     32     0      -      -      -      0      0      0      0      0      -                    0      0      0      0      0      0      0      0      0      0      0      0      0      0      0      0      0      0      0      0      0      0      0      0      0      0      0      0      0      0      0      0      0      0      0      0      0      0      0      0     
0x7011c56e0              IMAD.SHL.U32 R4, R0, 0x2, RZ                      0      0      0      32     1024   1024   32     32     0      -      -      -      0      0      0      0      0      -                    0      0      0      0      0      0      0      0      0      0      0      0      0      0      0      0      0      0      0      0      0      0      0      0      0      0      0      0      0      0      0      0      0      0      0      0      0      0      0      0     
0x7011c56f0              IMAD.HI R5, R0, 0x2, RZ                           0      0      0      32     1024   1024   32     32     0      -      -      -      0      0      0      0      0      -                    0      0      0      0      0      0      0      0      0      0      0      0      0      0      0      0      0      0      0      0      0      0      0      0      0      0      0      0      0      0      0      0      0      0      0      0      0      0      0      0     
0x7011c5700              HFMA2 R0, -RZ, RZ, 0, 0                           0      0      0      32     1024   1024   32     32     0      -      -      -      0      0      0      0      0      -                    0      0      0      0      0      0      0      0      0      0      0      0      0      0      0      0      0      0      0      0      0      0      0      0      0      0      0      0      0      0      0      0      0      0      0      0      0      0      0      0     
0x7011c5710        @!P0  IADD.64 R2, R2, 0x500000                          0      0      0      32     1024   0      32     0      0      -      -      -      0      0      0      0      0      -                    0      0      0      0      0      0      0      0      0      0      0      0      0      0      0      0      0      0      0      0      0      0      0      0      0      0      0      0      0      0      0      0      0      0      0      0      0      0      0      0     
0x7011c5720              IADD.64 R10, R4, UR10                             0      0      0      32     1024   1024   32     32     0      -      -      -      0      0      0      0      0      -                    0      0      0      0      0      0      0      0      0      0      0      0      0      0      0      0      0      0      0      0      0      0      0      0      0      0      0      0      0      0      0      0      0      0      0      0      0      0      0      0     
0x7011c5730              LEA R6, P0, R2, UR12, 0x2                         0      0      0      32     1024   1024   32     32     0      -      -      -      0      0      0      0      0      -                    0      0      0      0      0      0      0      0      0      0      0      0      0      0      0      0      0      0      0      0      0      0      0      0      0      0      0      0      0      0      0      0      0      0      0      0      0      0      0      0     
0x7011c5740              SHF.R.S32.HI R4, RZ, 0x1f, R9                     0      0      0      32     1024   1024   32     32     0      -      -      -      0      0      0      0      0      -                    0      0      0      0      0      0      0      0      0      0      0      0      0      0      0      0      0      0      0      0      0      0      0      0      0      0      0      0      0      0      0      0      0      0      0      0      0      0      0      0     
0x7011c5750              LEA.HI.X R3, R2, UR13, R3, 0x2, P0                0      0      0      32     1024   1024   32     32     0      -      -      -      0      0      0      0      0      -                    0      0      0      0      0      0      0      0      0      0      0      0      0      0      0      0      0      0      0      0      0      0      0      0      0      0      0      0      0      0      0      0      0      0      0      0      0      0      0      0     
0x7011c5760        @P1   LDG.E.EL R0, desc[UR4][R10.64]                    0      0      0      32     1024   512    32     16     0      Global Load   32     16     0      0      64     64     HIT_LAST,MISS_NORMAL 0      32     0      0      0      32     0      0      0      0      0      0      0      0      0      0      0      0      0      0      0      0      0      0      0      0      0      0      0      0      0      0      0      0      0      0      0      0      0      0     
0x7011c5770              LEA R6, P0, R9, R6, 0x2                           0      0      0      32     1024   1024   32     32     0      -      -      -      0      0      0      0      0      -                    0      0      0      0      0      0      0      0      0      0      0      0      0      0      0      0      0      0      0      0      0      0      0      0      0      0      0      0      0      0      0      0      0      0      0      0      0      0      0      0     
0x7011c5780              LEA.HI.X R7, R9, R3, R4, 0x2, P0                  0      0      0      32     1024   1024   32     32     0      -      -      -      0      0      0      0      0      -                    0      0      0      0      0      0      0      0      0      0      0      0      0      0      0      0      0      0      0      0      0      0      0      0      0      0      0      0      0      0      0      0      0      0      0      0      0      0      0      0     
0x7011c5790              CS2R R2, SRZ                                      0      0      0      32     1024   1024   32     32     0      -      -      -      0      0      0      0      0      -                    0      0      0      0      0      0      0      0      0      0      0      0      0      0      0      0      0      0      0      0      0      0      0      0      0      0      0      0      0      0      0      0      0      0      0      0      0      0      0      0     
0x7011c57a0              CS2R R4, SRZ                                      0      0      0      32     1024   1024   32     32     0      -      -      -      0      0      0      0      0      -                    0      0      0      0      0      0      0      0      0      0      0      0      0      0      0      0      0      0      0      0      0      0      0      0      0      0      0      0      0      0      0      0      0      0      0      0      0      0      0      0     
0x7011c57b0        @P1   LDG.E.EL.64 R2, desc[UR4][R6.64]                  0      0      0      32     1024   512    32     16     0      Global Load   64     32     0      0      128    128    HIT_LAST,MISS_NORMAL 0      32     0      0      0      32     0      0      0      0      0      0      0      0      0      0      0      0      0      0      0      0      0      0      0      0      0      0      0      0      0      0      0      0      0      0      0      0      0      0     
0x7011c57c0              PRMT R8, R26, 0x7632, R8                          1      1      1      32     1024   1024   32     32     0      -      -      -      0      0      0      0      0      -                    0      0      0      0      0      0      0      0      0      0      0      1      0      0      0      0      0      0      0      0      0      0      0      0      0      0      0      0      1      0      0      0      0      0      0      0      0      0      0      0     
0x7011c57d0              LDCU.64 UR4, c[0x0][0x398]                        0      0      0      32     1024   1024   32     32     0      -      -      -      0      0      0      0      0      -                    0      0      0      0      0      0      0      0      0      0      0      0      0      0      0      0      0      0      0      0      0      0      0      0      0      0      0      0      0      0      0      0      0      0      0      0      0      0      0      0     
0x7011c57e0        @P1   LDG.E.EL.64 R4, desc[UR6][R6.64+-0x100]           0      0      0      32     1024   512    32     16     0      Global Load   64     32     0      0      128    128    HIT_LAST,MISS_NORMAL 0      32     0      0      0      32     0      0      0      0      0      0      0      0      0      0      0      0      0      0      0      0      0      0      0      0      0      0      0      0      0      0      0      0      0      0      0      0      0      0     
0x7011c57f0              IMAD.U32 R10, R8, 0x10000, RZ                     0      0      0      32     1024   1024   32     32     0      -      -      -      0      0      0      0      0      -                    0      0      0      0      0      0      0      0      0      0      0      0      0      0      0      0      0      0      0      0      0      0      0      0      0      0      0      0      0      0      0      0      0      0      0      0      0      0      0      0     
0x7011c5800              FMUL R23, R10, R23                                0      0      0      32     1024   1024   32     32     0      -      -      -      0      0      0      0      0      -                    0      0      0      0      0      0      0      0      0      0      0      0      0      0      0      0      0      0      0      0      0      0      0      0      0      0      0      0      0      0      0      0      0      0      0      0      0      0      0      0     
0x7011c5810              IMAD.U32 R9, R26, 0x10000, RZ                     0      0      0      32     1024   1024   32     32     0      -      -      -      0      0      0      0      0      -                    0      0      0      0      0      0      0      0      0      0      0      0      0      0      0      0      0      0      0      0      0      0      0      0      0      0      0      0      0      0      0      0      0      0      0      0      0      0      0      0     
0x7011c5820              PRMT R8, R24, 0x7632, R8                          0      0      0      32     1024   1024   32     32     0      -      -      -      0      0      0      0      0      -                    0      0      0      0      0      0      0      0      0      0      0      0      0      0      0      0      0      0      0      0      0      0      0      0      0      0      0      0      0      0      0      0      0      0      0      0      0      0      0      0     
0x7011c5830              FMUL R22, R9, R22                                 0      0      0      32     1024   1024   32     32     0      -      -      -      0      0      0      0      0      -                    0      0      0      0      0      0      0      0      0      0      0      0      0      0      0      0      0      0      0      0      0      0      0      0      0      0      0      0      0      0      0      0      0      0      0      0      0      0      0      0     
0x7011c5840              IMAD.U32 R9, R24, 0x10000, RZ                     0      0      0      32     1024   1024   32     32     0      -      -      -      0      0      0      0      0      -                    0      0      0      0      0      0      0      0      0      0      0      0      0      0      0      0      0      0      0      0      0      0      0      0      0      0      0      0      0      0      0      0      0      0      0      0      0      0      0      0     
0x7011c5850              IMAD.U32 R8, R8, 0x10000, RZ                      0      0      0      32     1024   1024   32     32     0      -      -      -      0      0      0      0      0      -                    0      0      0      0      0      0      0      0      0      0      0      0      0      0      0      0      0      0      0      0      0      0      0      0      0      0      0      0      0      0      0      0      0      0      0      0      0      0      0      0     
0x7011c5860              FFMA R9, R9, R18, -R22                            0      0      0      32     1024   1024   32     32     0      -      -      -      0      0      0      0      0      -                    0      0      0      0      0      0      0      0      0      0      0      0      0      0      0      0      0      0      0      0      0      0      0      0      0      0      0      0      0      0      0      0      0      0      0      0      0      0      0      0     
0x7011c5870              FFMA R8, R8, R19, -R23                            0      0      0      32     1024   1024   32     32     0      -      -      -      0      0      0      0      0      -                    0      0      0      0      0      0      0      0      0      0      0      0      0      0      0      0      0      0      0      0      0      0      0      0      0      0      0      0      0      0      0      0      0      0      0      0      0      0      0      0     
0x7011c5880              IADD.64 R14, R14, UR4                             0      0      0      32     1024   1024   32     32     0      -      -      -      0      0      0      0      0      -                    0      0      0      0      0      0      0      0      0      0      0      0      0      0      0      0      0      0      0      0      0      0      0      0      0      0      0      0      0      0      0      0      0      0      0      0      0      0      0      0     
0x7011c5890              PRMT R10, R0, 0x7632, R10                         0      0      0      32     1024   1024   32     32     0      -      -      -      0      0      0      0      0      -                    0      0      0      0      0      0      0      0      0      0      0      0      0      0      0      0      0      0      0      0      0      0      0      0      0      0      0      0      0      0      0      0      0      0      0      0      0      0      0      0     
0x7011c58a0              IMAD.U32 R7, R0, 0x10000, RZ                      0      0      0      32     1024   1024   32     32     0      -      -      -      0      0      0      0      0      -                    0      0      0      0      0      0      0      0      0      0      0      0      0      0      0      0      0      0      0      0      0      0      0      0      0      0      0      0      0      0      0      0      0      0      0      0      0      0      0      0     
0x7011c58b0              PRMT R0, R27, 0x7632, R0                          0      0      0      32     1024   1024   32     32     0      -      -      -      0      0      0      0      0      -                    0      0      0      0      0      0      0      0      0      0      0      0      0      0      0      0      0      0      0      0      0      0      0      0      0      0      0      0      0      0      0      0      0      0      0      0      0      0      0      0     
0x7011c58c0              IMAD.U32 R10, R10, 0x10000, RZ                    0      0      0      32     1024   1024   32     32     0      -      -      -      0      0      0      0      0      -                    0      0      0      0      0      0      0      0      0      0      0      0      0      0      0      0      0      0      0      0      0      0      0      0      0      0      0      0      0      0      0      0      0      0      0      0      0      0      0      0     
0x7011c58d0              IMAD.U32 R27, R27, 0x10000, RZ                    0      0      0      32     1024   1024   32     32     0      -      -      -      0      0      0      0      0      -                    0      0      0      0      0      0      0      0      0      0      0      0      0      0      0      0      0      0      0      0      0      0      0      0      0      0      0      0      0      0      0      0      0      0      0      0      0      0      0      0     
0x7011c58e0              IMAD.U32 R0, R0, 0x10000, RZ                      0      0      0      32     1024   1024   32     32     0      -      -      -      0      0      0      0      0      -                    0      0      0      0      0      0      0      0      0      0      0      0      0      0      0      0      0      0      0      0      0      0      0      0      0      0      0      0      0      0      0      0      0      0      0      0      0      0      0      0     
0x7011c58f0              FMUL R2, R7, R2                                   6      6      6      32     1024   1024   32     32     0      -      -      -      0      0      0      0      0      -                    0      0      0      0      0      0      0      0      0      0      0      6      0      0      0      0      0      0      0      0      0      0      0      0      0      0      0      0      6      0      0      0      0      0      0      0      0      0      0      0     
0x7011c5900              FMUL R3, R10, R3                                  0      0      0      32     1024   1024   32     32     0      -      -      -      0      0      0      0      0      -                    0      0      0      0      0      0      0      0      0      0      0      0      0      0      0      0      0      0      0      0      0      0      0      0      0      0      0      0      0      0      0      0      0      0      0      0      0      0      0      0     
0x7011c5910        @P4   FFMA R9, R27, R4, R2                              0      0      0      32     1024   512    32     16     0      -      -      -      0      0      0      0      0      -                    0      0      0      0      0      0      0      0      0      0      0      0      0      0      0      0      0      0      0      0      0      0      0      0      0      0      0      0      0      0      0      0      0      0      0      0      0      0      0      0     
0x7011c5920        @P4   FFMA R8, R0, R5, R3                               0      0      0      32     1024   512    32     16     0      -      -      -      0      0      0      0      0      -                    0      0      0      0      0      0      0      0      0      0      0      0      0      0      0      0      0      0      0      0      0      0      0      0      0      0      0      0      0      0      0      0      0      0      0      0      0      0      0      0     
0x7011c5930              F2FP.BF16.F32.PACK_AB R9, R8, R9                  0      0      0      32     1024   1024   32     32     0      -      -      -      0      0      0      0      0      -                    0      0      0      0      0      0      0      0      0      0      0      0      0      0      0      0      0      0      0      0      0      0      0      0      0      0      0      0      0      0      0      0      0      0      0      0      0      0      0      0     
0x7011c5940        @P3   EXIT                                              0      0      0      32     1024   0      32     0      0      -      -      -      0      0      0      0      0      -                    0      0      0      0      0      0      0      0      0      0      0      0      0      0      0      0      0      0      0      0      0      0      0      0      0      0      0      0      0      0      0      0      0      0      0      0      0      0      0      0     
0x7011c5950              STG.E desc[UR8][R14.64], R9                       0      0      0      32     1024   1024   32     32     0      Global Store  32     32     0      0      128    128                         0      0      0      0      0      0      0      0      0      0      0      0      0      0      0      0      0      0      0      0      0      0      0      0      0      0      0      0      0      0      0      0      0      0      0      0      0      0      0      0     
0x7011c5960              EXIT                                              0      0      0      32     1024   1024   32     32     0      -      -      -      0      0      0      0      0      -                    0      0      0      0      0      0      0      0      0      0      0      0      0      0      0      0      0      0      0      0      0      0      0      0      0      0      0      0      0      0      0      0      0      0      0      0      0      0      0      0     
0x7011c5970              BRA 0x7011c5970                                   0      0      0      0      0      0      0      0      0      -      -      -      0      0      0      0      0      -                    0      0      0      0      0      0      0      0      0      0      0      0      0      0      0      0      0      0      0      0      0      0      0      0      0      0      0      0      0      0      0      0      0      0      0      0      0      0      0      0     
0x7011c5980              NOP                                               0      0      0      0      0      0      0      0      0      -      -      -      0      0      0      0      0      -                    0      0      0      0      0      0      0      0      0      0      0      0      0      0      0      0      0      0      0      0      0      0      0      0      0      0      0      0      0      0      0      0      0      0      0      0      0      0      0      0     
0x7011c5990              NOP                                               0      0      0      0      0      0      0      0      0      -      -      -      0      0      0      0      0      -                    0      0      0      0      0      0      0      0      0      0      0      0      0      0      0      0      0      0      0      0      0      0      0      0      0      0      0      0      0      0      0      0      0      0      0      0      0      0      0      0     
0x7011c59a0              NOP                                               0      0      0      0      0      0      0      0      0      -      -      -      0      0      0      0      0      -                    0      0      0      0      0      0      0      0      0      0      0      0      0      0      0      0      0      0      0      0      0      0      0      0      0      0      0      0      0      0      0      0      0      0      0      0      0      0      0      0     
0x7011c59b0              NOP                                               0      0      0      0      0      0      0      0      0      -      -      -      0      0      0      0      0      -                    0      0      0      0      0      0      0      0      0      0      0      0      0      0      0      0      0      0      0      0      0      0      0      0      0      0      0      0      0      0      0      0      0      0      0      0      0      0      0      0     
0x7011c59c0              NOP                                               0      0      0      0      0      0      0      0      0      -      -      -      0      0      0      0      0      -                    0      0      0      0      0      0      0      0      0      0      0      0      0      0      0      0      0      0      0      0      0      0      0      0      0      0      0      0      0      0      0      0      0      0      0      0      0      0      0      0     
0x7011c59d0              NOP                                               0      0      0      0      0      0      0      0      0      -      -      -      0      0      0      0      0      -                    0      0      0      0      0      0      0      0      0      0      0      0      0      0      0      0      0      0      0      0      0      0      0      0      0      0      0      0      0      0      0      0      0      0      0      0      0      0      0      0     
0x7011c59e0              NOP                                               0      0      0      0      0      0      0      0      0      -      -      -      0      0      0      0      0      -                    0      0      0      0      0      0      0      0      0      0      0      0      0      0      0      0      0      0      0      0      0      0      0      0      0      0      0      0      0      0      0      0      0      0      0      0      0      0      0      0     
0x7011c59f0              NOP                                               0      0      0      0      0      0      0      0      0      -      -      -      0      0      0      0      0      -                    0      0      0      0      0      0      0      0      0      0      0      0      0      0      0      0      0      0      0      0      0      0      0      0      0      0      0      0      0      0      0      0      0      0      0      0      0      0      0      0     
------------------ ------------------------------------------------------- ------ ------ ------ ------ ------ ------ ------ ------ ------ ------ ------ ------ ------ ------ ------ ------ ------ -------------------- ------ ------ ------ ------ ------ ------ ------ ------ ------ ------ ------ ------ ------ ------ ------ ------ ------ ------ ------ ------ ------ ------ ------ ------ ------ ------ ------ ------ ------ ------ ------ ------ ------ ------ ------ ------ ------ ------ ------ ------
Kernel Name        triton_poi_fused__to_copy_add_cat_index_mul_split_sub_1                                                                                                                                                                                                                                                                                                                                                                                                                                    
------------------ ------------------------------------------------------- ------ ------ ------ ------ ------ ------ ------ ------ ------ ------ ------ ------ ------ ------ ------ ------ ------ -------------------- ------ ------ ------ ------ ------ ------ ------ ------ ------ ------ ------ ------ ------ ------ ------ ------ ------ ------ ------ ------ ------ ------ ------ ------ ------ ------ ------ ------ ------ ------ ------ ------ ------ ------ ------ ------ ------ ------ ------ ------
Address            Source                                                  Warp S Warp S # Samp Instru Thread Predic Avg. T Avg. P Diverg Addres Access Access L1 Tag L1 Con L2 The L2 The L2 The L2 Exp               L2 Exp L2 Exp L2 Exp L2 Exp L2 Exp L2 Exp stall_ stall_ stall_ stall_ stall_ stall_ stall_ stall_ stall_ stall_ stall_ stall_ stall_ stall_ stall_ stall_ stall_ stall_ stall_ stall_ stall_ stall_ stall_ stall_ stall_ stall_ stall_ stall_ stall_ stall_ stall_ stall_ stall_ stall_
                                                                           tall S tall S les    ctions  Instr ated-O hreads redica ent Br s Spac  Opera  Size   Reque flicts oretic oretic oretic licit                licit  licit  licit  licit  licit  licit  barrie branch dispat drain  lg     long_s math   membar mio    misc   no_ins not_se select short_ sleep  tex    wait   barrie branch dispat drain  lg (No long_s math ( membar mio (N misc ( no_ins not_se select short_ sleepi tex (N wait (
                                                                           amplin amplin         Execu uction n Thre  Execu ted-On anches e      tion          sts Gl  Share al Sec al Sec al Sec Evict                Hit Po Hit Po Hit Po Hit Po Miss P Miss P r      _resol ch                   b                                  t      lected ed     sb                          r (Not _resol ch (No (Not I t Issu b (Not Not Is  (Not  ot Iss Not Is t (Not lected ed (No sb (No ng (No ot Iss Not Is
                                                                           g (All g (Not        ted    s Exec ad Ins ted     Threa                             obal   d N-Wa tors G tors G tors G Polici               licy E licy E licy E licy E olicy  olicy         ving                                                                                                             Issue ving ( t Issu ssued) ed)     Issue sued)  Issued ued)   sued)   Issue  (Not  t Issu t Issu t Issu ued)   sued) 
                                                                            Sampl -issue               uted   tructi        ds Exe                                    y      lobal  lobal  lobal  es                   vict F vict L vict N vict N Evict  Evict                                                                                                                         d)     Not Is ed)                  d)            )                    d)     Issued ed)    ed)    ed)                 
                                                                           es)    d Samp                      ons Ex        cuted                                            Excess        Ideal                       irst   ast    ormal  ormal  First  Normal                                                                                                                               sued)                                                                 )                                        
                                                                                  les)                        ecuted                                                         ive                                                            Demote                                                                                                                                                                                                                                                            
0x7011c6300              LDC R1, c[0x0][0x37c]                             1      1      1      16     512    512    32     32     0      -      -      -      0      0      0      0      0      -                    0      0      0      0      0      0      0      0      0      0      0      0      0      0      0      0      1      0      0      0      0      0      0      0      0      0      0      0      0      0      0      0      0      1      0      0      0      0      0      0     
0x7011c6310              S2R R5, SR_TID.X                                  0      0      0      16     512    512    32     32     0      -      -      -      0      0      0      0      0      -                    0      0      0      0      0      0      0      0      0      0      0      0      0      0      0      0      0      0      0      0      0      0      0      0      0      0      0      0      0      0      0      0      0      0      0      0      0      0      0      0     
0x7011c6320              LDCU.64 UR8, c[0x0][0x358]                        0      0      0      16     512    512    32     32     0      -      -      -      0      0      0      0      0      -                    0      0      0      0      0      0      0      0      0      0      0      0      0      0      0      0      0      0      0      0      0      0      0      0      0      0      0      0      0      0      0      0      0      0      0      0      0      0      0      0     
0x7011c6330              LDC.64 R18, c[0x0][0x388]                         0      0      0      16     512    512    32     32     0      -      -      -      0      0      0      0      0      -                    0      0      0      0      0      0      0      0      0      0      0      0      0      0      0      0      0      0      0      0      0      0      0      0      0      0      0      0      0      0      0      0      0      0      0      0      0      0      0      0     
0x7011c6340              S2R R6, SR_CTAID.X                                0      0      0      16     512    512    32     32     0      -      -      -      0      0      0      0      0      -                    0      0      0      0      0      0      0      0      0      0      0      0      0      0      0      0      0      0      0      0      0      0      0      0      0      0      0      0      0      0      0      0      0      0      0      0      0      0      0      0     
0x7011c6350              LDCU UR6, c[0x0][0x3a0]                           0      0      0      16     512    512    32     32     0      -      -      -      0      0      0      0      0      -                    0      0      0      0      0      0      0      0      0      0      0      0      0      0      0      0      0      0      0      0      0      0      0      0      0      0      0      0      0      0      0      0      0      0      0      0      0      0      0      0     
0x7011c6360              LDCU.64 UR10, c[0x0][0x380]                       0      0      0      16     512    512    32     32     0      -      -      -      0      0      0      0      0      -                    0      0      0      0      0      0      0      0      0      0      0      0      0      0      0      0      0      0      0      0      0      0      0      0      0      0      0      0      0      0      0      0      0      0      0      0      0      0      0      0     
0x7011c6370              LDG.E.64 R16, desc[UR8][R18.64]                   1      1      1      16     512    512    32     32     0      Global Load   64     16     0      0      16     16                          0      0      0      0      0      0      0      0      0      0      0      0      0      0      0      0      0      0      0      1      0      0      0      0      0      0      0      0      0      0      0      0      0      0      0      0      1      0      0      0     
0x7011c6380              UMOV UR4, 0xf0                                    0      0      0      16     512    512    32     32     0      -      -      -      0      0      0      0      0      -                    0      0      0      0      0      0      0      0      0      0      0      0      0      0      0      0      0      0      0      0      0      0      0      0      0      0      0      0      0      0      0      0      0      0      0      0      0      0      0      0     
0x7011c6390              HFMA2 R24, -RZ, RZ, 0, 0                          0      0      0      16     512    512    32     32     0      -      -      -      0      0      0      0      0      -                    0      0      0      0      0      0      0      0      0      0      0      0      0      0      0      0      0      0      0      0      0      0      0      0      0      0      0      0      0      0      0      0      0      0      0      0      0      0      0      0     
0x7011c63a0              USHF.R.U32 UR4, UR4, 0x4, URZ                     0      0      0      16     512    512    32     32     0      -      -      -      0      0      0      0      0      -                    0      0      0      0      0      0      0      0      0      0      0      0      0      0      0      0      0      0      0      0      0      0      0      0      0      0      0      0      0      0      0      0      0      0      0      0      0      0      0      0     
0x7011c63b0              UMOV UR5, 0x140                                   0      0      0      16     512    512    32     32     0      -      -      -      0      0      0      0      0      -                    0      0      0      0      0      0      0      0      0      0      0      0      0      0      0      0      0      0      0      0      0      0      0      0      0      0      0      0      0      0      0      0      0      0      0      0      0      0      0      0     
0x7011c63c0              ULOP3.LUT UR5, UR5, 0xf, UR4, 0xf8, !UPT          0      0      0      16     512    512    32     32     0      -      -      -      0      0      0      0      0      -                    0      0      0      0      0      0      0      0      0      0      0      0      0      0      0      0      0      0      0      0      0      0      0      0      0      0      0      0      0      0      0      0      0      0      0      0      0      0      0      0     
0x7011c63d0              USHF.L.U32 UR5, UR5, 0x14, URZ                    0      0      0      16     512    512    32     32     0      -      -      -      0      0      0      0      0      -                    0      0      0      0      0      0      0      0      0      0      0      0      0      0      0      0      0      0      0      0      0      0      0      0      0      0      0      0      0      0      0      0      0      0      0      0      0      0      0      0     
0x7011c63e0              UMOV UR4, URZ                                     0      0      0      16     512    512    32     32     0      -      -      -      0      0      0      0      0      -                    0      0      0      0      0      0      0      0      0      0      0      0      0      0      0      0      0      0      0      0      0      0      0      0      0      0      0      0      0      0      0      0      0      0      0      0      0      0      0      0     
0x7011c63f0              LOP3.LUT R5, R5, 0x7f, RZ, 0xc0, !PT              0      0      0      16     512    512    32     32     0      -      -      -      0      0      0      0      0      -                    0      0      0      0      0      0      0      0      0      0      0      0      0      0      0      0      0      0      0      0      0      0      0      0      0      0      0      0      0      0      0      0      0      0      0      0      0      0      0      0     
0x7011c6400              IMAD.SHL.U32 R0, R6, 0x100, RZ                    0      0      0      16     512    512    32     32     0      -      -      -      0      0      0      0      0      -                    0      0      0      0      0      0      0      0      0      0      0      0      0      0      0      0      0      0      0      0      0      0      0      0      0      0      0      0      0      0      0      0      0      0      0      0      0      0      0      0     
0x7011c6410              SHF.R.S32.HI R4, RZ, 0x17, R6                     0      0      0      16     512    512    32     32     0      -      -      -      0      0      0      0      0      -                    0      0      0      0      0      0      0      0      0      0      0      0      0      0      0      0      0      0      0      0      0      0      0      0      0      0      0      0      0      0      0      0      0      0      0      0      0      0      0      0     
0x7011c6420              IMAD R3, R5, 0x2, R0                              0      0      0      16     512    512    32     32     0      -      -      -      0      0      0      0      0      -                    0      0      0      0      0      0      0      0      0      0      0      0      0      0      0      0      0      0      0      0      0      0      0      0      0      0      0      0      0      0      0      0      0      0      0      0      0      0      0      0     
0x7011c6430              SGXT R4, R4, 0x1                                  0      0      0      16     512    512    32     32     0      -      -      -      0      0      0      0      0      -                    0      0      0      0      0      0      0      0      0      0      0      0      0      0      0      0      0      0      0      0      0      0      0      0      0      0      0      0      0      0      0      0      0      0      0      0      0      0      0      0     
0x7011c6440              IMAD.SHL.U32 R14, R3, 0x2, RZ                     0      0      0      16     512    512    32     32     0      -      -      -      0      0      0      0      0      -                    0      0      0      0      0      0      0      0      0      0      0      0      0      0      0      0      0      0      0      0      0      0      0      0      0      0      0      0      0      0      0      0      0      0      0      0      0      0      0      0     
0x7011c6450              LEA.HI R0, R4, R3, RZ, 0x7                        0      0      0      16     512    512    32     32     0      -      -      -      0      0      0      0      0      -                    0      0      0      0      0      0      0      0      0      0      0      0      0      0      0      0      0      0      0      0      0      0      0      0      0      0      0      0      0      0      0      0      0      0      0      0      0      0      0      0     
0x7011c6460              IMAD.HI R15, R3, 0x2, RZ                          0      0      0      16     512    512    32     32     0      -      -      -      0      0      0      0      0      -                    0      0      0      0      0      0      0      0      0      0      0      0      0      0      0      0      0      0      0      0      0      0      0      0      0      0      0      0      0      0      0      0      0      0      0      0      0      0      0      0     
0x7011c6470              ISETP.GE.AND P3, PT, R3, UR6, PT                  0      0      0      16     512    512    32     32     0      -      -      -      0      0      0      0      0      -                    0      0      0      0      0      0      0      0      0      0      0      0      0      0      0      0      0      0      0      0      0      0      0      0      0      0      0      0      0      0      0      0      0      0      0      0      0      0      0      0     
0x7011c6480              LOP3.LUT R0, R0, 0xffffff80, RZ, 0xc0, !PT        0      0      0      16     512    512    32     32     0      -      -      -      0      0      0      0      0      -                    0      0      0      0      0      0      0      0      0      0      0      0      0      0      0      0      0      0      0      0      0      0      0      0      0      0      0      0      0      0      0      0      0      0      0      0      0      0      0      0     
0x7011c6490              IADD3 R9, R3, -R0, RZ                             0      0      0      16     512    512    32     32     0      -      -      -      0      0      0      0      0      -                    0      0      0      0      0      0      0      0      0      0      0      0      0      0      0      0      0      0      0      0      0      0      0      0      0      0      0      0      0      0      0      0      0      0      0      0      0      0      0      0     
0x7011c64a0              IADD.64 R2, R14, UR10                             0      0      0      16     512    512    32     32     0      -      -      -      0      0      0      0      0      -                    0      0      0      0      0      0      0      0      0      0      0      0      0      0      0      0      0      0      0      0      0      0      0      0      0      0      0      0      0      0      0      0      0      0      0      0      0      0      0      0     
0x7011c64b0              ISETP.LT.AND P2, PT, R9, 0x40, !P3                0      0      0      16     512    512    32     32     0      -      -      -      0      0      0      0      0      -                    0      0      0      0      0      0      0      0      0      0      0      0      0      0      0      0      0      0      0      0      0      0      0      0      0      0      0      0      0      0      0      0      0      0      0      0      0      0      0      0     
0x7011c64c0        @P2   LDG.E.EL R24, desc[UR4][R2.64]                    1      1      1      16     512    256    32     16     0      Global Load   32     8      0      0      32     32     HIT_LAST,MISS_NORMAL 0      16     0      0      0      16     0      0      0      0      0      0      0      0      0      0      0      0      0      0      0      0      1      0      0      0      0      0      0      0      0      0      0      0      0      0      0      0      0      1     
0x7011c64d0              PRMT R6, R5, 0x6540, R6                           0      0      0      16     512    512    32     32     0      -      -      -      0      0      0      0      0      -                    0      0      0      0      0      0      0      0      0      0      0      0      0      0      0      0      0      0      0      0      0      0      0      0      0      0      0      0      0      0      0      0      0      0      0      0      0      0      0      0     
0x7011c64e0              ISETP.GE.AND P4, PT, R9, 0x40, PT                 0      0      0      16     512    512    32     32     0      -      -      -      0      0      0      0      0      -                    0      0      0      0      0      0      0      0      0      0      0      0      0      0      0      0      0      0      0      0      0      0      0      0      0      0      0      0      0      0      0      0      0      0      0      0      0      0      0      0     
0x7011c64f0              LEA.HI R4, R4, R6, RZ, 0x7                        0      0      0      16     512    512    32     32     0      -      -      -      0      0      0      0      0      -                    0      0      0      0      0      0      0      0      0      0      0      0      0      0      0      0      0      0      0      0      0      0      0      0      0      0      0      0      0      0      0      0      0      0      0      0      0      0      0      0     
0x7011c6500              LOP3.LUT R7, R6, 0x80, RZ, 0xfc, !PT              0      0      0      16     512    512    32     32     0      -      -      -      0      0      0      0      0      -                    0      0      0      0      0      0      0      0      0      0      0      0      0      0      0      0      0      0      0      0      0      0      0      0      0      0      0      0      0      0      0      0      0      0      0      0      0      0      0      0     
0x7011c6510              LOP3.LUT R25, R4, 0xffffff80, RZ, 0xc0, !PT       0      0      0      16     512    512    32     32     0      -      -      -      0      0      0      0      0      -                    0      0      0      0      0      0      0      0      0      0      0      0      0      0      0      0      0      0      0      0      0      0      0      0      0      0      0      0      0      0      0      0      0      0      0      0      0      0      0      0     
0x7011c6520              VIMNMX.S32 R7, R6, R7, PT                         0      0      0      16     512    512    32     32     0      -      -      -      0      0      0      0      0      -                    0      0      0      0      0      0      0      0      0      0      0      0      0      0      0      0      0      0      0      0      0      0      0      0      0      0      0      0      0      0      0      0      0      0      0      0      0      0      0      0     
0x7011c6530              IADD3 R25, R6, -R25, RZ                           0      0      0      16     512    512    32     32     0      -      -      -      0      0      0      0      0      -                    0      0      0      0      0      0      0      0      0      0      0      0      0      0      0      0      0      0      0      0      0      0      0      0      0      0      0      0      0      0      0      0      0      0      0      0      0      0      0      0     
0x7011c6540              ISETP.GE.AND P1, PT, R25, 0x40, PT                0      0      0      16     512    512    32     32     0      -      -      -      0      0      0      0      0      -                    0      0      0      0      0      0      0      0      0      0      0      0      0      0      0      0      0      0      0      0      0      0      0      0      0      0      0      0      0      0      0      0      0      0      0      0      0      0      0      0     
0x7011c6550              SEL.64 R4, R16, RZ, !P1                           3      3      3      16     512    512    32     32     0      -      -      -      0      0      0      0      0      -                    0      0      0      0      0      0      0      0      0      0      0      3      0      0      0      0      0      0      0      0      0      0      0      0      0      0      0      0      3      0      0      0      0      0      0      0      0      0      0      0     
0x7011c6560              ISETP.LT.AND P1, PT, R7, UR6, !P1                 0      0      0      16     512    512    32     32     0      -      -      -      0      0      0      0      0      -                    0      0      0      0      0      0      0      0      0      0      0      0      0      0      0      0      0      0      0      0      0      0      0      0      0      0      0      0      0      0      0      0      0      0      0      0      0      0      0      0     
0x7011c6570              ISETP.GE.AND P0, PT, R5, RZ, PT                   0      0      0      16     512    512    32     32     0      -      -      -      0      0      0      0      0      -                    0      0      0      0      0      0      0      0      0      0      0      0      0      0      0      0      0      0      0      0      0      0      0      0      0      0      0      0      0      0      0      0      0      0      0      0      0      0      0      0     
0x7011c6580        @!P0  IADD.64 R4, R4, 0xa000                            0      0      0      16     512    0      32     0      0      -      -      -      0      0      0      0      0      -                    0      0      0      0      0      0      0      0      0      0      0      0      0      0      0      0      0      0      0      0      0      0      0      0      0      0      0      0      0      0      0      0      0      0      0      0      0      0      0      0     
0x7011c6590              ISETP.GE.AND P0, PT, R7, UR6, PT                  0      0      0      16     512    512    32     32     0      -      -      -      0      0      0      0      0      -                    0      0      0      0      0      0      0      0      0      0      0      0      0      0      0      0      0      0      0      0      0      0      0      0      0      0      0      0      0      0      0      0      0      0      0      0      0      0      0      0     
0x7011c65a0              ISETP.LT.U64.OR P1, PT, R4, 0xa000, !P1           0      0      0      16     512    512    32     32     0      -      -      -      0      0      0      0      0      -                    0      0      0      0      0      0      0      0      0      0      0      0      0      0      0      0      0      0      0      0      0      0      0      0      0      0      0      0      0      0      0      0      0      0      0      0      0      0      0      0     
0x7011c65b0        @P1   BRA 0x7011c66c0                                   0      0      0      16     512    512    32     32     0      -      -      -      0      0      0      0      0      -                    0      0      0      0      0      0      0      0      0      0      0      0      0      0      0      0      0      0      0      0      0      0      0      0      0      0      0      0      0      0      0      0      0      0      0      0      0      0      0      0     
0x7011c65c0              LDCU.64 UR6, c[0x4][0x30]                         0      0      0      0      0      0      0      0      0      -      -      -      0      0      0      0      0      -                    0      0      0      0      0      0      0      0      0      0      0      0      0      0      0      0      0      0      0      0      0      0      0      0      0      0      0      0      0      0      0      0      0      0      0      0      0      0      0      0     
0x7011c65d0              MOV R2, 0x0                                       0      0      0      0      0      0      0      0      0      -      -      -      0      0      0      0      0      -                    0      0      0      0      0      0      0      0      0      0      0      0      0      0      0      0      0      0      0      0      0      0      0      0      0      0      0      0      0      0      0      0      0      0      0      0      0      0      0      0     
0x7011c65e0              MOV R8, 0x27                                      0      0      0      0      0      0      0      0      0      -      -      -      0      0      0      0      0      -                    0      0      0      0      0      0      0      0      0      0      0      0      0      0      0      0      0      0      0      0      0      0      0      0      0      0      0      0      0      0      0      0      0      0      0      0      0      0      0      0     
0x7011c65f0              MOV R12, 0x1                                      0      0      0      0      0      0      0      0      0      -      -      -      0      0      0      0      0      -                    0      0      0      0      0      0      0      0      0      0      0      0      0      0      0      0      0      0      0      0      0      0      0      0      0      0      0      0      0      0      0      0      0      0      0      0      0      0      0      0     
0x7011c6600              LDCU.64 UR12, c[0x4][0x28]                        0      0      0      0      0      0      0      0      0      -      -      -      0      0      0      0      0      -                    0      0      0      0      0      0      0      0      0      0      0      0      0      0      0      0      0      0      0      0      0      0      0      0      0      0      0      0      0      0      0      0      0      0      0      0      0      0      0      0     
0x7011c6610              MOV R13, RZ                                       0      0      0      0      0      0      0      0      0      -      -      -      0      0      0      0      0      -                    0      0      0      0      0      0      0      0      0      0      0      0      0      0      0      0      0      0      0      0      0      0      0      0      0      0      0      0      0      0      0      0      0      0      0      0      0      0      0      0     
0x7011c6620              LDC.64 R2, c[0x4][R2]                             0      0      0      0      0      0      0      0      0      -      -      -      0      0      0      0      0      -                    0      0      0      0      0      0      0      0      0      0      0      0      0      0      0      0      0      0      0      0      0      0      0      0      0      0      0      0      0      0      0      0      0      0      0      0      0      0      0      0     
0x7011c6630              LDCU.64 UR14, c[0x4][0x20]                        0      0      0      0      0      0      0      0      0      -      -      -      0      0      0      0      0      -                    0      0      0      0      0      0      0      0      0      0      0      0      0      0      0      0      0      0      0      0      0      0      0      0      0      0      0      0      0      0      0      0      0      0      0      0      0      0      0      0     
0x7011c6640              MOV R4, UR6                                       0      0      0      0      0      0      0      0      0      -      -      -      0      0      0      0      0      -                    0      0      0      0      0      0      0      0      0      0      0      0      0      0      0      0      0      0      0      0      0      0      0      0      0      0      0      0      0      0      0      0      0      0      0      0      0      0      0      0     
0x7011c6650              MOV R5, UR7                                       0      0      0      0      0      0      0      0      0      -      -      -      0      0      0      0      0      -                    0      0      0      0      0      0      0      0      0      0      0      0      0      0      0      0      0      0      0      0      0      0      0      0      0      0      0      0      0      0      0      0      0      0      0      0      0      0      0      0     
0x7011c6660              MOV R6, UR12                                      0      0      0      0      0      0      0      0      0      -      -      -      0      0      0      0      0      -                    0      0      0      0      0      0      0      0      0      0      0      0      0      0      0      0      0      0      0      0      0      0      0      0      0      0      0      0      0      0      0      0      0      0      0      0      0      0      0      0     
0x7011c6670              MOV R7, UR13                                      0      0      0      0      0      0      0      0      0      -      -      -      0      0      0      0      0      -                    0      0      0      0      0      0      0      0      0      0      0      0      0      0      0      0      0      0      0      0      0      0      0      0      0      0      0      0      0      0      0      0      0      0      0      0      0      0      0      0     
0x7011c6680              MOV R10, UR14                                     0      0      0      0      0      0      0      0      0      -      -      -      0      0      0      0      0      -                    0      0      0      0      0      0      0      0      0      0      0      0      0      0      0      0      0      0      0      0      0      0      0      0      0      0      0      0      0      0      0      0      0      0      0      0      0      0      0      0     
0x7011c6690              MOV R11, UR15                                     0      0      0      0      0      0      0      0      0      -      -      -      0      0      0      0      0      -                    0      0      0      0      0      0      0      0      0      0      0      0      0      0      0      0      0      0      0      0      0      0      0      0      0      0      0      0      0      0      0      0      0      0      0      0      0      0      0      0     
0x7011c66a0              LEPC R20, 0x7011c66c0                             0      0      0      0      0      0      0      0      0      -      -      -      0      0      0      0      0      -                    0      0      0      0      0      0      0      0      0      0      0      0      0      0      0      0      0      0      0      0      0      0      0      0      0      0      0      0      0      0      0      0      0      0      0      0      0      0      0      0     
0x7011c66b0              CALL.ABS.NOINC R2                                 0      0      0      0      0      0      0      0      0      -      -      -      0      0      0      0      0      -                    0      0      0      0      0      0      0      0      0      0      0      0      0      0      0      0      0      0      0      0      0      0      0      0      0      0      0      0      0      0      0      0      0      0      0      0      0      0      0      0     
0x7011c66c0              SEL.64 R16, R16, RZ, !P4                          0      0      0      16     512    512    32     32     0      -      -      -      0      0      0      0      0      -                    0      0      0      0      0      0      0      0      0      0      0      0      0      0      0      0      0      0      0      0      0      0      0      0      0      0      0      0      0      0      0      0      0      0      0      0      0      0      0      0     
0x7011c66d0              WARPSYNC.ALL                                      0      0      0      16     512    512    32     32     0      -      -      -      0      0      0      0      0      -                    0      0      0      0      0      0      0      0      0      0      0      0      0      0      0      0      0      0      0      0      0      0      0      0      0      0      0      0      0      0      0      0      0      0      0      0      0      0      0      0     
0x7011c66e0              NOP                                               0      0      0      16     512    512    32     32     0      -      -      -      0      0      0      0      0      -                    0      0      0      0      0      0      0      0      0      0      0      0      0      0      0      0      0      0      0      0      0      0      0      0      0      0      0      0      0      0      0      0      0      0      0      0      0      0      0      0     
0x7011c66f0              ISETP.GE.AND P1, PT, R17, RZ, PT                  0      0      0      16     512    512    32     32     0      -      -      -      0      0      0      0      0      -                    0      0      0      0      0      0      0      0      0      0      0      0      0      0      0      0      0      0      0      0      0      0      0      0      0      0      0      0      0      0      0      0      0      0      0      0      0      0      0      0     
0x7011c6700              BAR.SYNC.DEFER_BLOCKING 0x0                       0      0      0      16     512    512    32     32     0      -      -      -      0      0      0      0      0      -                    0      0      0      0      0      0      0      0      0      0      0      0      0      0      0      0      0      0      0      0      0      0      0      0      0      0      0      0      0      0      0      0      0      0      0      0      0      0      0      0     
0x7011c6710              SHF.L.U64.HI R3, R16, 0x7, R17                    0      0      0      16     512    512    32     32     0      -      -      -      0      0      0      0      0      -                    0      0      0      0      0      0      0      0      0      0      0      0      0      0      0      0      0      0      0      0      0      0      0      0      0      0      0      0      0      0      0      0      0      0      0      0      0      0      0      0     
0x7011c6720              IMAD.SHL.U32 R2, R16, 0x80, RZ                    0      0      0      16     512    512    32     32     0      -      -      -      0      0      0      0      0      -                    0      0      0      0      0      0      0      0      0      0      0      0      0      0      0      0      0      0      0      0      0      0      0      0      0      0      0      0      0      0      0      0      0      0      0      0      0      0      0      0     
0x7011c6730              LDCU.64 UR12, c[0x0][0x390]                       1      1      1      16     512    512    32     32     0      -      -      -      0      0      0      0      0      -                    0      0      0      0      0      0      1      0      0      0      0      0      0      0      0      0      0      0      0      0      0      0      0      1      0      0      0      0      0      0      0      0      0      0      0      0      0      0      0      0     
0x7011c6740              LDG.E.64 R16, desc[UR8][R18.64]                   0      0      0      16     512    512    32     32     0      Global Load   64     16     0      0      16     16                          0      0      0      0      0      0      0      0      0      0      0      0      0      0      0      0      0      0      0      0      0      0      0      0      0      0      0      0      0      0      0      0      0      0      0      0      0      0      0      0     
0x7011c6750        @!P1  IADD.64 R2, R2, 0x500000                          0      0      0      16     512    0      32     0      0      -      -      -      0      0      0      0      0      -                    0      0      0      0      0      0      0      0      0      0      0      0      0      0      0      0      0      0      0      0      0      0      0      0      0      0      0      0      0      0      0      0      0      0      0      0      0      0      0      0     
0x7011c6760              IMAD.SHL.U32 R4, R9, 0x4, RZ                      0      0      0      16     512    512    32     32     0      -      -      -      0      0      0      0      0      -                    0      0      0      0      0      0      0      0      0      0      0      0      0      0      0      0      0      0      0      0      0      0      0      0      0      0      0      0      0      0      0      0      0      0      0      0      0      0      0      0     
0x7011c6770              LOP3.LUT R8, R0, 0x40, RZ, 0xfc, !PT              0      0      0      16     512    512    32     32     0      -      -      -      0      0      0      0      0      -                    0      0      0      0      0      0      0      0      0      0      0      0      0      0      0      0      0      0      0      0      0      0      0      0      0      0      0      0      0      0      0      0      0      0      0      0      0      0      0      0     
0x7011c6780              IMAD.HI R5, R9, 0x4, RZ                           0      0      0      16     512    512    32     32     0      -      -      -      0      0      0      0      0      -                    0      0      0      0      0      0      0      0      0      0      0      0      0      0      0      0      0      0      0      0      0      0      0      0      0      0      0      0      0      0      0      0      0      0      0      0      0      0      0      0     
0x7011c6790              LEA R6, P1, R2, UR12, 0x2                         0      0      0      16     512    512    32     32     0      -      -      -      0      0      0      0      0      -                    0      0      0      0      0      0      0      0      0      0      0      0      0      0      0      0      0      0      0      0      0      0      0      0      0      0      0      0      0      0      0      0      0      0      0      0      0      0      0      0     
0x7011c67a0              UMOV UR6, 0xf0                                    0      0      0      16     512    512    32     32     0      -      -      -      0      0      0      0      0      -                    0      0      0      0      0      0      0      0      0      0      0      0      0      0      0      0      0      0      0      0      0      0      0      0      0      0      0      0      0      0      0      0      0      0      0      0      0      0      0      0     
0x7011c67b0              IADD3 R29, R9, -0x40, RZ                          0      0      0      16     512    512    32     32     0      -      -      -      0      0      0      0      0      -                    0      0      0      0      0      0      0      0      0      0      0      0      0      0      0      0      0      0      0      0      0      0      0      0      0      0      0      0      0      0      0      0      0      0      0      0      0      0      0      0     
0x7011c67c0              USHF.R.U32 UR14, UR6, 0x4, URZ                    0      0      0      16     512    512    32     32     0      -      -      -      0      0      0      0      0      -                    0      0      0      0      0      0      0      0      0      0      0      0      0      0      0      0      0      0      0      0      0      0      0      0      0      0      0      0      0      0      0      0      0      0      0      0      0      0      0      0     
0x7011c67d0              UMOV UR15, 0x140                                  0      0      0      16     512    512    32     32     0      -      -      -      0      0      0      0      0      -                    0      0      0      0      0      0      0      0      0      0      0      0      0      0      0      0      0      0      0      0      0      0      0      0      0      0      0      0      0      0      0      0      0      0      0      0      0      0      0      0     
0x7011c67e0              ULOP3.LUT UR15, UR15, 0xf, UR14, 0xf8, !UPT       0      0      0      16     512    512    32     32     0      -      -      -      0      0      0      0      0      -                    0      0      0      0      0      0      0      0      0      0      0      0      0      0      0      0      0      0      0      0      0      0      0      0      0      0      0      0      0      0      0      0      0      0      0      0      0      0      0      0     
0x7011c67f0              USHF.L.U32 UR15, UR15, 0x14, URZ                  0      0      0      16     512    512    32     32     0      -      -      -      0      0      0      0      0      -                    0      0      0      0      0      0      0      0      0      0      0      0      0      0      0      0      0      0      0      0      0      0      0      0      0      0      0      0      0      0      0      0      0      0      0      0      0      0      0      0     
0x7011c6800              UMOV UR14, URZ                                    0      0      0      16     512    512    32     32     0      -      -      -      0      0      0      0      0      -                    0      0      0      0      0      0      0      0      0      0      0      0      0      0      0      0      0      0      0      0      0      0      0      0      0      0      0      0      0      0      0      0      0      0      0      0      0      0      0      0     
0x7011c6810              LEA.HI.X R7, R2, UR13, R3, 0x2, P1                0      0      0      16     512    512    32     32     0      -      -      -      0      0      0      0      0      -                    0      0      0      0      0      0      0      0      0      0      0      0      0      0      0      0      0      0      0      0      0      0      0      0      0      0      0      0      0      0      0      0      0      0      0      0      0      0      0      0     
0x7011c6820              USHF.R.U32 UR6, UR6, 0x4, URZ                     0      0      0      16     512    512    32     32     0      -      -      -      0      0      0      0      0      -                    0      0      0      0      0      0      0      0      0      0      0      0      0      0      0      0      0      0      0      0      0      0      0      0      0      0      0      0      0      0      0      0      0      0      0      0      0      0      0      0     
0x7011c6830              UMOV UR7, 0x140                                   0      0      0      16     512    512    32     32     0      -      -      -      0      0      0      0      0      -                    0      0      0      0      0      0      0      0      0      0      0      0      0      0      0      0      0      0      0      0      0      0      0      0      0      0      0      0      0      0      0      0      0      0      0      0      0      0      0      0     
0x7011c6840              ULOP3.LUT UR7, UR7, 0xf, UR6, 0xf8, !UPT          0      0      0      16     512    512    32     32     0      -      -      -      0      0      0      0      0      -                    0      0      0      0      0      0      0      0      0      0      0      0      0      0      0      0      0      0      0      0      0      0      0      0      0      0      0      0      0      0      0      0      0      0      0      0      0      0      0      0     
0x7011c6850              USHF.L.U32 UR7, UR7, 0x14, URZ                    0      0      0      16     512    512    32     32     0      -      -      -      0      0      0      0      0      -                    0      0      0      0      0      0      0      0      0      0      0      0      0      0      0      0      0      0      0      0      0      0      0      0      0      0      0      0      0      0      0      0      0      0      0      0      0      0      0      0     
0x7011c6860              UMOV UR6, URZ                                     0      0      0      16     512    512    32     32     0      -      -      -      0      0      0      0      0      -                    0      0      0      0      0      0      0      0      0      0      0      0      0      0      0      0      0      0      0      0      0      0      0      0      0      0      0      0      0      0      0      0      0      0      0      0      0      0      0      0     
0x7011c6870              ISETP.GT.AND P1, PT, R9, 0x3f, !P3                0      0      0      16     512    512    32     32     0      -      -      -      0      0      0      0      0      -                    0      0      0      0      0      0      0      0      0      0      0      0      0      0      0      0      0      0      0      0      0      0      0      0      0      0      0      0      0      0      0      0      0      0      0      0      0      0      0      0     
0x7011c6880              CS2R R26, SRZ                                     0      0      0      16     512    512    32     32     0      -      -      -      0      0      0      0      0      -                    0      0      0      0      0      0      0      0      0      0      0      0      0      0      0      0      0      0      0      0      0      0      0      0      0      0      0      0      0      0      0      0      0      0      0      0      0      0      0      0     
0x7011c6890              CS2R R18, SRZ                                     0      0      0      16     512    512    32     32     0      -      -      -      0      0      0      0      0      -                    0      0      0      0      0      0      0      0      0      0      0      0      0      0      0      0      0      0      0      0      0      0      0      0      0      0      0      0      0      0      0      0      0      0      0      0      0      0      0      0     
0x7011c68a0              IADD.64 R2, R4, R6                                0      0      0      16     512    512    32     32     0      -      -      -      0      0      0      0      0      -                    0      0      0      0      0      0      0      0      0      0      0      0      0      0      0      0      0      0      0      0      0      0      0      0      0      0      0      0      0      0      0      0      0      0      0      0      0      0      0      0     
0x7011c68b0              IADD3 R5, R9, R8, RZ                              0      0      0      16     512    512    32     32     0      -      -      -      0      0      0      0      0      -                    0      0      0      0      0      0      0      0      0      0      0      0      0      0      0      0      0      0      0      0      0      0      0      0      0      0      0      0      0      0      0      0      0      0      0      0      0      0      0      0     
0x7011c68c0              IADD3 R8, R8, R29, RZ                             0      0      0      16     512    512    32     32     0      -      -      -      0      0      0      0      0      -                    0      0      0      0      0      0      0      0      0      0      0      0      0      0      0      0      0      0      0      0      0      0      0      0      0      0      0      0      0      0      0      0      0      0      0      0      0      0      0      0     
0x7011c68d0              CS2R R22, SRZ                                     0      0      0      16     512    512    32     32     0      -      -      -      0      0      0      0      0      -                    0      0      0      0      0      0      0      0      0      0      0      0      0      0      0      0      0      0      0      0      0      0      0      0      0      0      0      0      0      0      0      0      0      0      0      0      0      0      0      0     
0x7011c68e0        @P2   LDG.E.EL.64 R18, desc[UR4][R2.64]                 0      0      0      16     512    256    32     16     0      Global Load   64     16     0      0      64     64     HIT_LAST,MISS_NORMAL 0      16     0      0      0      16     0      0      0      0      0      0      0      0      0      0      0      0      0      0      0      0      0      0      0      0      0      0      0      0      0      0      0      0      0      0      0      0      0      0     
0x7011c68f0              IMAD.SHL.U32 R4, R5, 0x2, RZ                      0      0      0      16     512    512    32     32     0      -      -      -      0      0      0      0      0      -                    0      0      0      0      0      0      0      0      0      0      0      0      0      0      0      0      0      0      0      0      0      0      0      0      0      0      0      0      0      0      0      0      0      0      0      0      0      0      0      0     
0x7011c6900              IMAD.SHL.U32 R6, R8, 0x2, RZ                      0      0      0      16     512    512    32     32     0      -      -      -      0      0      0      0      0      -                    0      0      0      0      0      0      0      0      0      0      0      0      0      0      0      0      0      0      0      0      0      0      0      0      0      0      0      0      0      0      0      0      0      0      0      0      0      0      0      0     
0x7011c6910        @P2   LDG.E.EL.64 R22, desc[UR14][R2.64+0x100]          0      0      0      16     512    256    32     16     0      Global Load   64     16     0      0      64     64     HIT_LAST,MISS_NORMAL 0      16     0      0      0      16     0      0      0      0      0      0      0      0      0      0      0      0      0      0      0      0      0      0      0      0      0      0      0      0      0      0      0      0      0      0      0      0      0      0     
0x7011c6920              IMAD.HI R7, R8, 0x2, RZ                           0      0      0      16     512    512    32     32     0      -      -      -      0      0      0      0      0      -                    0      0      0      0      0      0      0      0      0      0      0      0      0      0      0      0      0      0      0      0      0      0      0      0      0      0      0      0      0      0      0      0      0      0      0      0      0      0      0      0     
0x7011c6930              IMAD.HI R5, R5, 0x2, RZ                           0      0      0      16     512    512    32     32     0      -      -      -      0      0      0      0      0      -                    0      0      0      0      0      0      0      0      0      0      0      0      0      0      0      0      0      0      0      0      0      0      0      0      0      0      0      0      0      0      0      0      0      0      0      0      0      0      0      0     
0x7011c6940              IADD.64 R6, R6, UR10                              0      0      0      16     512    512    32     32     0      -      -      -      0      0      0      0      0      -                    0      0      0      0      0      0      0      0      0      0      0      0      0      0      0      0      0      0      0      0      0      0      0      0      0      0      0      0      0      0      0      0      0      0      0      0      0      0      0      0     
0x7011c6950              IADD.64 R4, R4, UR10                              0      0      0      16     512    512    32     32     0      -      -      -      0      0      0      0      0      -                    0      0      0      0      0      0      0      0      0      0      0      0      0      0      0      0      0      0      0      0      0      0      0      0      0      0      0      0      0      0      0      0      0      0      0      0      0      0      0      0     
0x7011c6960        @P1   LDG.E.EL R27, desc[UR6][R6.64]                    0      0      0      16     512    256    32     16     0      Global Load   32     8      0      0      32     32     HIT_LAST,MISS_NORMAL 0      16     0      0      0      16     0      0      0      0      0      0      0      0      0      0      0      0      0      0      0      0      0      0      0      0      0      0      0      0      0      0      0      0      0      0      0      0      0      0     
0x7011c6970        @P2   LDG.E.EL R26, desc[UR14][R4.64]                   0      0      0      16     512    256    32     16     0      Global Load   32     8      0      0      32     32     HIT_LAST,MISS_NORMAL 0      16     0      0      0      16     0      0      0      0      0      0      0      0      0      0      0      0      0      0      0      0      0      0      0      0      0      0      0      0      0      0      0      0      0      0      0      0      0      0     
0x7011c6980              ISETP.GT.AND P2, PT, R25, 0x3f, PT                0      0      0      16     512    512    32     32     0      -      -      -      0      0      0      0      0      -                    0      0      0      0      0      0      0      0      0      0      0      0      0      0      0      0      0      0      0      0      0      0      0      0      0      0      0      0      0      0      0      0      0      0      0      0      0      0      0      0     
0x7011c6990              SEL.64 R10, R16, RZ, P2                           0      0      0      16     512    512    32     32     0      -      -      -      0      0      0      0      0      -                    0      0      0      0      0      0      0      0      0      0      0      0      0      0      0      0      0      0      0      0      0      0      0      0      0      0      0      0      0      0      0      0      0      0      0      0      0      0      0      0     
0x7011c69a0              ISETP.GE.AND P2, PT, R11, RZ, PT                  0      0      0      16     512    512    32     32     0      -      -      -      0      0      0      0      0      -                    0      0      0      0      0      0      0      0      0      0      0      0      0      0      0      0      0      0      0      0      0      0      0      0      0      0      0      0      0      0      0      0      0      0      0      0      0      0      0      0     
0x7011c69b0        @!P2  IADD.64 R10, R10, 0xa000                          0      0      0      16     512    0      32     0      0      -      -      -      0      0      0      0      0      -                    0      0      0      0      0      0      0      0      0      0      0      0      0      0      0      0      0      0      0      0      0      0      0      0      0      0      0      0      0      0      0      0      0      0      0      0      0      0      0      0     
0x7011c69c0              ISETP.GT.U64.AND P0, PT, R10, 0x9fff, !P0         0      0      0      16     512    512    32     32     0      -      -      -      0      0      0      0      0      -                    0      0      0      0      0      0      0      0      0      0      0      0      0      0      0      0      0      0      0      0      0      0      0      0      0      0      0      0      0      0      0      0      0      0      0      0      0      0      0      0     
0x7011c69d0              ISETP.GT.AND P0, PT, R25, 0x3f, P0                0      0      0      16     512    512    32     32     0      -      -      -      0      0      0      0      0      -                    0      0      0      0      0      0      0      0      0      0      0      0      0      0      0      0      0      0      0      0      0      0      0      0      0      0      0      0      0      0      0      0      0      0      0      0      0      0      0      0     
0x7011c69e0              ISETP.GT.AND P2, PT, R9, 0x3f, PT                 0      0      0      16     512    512    32     32     0      -      -      -      0      0      0      0      0      -                    0      0      0      0      0      0      0      0      0      0      0      0      0      0      0      0      0      0      0      0      0      0      0      0      0      0      0      0      0      0      0      0      0      0      0      0      0      0      0      0     
0x7011c69f0        @!P0  BRA 0x7011c6b00                                   0      0      0      16     512    512    32     32     0      -      -      -      0      0      0      0      0      -                    0      0      0      0      0      0      0      0      0      0      0      0      0      0      0      0      0      0      0      0      0      0      0      0      0      0      0      0      0      0      0      0      0      0      0      0      0      0      0      0     
0x7011c6a00              LDCU.64 UR4, c[0x4][0x18]                         0      0      0      0      0      0      0      0      0      -      -      -      0      0      0      0      0      -                    0      0      0      0      0      0      0      0      0      0      0      0      0      0      0      0      0      0      0      0      0      0      0      0      0      0      0      0      0      0      0      0      0      0      0      0      0      0      0      0     
0x7011c6a10              MOV R2, 0x0                                       0      0      0      0      0      0      0      0      0      -      -      -      0      0      0      0      0      -                    0      0      0      0      0      0      0      0      0      0      0      0      0      0      0      0      0      0      0      0      0      0      0      0      0      0      0      0      0      0      0      0      0      0      0      0      0      0      0      0     
0x7011c6a20              HFMA2 R8, -RZ, RZ, 0, 3.635883331298828125e-06    0      0      0      0      0      0      0      0      0      -      -      -      0      0      0      0      0      -                    0      0      0      0      0      0      0      0      0      0      0      0      0      0      0      0      0      0      0      0      0      0      0      0      0      0      0      0      0      0      0      0      0      0      0      0      0      0      0      0     
0x7011c6a30              MOV R12, 0x1                                      0      0      0      0      0      0      0      0      0      -      -      -      0      0      0      0      0      -                    0      0      0      0      0      0      0      0      0      0      0      0      0      0      0      0      0      0      0      0      0      0      0      0      0      0      0      0      0      0      0      0      0      0      0      0      0      0      0      0     
0x7011c6a40              LDCU.64 UR14, c[0x4][0x10]                        0      0      0      0      0      0      0      0      0      -      -      -      0      0      0      0      0      -                    0      0      0      0      0      0      0      0      0      0      0      0      0      0      0      0      0      0      0      0      0      0      0      0      0      0      0      0      0      0      0      0      0      0      0      0      0      0      0      0     
0x7011c6a50              HFMA2 R13, -RZ, RZ, 0, 0                          0      0      0      0      0      0      0      0      0      -      -      -      0      0      0      0      0      -                    0      0      0      0      0      0      0      0      0      0      0      0      0      0      0      0      0      0      0      0      0      0      0      0      0      0      0      0      0      0      0      0      0      0      0      0      0      0      0      0     
0x7011c6a60              LDC.64 R2, c[0x4][R2]                             0      0      0      0      0      0      0      0      0      -      -      -      0      0      0      0      0      -                    0      0      0      0      0      0      0      0      0      0      0      0      0      0      0      0      0      0      0      0      0      0      0      0      0      0      0      0      0      0      0      0      0      0      0      0      0      0      0      0     
0x7011c6a70              LDCU.64 UR16, c[0x4][0x8]                         0      0      0      0      0      0      0      0      0      -      -      -      0      0      0      0      0      -                    0      0      0      0      0      0      0      0      0      0      0      0      0      0      0      0      0      0      0      0      0      0      0      0      0      0      0      0      0      0      0      0      0      0      0      0      0      0      0      0     
0x7011c6a80              MOV R4, UR4                                       0      0      0      0      0      0      0      0      0      -      -      -      0      0      0      0      0      -                    0      0      0      0      0      0      0      0      0      0      0      0      0      0      0      0      0      0      0      0      0      0      0      0      0      0      0      0      0      0      0      0      0      0      0      0      0      0      0      0     
0x7011c6a90              MOV R5, UR5                                       0      0      0      0      0      0      0      0      0      -      -      -      0      0      0      0      0      -                    0      0      0      0      0      0      0      0      0      0      0      0      0      0      0      0      0      0      0      0      0      0      0      0      0      0      0      0      0      0      0      0      0      0      0      0      0      0      0      0     
0x7011c6aa0              MOV R6, UR14                                      0      0      0      0      0      0      0      0      0      -      -      -      0      0      0      0      0      -                    0      0      0      0      0      0      0      0      0      0      0      0      0      0      0      0      0      0      0      0      0      0      0      0      0      0      0      0      0      0      0      0      0      0      0      0      0      0      0      0     
0x7011c6ab0              MOV R7, UR15                                      0      0      0      0      0      0      0      0      0      -      -      -      0      0      0      0      0      -                    0      0      0      0      0      0      0      0      0      0      0      0      0      0      0      0      0      0      0      0      0      0      0      0      0      0      0      0      0      0      0      0      0      0      0      0      0      0      0      0     
0x7011c6ac0              MOV R10, UR16                                     0      0      0      0      0      0      0      0      0      -      -      -      0      0      0      0      0      -                    0      0      0      0      0      0      0      0      0      0      0      0      0      0      0      0      0      0      0      0      0      0      0      0      0      0      0      0      0      0      0      0      0      0      0      0      0      0      0      0     
0x7011c6ad0              MOV R11, UR17                                     0      0      0      0      0      0      0      0      0      -      -      -      0      0      0      0      0      -                    0      0      0      0      0      0      0      0      0      0      0      0      0      0      0      0      0      0      0      0      0      0      0      0      0      0      0      0      0      0      0      0      0      0      0      0      0      0      0      0     
0x7011c6ae0              LEPC R20, 0x7011c6b00                             0      0      0      0      0      0      0      0      0      -      -      -      0      0      0      0      0      -                    0      0      0      0      0      0      0      0      0      0      0      0      0      0      0      0      0      0      0      0      0      0      0      0      0      0      0      0      0      0      0      0      0      0      0      0      0      0      0      0     
0x7011c6af0              CALL.ABS.NOINC R2                                 0      0      0      0      0      0      0      0      0      -      -      -      0      0      0      0      0      -                    0      0      0      0      0      0      0      0      0      0      0      0      0      0      0      0      0      0      0      0      0      0      0      0      0      0      0      0      0      0      0      0      0      0      0      0      0      0      0      0     
0x7011c6b00              SEL.64 R16, R16, RZ, P2                           0      0      0      16     512    512    32     32     0      -      -      -      0      0      0      0      0      -                    0      0      0      0      0      0      0      0      0      0      0      0      0      0      0      0      0      0      0      0      0      0      0      0      0      0      0      0      0      0      0      0      0      0      0      0      0      0      0      0     
0x7011c6b10              WARPSYNC.ALL                                      0      0      0      16     512    512    32     32     0      -      -      -      0      0      0      0      0      -                    0      0      0      0      0      0      0      0      0      0      0      0      0      0      0      0      0      0      0      0      0      0      0      0      0      0      0      0      0      0      0      0      0      0      0      0      0      0      0      0     
0x7011c6b20              NOP                                               0      0      0      16     512    512    32     32     0      -      -      -      0      0      0      0      0      -                    0      0      0      0      0      0      0      0      0      0      0      0      0      0      0      0      0      0      0      0      0      0      0      0      0      0      0      0      0      0      0      0      0      0      0      0      0      0      0      0     
0x7011c6b30              BAR.SYNC.DEFER_BLOCKING 0x0                       0      0      0      16     512    512    32     32     0      -      -      -      0      0      0      0      0      -                    0      0      0      0      0      0      0      0      0      0      0      0      0      0      0      0      0      0      0      0      0      0      0      0      0      0      0      0      0      0      0      0      0      0      0      0      0      0      0      0     
0x7011c6b40              ISETP.GE.AND P0, PT, R17, RZ, PT                  0      0      0      16     512    512    32     32     0      -      -      -      0      0      0      0      0      -                    0      0      0      0      0      0      0      0      0      0      0      0      0      0      0      0      0      0      0      0      0      0      0      0      0      0      0      0      0      0      0      0      0      0      0      0      0      0      0      0     
0x7011c6b50              SHF.L.U64.HI R3, R16, 0x7, R17                    0      0      0      16     512    512    32     32     0      -      -      -      0      0      0      0      0      -                    0      0      0      0      0      0      0      0      0      0      0      0      0      0      0      0      0      0      0      0      0      0      0      0      0      0      0      0      0      0      0      0      0      0      0      0      0      0      0      0     
0x7011c6b60              IMAD.SHL.U32 R2, R16, 0x80, RZ                    0      0      0      16     512    512    32     32     0      -      -      -      0      0      0      0      0      -                    0      0      0      0      0      0      0      0      0      0      0      0      0      0      0      0      0      0      0      0      0      0      0      0      0      0      0      0      0      0      0      0      0      0      0      0      0      0      0      0     
0x7011c6b70              IADD3 R0, R0, R29, RZ                             0      0      0      16     512    512    32     32     0      -      -      -      0      0      0      0      0      -                    0      0      0      0      0      0      0      0      0      0      0      0      0      0      0      0      0      0      0      0      0      0      0      0      0      0      0      0      0      0      0      0      0      0      0      0      0      0      0      0     
0x7011c6b80              UMOV UR4, 0xf0                                    0      0      0      16     512    512    32     32     0      -      -      -      0      0      0      0      0      -                    0      0      0      0      0      0      0      0      0      0      0      0      0      0      0      0      0      0      0      0      0      0      0      0      0      0      0      0      0      0      0      0      0      0      0      0      0      0      0      0     
0x7011c6b90              USHF.R.U32 UR4, UR4, 0x4, URZ                     0      0      0      16     512    512    32     32     0      -      -      -      0      0      0      0      0      -                    0      0      0      0      0      0      0      0      0      0      0      0      0      0      0      0      0      0      0      0      0      0      0      0      0      0      0      0      0      0      0      0      0      0      0      0      0      0      0      0     
0x7011c6ba0              UMOV UR5, 0x140                                   0      0      0      16     512    512    32     32     0      -      -      -      0      0      0      0      0      -                    0      0      0      0      0      0      0      0      0      0      0      0      0      0      0      0      0      0      0      0      0      0      0      0      0      0      0      0      0      0      0      0      0      0      0      0      0      0      0      0     
0x7011c6bb0              ULOP3.LUT UR5, UR5, 0xf, UR4, 0xf8, !UPT          0      0      0      16     512    512    32     32     0      -      -      -      0      0      0      0      0      -                    0      0      0      0      0      0      0      0      0      0      0      0      0      0      0      0      0      0      0      0      0      0      0      0      0      0      0      0      0      0      0      0      0      0      0      0      0      0      0      0     
0x7011c6bc0              USHF.L.U32 UR5, UR5, 0x14, URZ                    0      0      0      16     512    512    32     32     0      -      -      -      0      0      0      0      0      -                    0      0      0      0      0      0      0      0      0      0      0      0      0      0      0      0      0      0      0      0      0      0      0      0      0      0      0      0      0      0      0      0      0      0      0      0      0      0      0      0     
0x7011c6bd0              UMOV UR4, URZ                                     0      0      0      16     512    512    32     32     0      -      -      -      0      0      0      0      0      -                    0      0      0      0      0      0      0      0      0      0      0      0      0      0      0      0      0      0      0      0      0      0      0      0      0      0      0      0      0      0      0      0      0      0      0      0      0      0      0      0     
0x7011c6be0              IMAD.SHL.U32 R4, R0, 0x2, RZ                      0      0      0      16     512    512    32     32     0      -      -      -      0      0      0      0      0      -                    0      0      0      0      0      0      0      0      0      0      0      0      0      0      0      0      0      0      0      0      0      0      0      0      0      0      0      0      0      0      0      0      0      0      0      0      0      0      0      0     
0x7011c6bf0              IMAD.HI R5, R0, 0x2, RZ                           0      0      0      16     512    512    32     32     0      -      -      -      0      0      0      0      0      -                    0      0      0      0      0      0      0      0      0      0      0      0      0      0      0      0      0      0      0      0      0      0      0      0      0      0      0      0      0      0      0      0      0      0      0      0      0      0      0      0     
0x7011c6c00              HFMA2 R0, -RZ, RZ, 0, 0                           0      0      0      16     512    512    32     32     0      -      -      -      0      0      0      0      0      -                    0      0      0      0      0      0      0      0      0      0      0      0      0      0      0      0      0      0      0      0      0      0      0      0      0      0      0      0      0      0      0      0      0      0      0      0      0      0      0      0     
0x7011c6c10        @!P0  IADD.64 R2, R2, 0x500000                          0      0      0      16     512    0      32     0      0      -      -      -      0      0      0      0      0      -                    0      0      0      0      0      0      0      0      0      0      0      0      0      0      0      0      0      0      0      0      0      0      0      0      0      0      0      0      0      0      0      0      0      0      0      0      0      0      0      0     
0x7011c6c20              IADD.64 R10, R4, UR10                             0      0      0      16     512    512    32     32     0      -      -      -      0      0      0      0      0      -                    0      0      0      0      0      0      0      0      0      0      0      0      0      0      0      0      0      0      0      0      0      0      0      0      0      0      0      0      0      0      0      0      0      0      0      0      0      0      0      0     
0x7011c6c30              LEA R6, P0, R2, UR12, 0x2                         0      0      0      16     512    512    32     32     0      -      -      -      0      0      0      0      0      -                    0      0      0      0      0      0      0      0      0      0      0      0      0      0      0      0      0      0      0      0      0      0      0      0      0      0      0      0      0      0      0      0      0      0      0      0      0      0      0      0     
0x7011c6c40              SHF.R.S32.HI R4, RZ, 0x1f, R9                     0      0      0      16     512    512    32     32     0      -      -      -      0      0      0      0      0      -                    0      0      0      0      0      0      0      0      0      0      0      0      0      0      0      0      0      0      0      0      0      0      0      0      0      0      0      0      0      0      0      0      0      0      0      0      0      0      0      0     
0x7011c6c50              LEA.HI.X R3, R2, UR13, R3, 0x2, P0                0      0      0      16     512    512    32     32     0      -      -      -      0      0      0      0      0      -                    0      0      0      0      0      0      0      0      0      0      0      0      0      0      0      0      0      0      0      0      0      0      0      0      0      0      0      0      0      0      0      0      0      0      0      0      0      0      0      0     
0x7011c6c60        @P1   LDG.E.EL R0, desc[UR4][R10.64]                    0      0      0      16     512    256    32     16     0      Global Load   32     8      0      0      32     32     HIT_LAST,MISS_NORMAL 0      16     0      0      0      16     0      0      0      0      0      0      0      0      0      0      0      0      0      0      0      0      0      0      0      0      0      0      0      0      0      0      0      0      0      0      0      0      0      0     
0x7011c6c70              LEA R6, P0, R9, R6, 0x2                           0      0      0      16     512    512    32     32     0      -      -      -      0      0      0      0      0      -                    0      0      0      0      0      0      0      0      0      0      0      0      0      0      0      0      0      0      0      0      0      0      0      0      0      0      0      0      0      0      0      0      0      0      0      0      0      0      0      0     
0x7011c6c80              LEA.HI.X R7, R9, R3, R4, 0x2, P0                  0      0      0      16     512    512    32     32     0      -      -      -      0      0      0      0      0      -                    0      0      0      0      0      0      0      0      0      0      0      0      0      0      0      0      0      0      0      0      0      0      0      0      0      0      0      0      0      0      0      0      0      0      0      0      0      0      0      0     
0x7011c6c90              CS2R R2, SRZ                                      0      0      0      16     512    512    32     32     0      -      -      -      0      0      0      0      0      -                    0      0      0      0      0      0      0      0      0      0      0      0      0      0      0      0      0      0      0      0      0      0      0      0      0      0      0      0      0      0      0      0      0      0      0      0      0      0      0      0     
0x7011c6ca0              CS2R R4, SRZ                                      0      0      0      16     512    512    32     32     0      -      -      -      0      0      0      0      0      -                    0      0      0      0      0      0      0      0      0      0      0      0      0      0      0      0      0      0      0      0      0      0      0      0      0      0      0      0      0      0      0      0      0      0      0      0      0      0      0      0     
0x7011c6cb0        @P1   LDG.E.EL.64 R2, desc[UR4][R6.64]                  0      0      0      16     512    256    32     16     0      Global Load   64     16     0      0      64     64     HIT_LAST,MISS_NORMAL 0      16     0      0      0      16     0      0      0      0      0      0      0      0      0      0      0      0      0      0      0      0      0      0      0      0      0      0      0      0      0      0      0      0      0      0      0      0      0      0     
0x7011c6cc0              PRMT R8, R26, 0x7632, R8                          3      3      3      16     512    512    32     32     0      -      -      -      0      0      0      0      0      -                    0      0      0      0      0      0      0      0      0      0      0      3      0      0      0      0      0      0      0      0      0      0      0      0      0      0      0      0      3      0      0      0      0      0      0      0      0      0      0      0     
0x7011c6cd0              LDCU.64 UR4, c[0x0][0x398]                        0      0      0      16     512    512    32     32     0      -      -      -      0      0      0      0      0      -                    0      0      0      0      0      0      0      0      0      0      0      0      0      0      0      0      0      0      0      0      0      0      0      0      0      0      0      0      0      0      0      0      0      0      0      0      0      0      0      0     
0x7011c6ce0        @P1   LDG.E.EL.64 R4, desc[UR6][R6.64+-0x100]           0      0      0      16     512    256    32     16     0      Global Load   64     16     0      0      64     64     HIT_LAST,MISS_NORMAL 0      16     0      0      0      16     0      0      0      0      0      0      0      0      0      0      0      0      0      0      0      0      0      0      0      0      0      0      0      0      0      0      0      0      0      0      0      0      0      0     
0x7011c6cf0              IMAD.U32 R10, R8, 0x10000, RZ                     0      0      0      16     512    512    32     32     0      -      -      -      0      0      0      0      0      -                    0      0      0      0      0      0      0      0      0      0      0      0      0      0      0      0      0      0      0      0      0      0      0      0      0      0      0      0      0      0      0      0      0      0      0      0      0      0      0      0     
0x7011c6d00              FMUL R23, R10, R23                                0      0      0      16     512    512    32     32     0      -      -      -      0      0      0      0      0      -                    0      0      0      0      0      0      0      0      0      0      0      0      0      0      0      0      0      0      0      0      0      0      0      0      0      0      0      0      0      0      0      0      0      0      0      0      0      0      0      0     
0x7011c6d10              IMAD.U32 R9, R26, 0x10000, RZ                     0      0      0      16     512    512    32     32     0      -      -      -      0      0      0      0      0      -                    0      0      0      0      0      0      0      0      0      0      0      0      0      0      0      0      0      0      0      0      0      0      0      0      0      0      0      0      0      0      0      0      0      0      0      0      0      0      0      0     
0x7011c6d20              PRMT R8, R24, 0x7632, R8                          0      0      0      16     512    512    32     32     0      -      -      -      0      0      0      0      0      -                    0      0      0      0      0      0      0      0      0      0      0      0      0      0      0      0      0      0      0      0      0      0      0      0      0      0      0      0      0      0      0      0      0      0      0      0      0      0      0      0     
0x7011c6d30              FMUL R22, R9, R22                                 0      0      0      16     512    512    32     32     0      -      -      -      0      0      0      0      0      -                    0      0      0      0      0      0      0      0      0      0      0      0      0      0      0      0      0      0      0      0      0      0      0      0      0      0      0      0      0      0      0      0      0      0      0      0      0      0      0      0     
0x7011c6d40              IMAD.U32 R9, R24, 0x10000, RZ                     0      0      0      16     512    512    32     32     0      -      -      -      0      0      0      0      0      -                    0      0      0      0      0      0      0      0      0      0      0      0      0      0      0      0      0      0      0      0      0      0      0      0      0      0      0      0      0      0      0      0      0      0      0      0      0      0      0      0     
0x7011c6d50              IMAD.U32 R8, R8, 0x10000, RZ                      0      0      0      16     512    512    32     32     0      -      -      -      0      0      0      0      0      -                    0      0      0      0      0      0      0      0      0      0      0      0      0      0      0      0      0      0      0      0      0      0      0      0      0      0      0      0      0      0      0      0      0      0      0      0      0      0      0      0     
0x7011c6d60              FFMA R9, R9, R18, -R22                            0      0      0      16     512    512    32     32     0      -      -      -      0      0      0      0      0      -                    0      0      0      0      0      0      0      0      0      0      0      0      0      0      0      0      0      0      0      0      0      0      0      0      0      0      0      0      0      0      0      0      0      0      0      0      0      0      0      0     
0x7011c6d70              FFMA R8, R8, R19, -R23                            0      0      0      16     512    512    32     32     0      -      -      -      0      0      0      0      0      -                    0      0      0      0      0      0      0      0      0      0      0      0      0      0      0      0      0      0      0      0      0      0      0      0      0      0      0      0      0      0      0      0      0      0      0      0      0      0      0      0     
0x7011c6d80              IADD.64 R14, R14, UR4                             0      0      0      16     512    512    32     32     0      -      -      -      0      0      0      0      0      -                    0      0      0      0      0      0      0      0      0      0      0      0      0      0      0      0      0      0      0      0      0      0      0      0      0      0      0      0      0      0      0      0      0      0      0      0      0      0      0      0     
0x7011c6d90              PRMT R10, R0, 0x7632, R10                         0      0      0      16     512    512    32     32     0      -      -      -      0      0      0      0      0      -                    0      0      0      0      0      0      0      0      0      0      0      0      0      0      0      0      0      0      0      0      0      0      0      0      0      0      0      0      0      0      0      0      0      0      0      0      0      0      0      0     
0x7011c6da0              IMAD.U32 R7, R0, 0x10000, RZ                      0      0      0      16     512    512    32     32     0      -      -      -      0      0      0      0      0      -                    0      0      0      0      0      0      0      0      0      0      0      0      0      0      0      0      0      0      0      0      0      0      0      0      0      0      0      0      0      0      0      0      0      0      0      0      0      0      0      0     
0x7011c6db0              PRMT R0, R27, 0x7632, R0                          0      0      0      16     512    512    32     32     0      -      -      -      0      0      0      0      0      -                    0      0      0      0      0      0      0      0      0      0      0      0      0      0      0      0      0      0      0      0      0      0      0      0      0      0      0      0      0      0      0      0      0      0      0      0      0      0      0      0     
0x7011c6dc0              IMAD.U32 R10, R10, 0x10000, RZ                    0      0      0      16     512    512    32     32     0      -      -      -      0      0      0      0      0      -                    0      0      0      0      0      0      0      0      0      0      0      0      0      0      0      0      0      0      0      0      0      0      0      0      0      0      0      0      0      0      0      0      0      0      0      0      0      0      0      0     
0x7011c6dd0              IMAD.U32 R27, R27, 0x10000, RZ                    0      0      0      16     512    512    32     32     0      -      -      -      0      0      0      0      0      -                    0      0      0      0      0      0      0      0      0      0      0      0      0      0      0      0      0      0      0      0      0      0      0      0      0      0      0      0      0      0      0      0      0      0      0      0      0      0      0      0     
0x7011c6de0              IMAD.U32 R0, R0, 0x10000, RZ                      0      0      0      16     512    512    32     32     0      -      -      -      0      0      0      0      0      -                    0      0      0      0      0      0      0      0      0      0      0      0      0      0      0      0      0      0      0      0      0      0      0      0      0      0      0      0      0      0      0      0      0      0      0      0      0      0      0      0     
0x7011c6df0              FMUL R2, R7, R2                                   2      2      2      16     512    512    32     32     0      -      -      -      0      0      0      0      0      -                    0      0      0      0      0      0      0      0      0      0      0      2      0      0      0      0      0      0      0      0      0      0      0      0      0      0      0      0      2      0      0      0      0      0      0      0      0      0      0      0     
0x7011c6e00              FMUL R3, R10, R3                                  0      0      0      16     512    512    32     32     0      -      -      -      0      0      0      0      0      -                    0      0      0      0      0      0      0      0      0      0      0      0      0      0      0      0      0      0      0      0      0      0      0      0      0      0      0      0      0      0      0      0      0      0      0      0      0      0      0      0     
0x7011c6e10        @P4   FFMA R9, R27, R4, R2                              0      0      0      16     512    256    32     16     0      -      -      -      0      0      0      0      0      -                    0      0      0      0      0      0      0      0      0      0      0      0      0      0      0      0      0      0      0      0      0      0      0      0      0      0      0      0      0      0      0      0      0      0      0      0      0      0      0      0     
0x7011c6e20        @P4   FFMA R8, R0, R5, R3                               0      0      0      16     512    256    32     16     0      -      -      -      0      0      0      0      0      -                    0      0      0      0      0      0      0      0      0      0      0      0      0      0      0      0      0      0      0      0      0      0      0      0      0      0      0      0      0      0      0      0      0      0      0      0      0      0      0      0     
0x7011c6e30              F2FP.BF16.F32.PACK_AB R9, R8, R9                  0      0      0      16     512    512    32     32     0      -      -      -      0      0      0      0      0      -                    0      0      0      0      0      0      0      0      0      0      0      0      0      0      0      0      0      0      0      0      0      0      0      0      0      0      0      0      0      0      0      0      0      0      0      0      0      0      0      0     
0x7011c6e40        @P3   EXIT                                              0      0      0      16     512    0      32     0      0      -      -      -      0      0      0      0      0      -                    0      0      0      0      0      0      0      0      0      0      0      0      0      0      0      0      0      0      0      0      0      0      0      0      0      0      0      0      0      0      0      0      0      0      0      0      0      0      0      0     
0x7011c6e50              STG.E desc[UR8][R14.64], R9                       0      0      0      16     512    512    32     32     0      Global Store  32     16     0      0      64     64                          0      0      0      0      0      0      0      0      0      0      0      0      0      0      0      0      0      0      0      0      0      0      0      0      0      0      0      0      0      0      0      0      0      0      0      0      0      0      0      0     
0x7011c6e60              EXIT                                              0      0      0      16     512    512    32     32     0      -      -      -      0      0      0      0      0      -                    0      0      0      0      0      0      0      0      0      0      0      0      0      0      0      0      0      0      0      0      0      0      0      0      0      0      0      0      0      0      0      0      0      0      0      0      0      0      0      0     
0x7011c6e70              BRA 0x7011c6e70                                   0      0      0      0      0      0      0      0      0      -      -      -      0      0      0      0      0      -                    0      0      0      0      0      0      0      0      0      0      0      0      0      0      0      0      0      0      0      0      0      0      0      0      0      0      0      0      0      0      0      0      0      0      0      0      0      0      0      0     
0x7011c6e80              NOP                                               0      0      0      0      0      0      0      0      0      -      -      -      0      0      0      0      0      -                    0      0      0      0      0      0      0      0      0      0      0      0      0      0      0      0      0      0      0      0      0      0      0      0      0      0      0      0      0      0      0      0      0      0      0      0      0      0      0      0     
0x7011c6e90              NOP                                               0      0      0      0      0      0      0      0      0      -      -      -      0      0      0      0      0      -                    0      0      0      0      0      0      0      0      0      0      0      0      0      0      0      0      0      0      0      0      0      0      0      0      0      0      0      0      0      0      0      0      0      0      0      0      0      0      0      0     
0x7011c6ea0              NOP                                               0      0      0      0      0      0      0      0      0      -      -      -      0      0      0      0      0      -                    0      0      0      0      0      0      0      0      0      0      0      0      0      0      0      0      0      0      0      0      0      0      0      0      0      0      0      0      0      0      0      0      0      0      0      0      0      0      0      0     
0x7011c6eb0              NOP                                               0      0      0      0      0      0      0      0      0      -      -      -      0      0      0      0      0      -                    0      0      0      0      0      0      0      0      0      0      0      0      0      0      0      0      0      0      0      0      0      0      0      0      0      0      0      0      0      0      0      0      0      0      0      0      0      0      0      0     
0x7011c6ec0              NOP                                               0      0      0      0      0      0      0      0      0      -      -      -      0      0      0      0      0      -                    0      0      0      0      0      0      0      0      0      0      0      0      0      0      0      0      0      0      0      0      0      0      0      0      0      0      0      0      0      0      0      0      0      0      0      0      0      0      0      0     
0x7011c6ed0              NOP                                               0      0      0      0      0      0      0      0      0      -      -      -      0      0      0      0      0      -                    0      0      0      0      0      0      0      0      0      0      0      0      0      0      0      0      0      0      0      0      0      0      0      0      0      0      0      0      0      0      0      0      0      0      0      0      0      0      0      0     
0x7011c6ee0              NOP                                               0      0      0      0      0      0      0      0      0      -      -      -      0      0      0      0      0      -                    0      0      0      0      0      0      0      0      0      0      0      0      0      0      0      0      0      0      0      0      0      0      0      0      0      0      0      0      0      0      0      0      0      0      0      0      0      0      0      0     
0x7011c6ef0              NOP                                               0      0      0      0      0      0      0      0      0      -      -      -      0      0      0      0      0      -                    0      0      0      0      0      0      0      0      0      0      0      0      0      0      0      0      0      0      0      0      0      0      0      0      0      0      0      0      0      0      0      0      0      0      0      0      0      0      0      0     
