run,case,phase,kernel,calls,total_us,share_pct,mean_us,median_us,p95_us,max_us,top_one_pct_of_group,time_rank,count_rank
1,b1_p2048_o32,decode_all,"std::enable_if<!T7, void>::type internal::gemvx::kernel<int, int, __nv_bfloat16, __nv_bfloat16, __nv_bfloat16, float, (bool)0, (bool)1, (bool)1, (bool)0, (int)6, (bool)0, cublasGemvParamsEx<int, cublasGemvTensorStridedBatched<const __nv_bfloat16>, cublasGemvTensorStridedBatched<const __nv_bfloat16>, cublasGemvTensorStridedBatched<__nv_bfloat16>, float>>(T13)",3503,58341.915,70.431317540665,16.65484299172138,11.2,16.449,1193.265,2.0452962505601677,1,1
1,b1_p2048_o32,decode_all,triton_per_fused__to_copy_add_mean_mul_pow_rsqrt_0,3503,3203.017,3.866734703774262,0.914363973736797,0.833,1.024,338.007,10.552769467036859,4,2
1,b1_p2048_o32,decode_all,"void flash::flash_fwd_splitkv_kernel<Flash_fwd_kernel_traits<(int)128, (int)64, (int)128, (int)4, (bool)0, (bool)0, cutlass::bfloat16_t, Flash_kernel_traits<(int)128, (int)64, (int)128, (int)4, cutlass::bfloat16_t>>, (bool)0, (bool)0, (bool)0, (bool)0, (bool)1, (bool)0, (bool)1, (bool)0>(flash::Flash_fwd_params)",868,12553.384,15.154651243688237,14.462423963133642,13.249,13.793,421.212,3.3553661705879465,2,3
1,b1_p2048_o32,decode_all,"void flash::flash_fwd_splitkv_combine_kernel<Flash_fwd_kernel_traits<(int)128, (int)64, (int)128, (int)4, (bool)0, (bool)0, cutlass::bfloat16_t, Flash_kernel_traits<(int)128, (int)64, (int)128, (int)4, cutlass::bfloat16_t>>, (int)4, (int)4, (bool)1>(flash::Flash_fwd_params)",868,4090.275,4.937847126780867,4.712298387096774,3.872,3.904,337.559,8.252721394038298,3,4
1,b1_p2048_o32,decode_all,store_kvcache_kernel,868,627.567,0.757609184666676,0.7230034562211981,0.705,0.768,0.961,0.15313106010991653,6,5
1,b1_p2048_o32,decode_all,triton_poi_fused__to_copy_add_cat_index_mul_split_sub_0,868,616.55,0.7443092814093779,0.710311059907834,0.704,0.832,1.152,0.18684616008434027,7,6
1,b1_p2048_o32,decode_all,triton_poi_fused__to_copy_add_cat_index_mul_split_sub_1,868,611.658,0.7384035787013176,0.7046751152073732,0.704,0.736,0.896,0.14648708919036457,8,7
1,b1_p2048_o32,decode_all,triton_poi_fused_mul_silu_split_0,868,453.509,0.5474835096953785,0.522475806451613,0.512,0.544,0.896,0.19757050025468073,9,8
1,b1_p2048_o32,decode_all,"void at::native::vectorized_elementwise_kernel<(int)4, at::native::FillFunctor<int>, std::array<char *, (unsigned long)1>>(int, T2, T3)",62,33.315,0.040218414905771514,0.5373387096774194,0.5285,0.608,0.672,2.0171094101755966,15,9
1,b1_p2048_o32,decode_all,triton_red_fused__softmax_argmax_clamp_min_div_exponential_5,31,2009.416,2.425799982179072,64.81987096774193,64.772,65.1565,65.285,3.24895392492147,5,10
1,b1_p2048_o32,decode_all,triton_red_fused__softmax_div_ge_mul_neg_scalar_tensor_sub_unsqueeze_where_3,31,73.477,0.08870264061327852,2.3702258064516126,2.368,2.4165,2.528,3.4405324115029194,10,11
1,b1_p2048_o32,decode_all,triton_red_fused__to_copy_amax_ge_mul_neg_scalar_tensor_unsqueeze_where_0,31,49.412,0.05965097755737602,1.5939354838709678,1.568,1.712,1.888,3.8209341860276855,11,12
1,b1_p2048_o32,decode_all,triton_poi_fused__softmax__to_copy_div_ge_mul_neg_scalar_tensor_sub_unsqueeze_where_2,31,45.445,0.05486195003430246,1.4659677419354837,1.472,1.5525,1.568,3.4503245681593135,12,13
1,b1_p2048_o32,decode_all,"void at::native::<unnamed>::indexSelectSmallIndex<c10::BFloat16, long, unsigned int, (int)2, (int)2, (int)-2>(at::cuda::detail::TensorInfo<T1, T3>, at::cuda::detail::TensorInfo<const T1, T3>, at::cuda::detail::TensorInfo<const T2, T3>, int, int, T3, long)",31,40.257,0.04859891126704619,1.2986129032258065,1.281,1.344,1.408,3.4975283801574877,13,14
1,b1_p2048_o32,decode_all,"void at::native::<unnamed>::distribution_elementwise_grid_stride_kernel<unsigned long, (int)2, void at::native::templates::cuda::random_from_to_kernel<at::CUDAGeneratorImpl *>(at::TensorIteratorBase &, unsigned long, long, T1)::[lambda() (instance 1)]::operator ()() const::[lambda() (instance 4)]::operator ()() const::[lambda(curandStatePhilox4_32_10 *) (instance 1)], void at::native::<unnamed>::distribution_nullary_kernel<long, unsigned long, ulonglong2, at::CUDAGeneratorImpl *, void at::native::templates::cuda::random_from_to_kernel<at::CUDAGeneratorImpl *>(at::TensorIteratorBase &, unsigned long, long, T1)::[lambda() (instance 1)]::operator ()() const::[lambda() (instance 4)]::operator ()() const::[lambda(curandStatePhilox4_32_10 *) (instance 1)], void at::native::templates::cuda::random_from_to_kernel<at::CUDAGeneratorImpl *>(at::TensorIteratorBase &, unsigned long, long, T1)::[lambda() (instance 1)]::operator ()() const::[lambda() (instance 4)]::operator ()() const::[lambda(unsigned long) (instance 1)]>(at::TensorIteratorBase &, T4, const T5 &, T6)::[lambda(int, unsigned long) (instance 1)]>(long, at::PhiloxCudaState, T3, T4)",31,34.692,0.041880751910881746,1.1190967741935485,1.12,1.1844999999999999,1.216,3.5051308659056843,14,15
1,b1_p2048_o32,decode_all,triton_per_fused__to_copy_amax_ge_mul_neg_scalar_tensor_unsqueeze_where_1,31,29.507,0.03562133479287409,0.9518387096774193,0.96,1.072,1.152,3.9041583353102647,16,16
1,b1_p2048_o32,decode_all,triton_per_fused__softmax_div_ge_mul_neg_scalar_tensor_sub_unsqueeze_where_4,31,21.793,0.026308867358291417,0.703,0.704,0.736,0.768,3.5240673610792457,17,17
1,b1_p2048_o32,decode_early,"std::enable_if<!T7, void>::type internal::gemvx::kernel<int, int, __nv_bfloat16, __nv_bfloat16, __nv_bfloat16, float, (bool)0, (bool)1, (bool)1, (bool)0, (int)6, (bool)0, cublasGemvParamsEx<int, cublasGemvTensorStridedBatched<const __nv_bfloat16>, cublasGemvTensorStridedBatched<const __nv_bfloat16>, cublasGemvTensorStridedBatched<__nv_bfloat16>, float>>(T13)",1695,28321.785,70.69094874178417,16.709017699115044,11.168,16.481,887.708,3.13436458895511,1,1
1,b1_p2048_o32,decode_early,triton_per_fused__to_copy_add_mean_mul_pow_rsqrt_0,1695,1395.914,3.4841901745225066,0.8235480825958702,0.833,1.0243,1.665,0.11927668896507951,4,2
1,b1_p2048_o32,decode_early,"void flash::flash_fwd_splitkv_kernel<Flash_fwd_kernel_traits<(int)128, (int)64, (int)128, (int)4, (bool)0, (bool)0, cutlass::bfloat16_t, Flash_kernel_traits<(int)128, (int)64, (int)128, (int)4, cutlass::bfloat16_t>>, (bool)0, (bool)0, (bool)0, (bool)0, (bool)1, (bool)0, (bool)1, (bool)0>(flash::Flash_fwd_params)",420,5946.3820000000005,14.842121891719328,14.15805238095238,13.1845,13.665,421.212,7.083500521829912,2,3
1,b1_p2048_o32,decode_early,"void flash::flash_fwd_splitkv_combine_kernel<Flash_fwd_kernel_traits<(int)128, (int)64, (int)128, (int)4, (bool)0, (bool)0, cutlass::bfloat16_t, Flash_kernel_traits<(int)128, (int)64, (int)128, (int)4, cutlass::bfloat16_t>>, (int)4, (int)4, (bool)1>(flash::Flash_fwd_params)",420,2152.347,5.372240889885046,5.124635714285715,3.872,3.904,337.559,15.683298278576828,3,4
1,b1_p2048_o32,decode_early,store_kvcache_kernel,420,303.572,0.7577132829530662,0.7227904761904762,0.705,0.737,0.961,0.3165641099969694,6,5
1,b1_p2048_o32,decode_early,triton_poi_fused__to_copy_add_cat_index_mul_split_sub_0,420,298.477,0.74499620372097,0.7106595238095238,0.704,0.8335999999999985,1.152,0.3859593871554592,7,6
1,b1_p2048_o32,decode_early,triton_poi_fused__to_copy_add_cat_index_mul_split_sub_1,420,295.671,0.737992450173323,0.7039785714285713,0.704,0.705,0.896,0.30303952704188103,8,7
1,b1_p2048_o32,decode_early,triton_poi_fused_mul_silu_split_0,420,219.798,0.5486140492750254,0.5233285714285715,0.512,0.545,0.896,0.40764702135597236,9,8
1,b1_p2048_o32,decode_early,"void at::native::vectorized_elementwise_kernel<(int)4, at::native::FillFunctor<int>, std::array<char *, (unsigned long)1>>(int, T2, T3)",30,16.065,0.04009811145507824,0.5355,0.528,0.608,0.672,4.183006535947713,15,9
1,b1_p2048_o32,decode_early,triton_red_fused__softmax_argmax_clamp_min_div_exponential_5,15,972.194,2.426588444939827,64.81293333333333,64.709,65.1947,65.285,6.715223504773739,5,10
1,b1_p2048_o32,decode_early,triton_red_fused__softmax_div_ge_mul_neg_scalar_tensor_sub_unsqueeze_where_3,15,35.329,0.08818090131319382,2.3552666666666666,2.368,2.4103,2.432,6.883863115287723,10,11
1,b1_p2048_o32,decode_early,triton_red_fused__to_copy_amax_ge_mul_neg_scalar_tensor_unsqueeze_where_0,15,23.842,0.059509441227013696,1.5894666666666666,1.568,1.6736,1.696,7.113497189833068,11,12
1,b1_p2048_o32,decode_early,triton_poi_fused__softmax__to_copy_div_ge_mul_neg_scalar_tensor_sub_unsqueeze_where_2,15,21.826999999999998,0.05448001735013958,1.4551333333333334,1.472,1.4823,1.504,6.8905484033536455,12,13
1,b1_p2048_o32,decode_early,"void at::native::<unnamed>::indexSelectSmallIndex<c10::BFloat16, long, unsigned int, (int)2, (int)2, (int)-2>(at::cuda::detail::TensorInfo<T1, T3>, at::cuda::detail::TensorInfo<const T1, T3>, at::cuda::detail::TensorInfo<const T2, T3>, int, int, T3, long)",15,19.456,0.04856202032181774,1.2970666666666668,1.312,1.344,1.344,6.907894736842105,13,14
1,b1_p2048_o32,decode_early,"void at::native::<unnamed>::distribution_elementwise_grid_stride_kernel<unsigned long, (int)2, void at::native::templates::cuda::random_from_to_kernel<at::CUDAGeneratorImpl *>(at::TensorIteratorBase &, unsigned long, long, T1)::[lambda() (instance 1)]::operator ()() const::[lambda() (instance 4)]::operator ()() const::[lambda(curandStatePhilox4_32_10 *) (instance 1)], void at::native::<unnamed>::distribution_nullary_kernel<long, unsigned long, ulonglong2, at::CUDAGeneratorImpl *, void at::native::templates::cuda::random_from_to_kernel<at::CUDAGeneratorImpl *>(at::TensorIteratorBase &, unsigned long, long, T1)::[lambda() (instance 1)]::operator ()() const::[lambda() (instance 4)]::operator ()() const::[lambda(curandStatePhilox4_32_10 *) (instance 1)], void at::native::templates::cuda::random_from_to_kernel<at::CUDAGeneratorImpl *>(at::TensorIteratorBase &, unsigned long, long, T1)::[lambda() (instance 1)]::operator ()() const::[lambda() (instance 4)]::operator ()() const::[lambda(unsigned long) (instance 1)]>(at::TensorIteratorBase &, T4, const T5 &, T6)::[lambda(int, unsigned long) (instance 1)]>(long, at::PhiloxCudaState, T3, T4)",15,16.866,0.04209740104583563,1.1244,1.12,1.1936,1.216,7.209771137199098,14,15
1,b1_p2048_o32,decode_early,triton_per_fused__to_copy_amax_ge_mul_neg_scalar_tensor_unsqueeze_where_1,15,14.177,0.0353856785620071,0.9451333333333334,0.96,1.0208,1.088,7.674402200747691,16,16
1,b1_p2048_o32,decode_early,triton_per_fused__softmax_div_ge_mul_neg_scalar_tensor_sub_unsqueeze_where_4,15,10.529,0.026280299751666274,0.7019333333333333,0.704,0.7455999999999999,0.768,7.294139994301453,17,17
1,b1_p2048_o32,decode_late,"std::enable_if<!T7, void>::type internal::gemvx::kernel<int, int, __nv_bfloat16, __nv_bfloat16, __nv_bfloat16, float, (bool)0, (bool)1, (bool)1, (bool)0, (int)6, (bool)0, cublasGemvParamsEx<int, cublasGemvTensorStridedBatched<const __nv_bfloat16>, cublasGemvTensorStridedBatched<const __nv_bfloat16>, cublasGemvTensorStridedBatched<__nv_bfloat16>, float>>(T13)",1808,30020.13,70.1881168993222,16.604054203539825,11.2165,16.417,1193.265,3.9748828536052314,1,1
1,b1_p2048_o32,decode_late,triton_per_fused__to_copy_add_mean_mul_pow_rsqrt_0,1808,1807.103,4.225070198334112,0.999503871681416,0.832,1.024,338.007,18.704357194913623,4,2
1,b1_p2048_o32,decode_late,"void flash::flash_fwd_splitkv_kernel<Flash_fwd_kernel_traits<(int)128, (int)64, (int)128, (int)4, (bool)0, (bool)0, cutlass::bfloat16_t, Flash_kernel_traits<(int)128, (int)64, (int)128, (int)4, cutlass::bfloat16_t>>, (bool)0, (bool)0, (bool)0, (bool)0, (bool)1, (bool)0, (bool)1, (bool)0>(flash::Flash_fwd_params)",448,6607.002,15.447402417313167,14.747772321428572,13.345,13.877149999999999,356.504,5.395851249931512,2,3
1,b1_p2048_o32,decode_late,"void flash::flash_fwd_splitkv_combine_kernel<Flash_fwd_kernel_traits<(int)128, (int)64, (int)128, (int)4, (bool)0, (bool)0, cutlass::bfloat16_t, Flash_kernel_traits<(int)128, (int)64, (int)128, (int)4, cutlass::bfloat16_t>>, (int)4, (int)4, (bool)1>(flash::Flash_fwd_params)",448,1937.9279999999999,4.530943637035204,4.3257321428571425,3.872,3.904,212.271,10.953502916517023,3,4
1,b1_p2048_o32,decode_late,store_kvcache_kernel,448,323.995,0.7575116741598352,0.723203125,0.705,0.768,0.896,0.27654747758453063,6,5
1,b1_p2048_o32,decode_late,triton_poi_fused__to_copy_add_cat_index_mul_split_sub_0,448,318.073,0.7436658304450415,0.709984375,0.704,0.832,1.152,0.3621810087621395,7,6
1,b1_p2048_o32,decode_late,triton_poi_fused__to_copy_add_cat_index_mul_split_sub_1,448,315.98699999999997,0.7387886892783648,0.705328125,0.704,0.736,0.896,0.28355596907467717,8,7
1,b1_p2048_o32,decode_late,triton_poi_fused_mul_silu_split_0,448,233.711,0.5464245154387236,0.5216763392857143,0.512,0.544,0.896,0.3833794729388005,9,8
1,b1_p2048_o32,decode_late,"void at::native::vectorized_elementwise_kernel<(int)4, at::native::FillFunctor<int>, std::array<char *, (unsigned long)1>>(int, T2, T3)",32,17.25,0.04033110504562464,0.5390625,0.5285,0.6084499999999999,0.672,3.8956521739130436,15,9
1,b1_p2048_o32,decode_late,triton_red_fused__softmax_argmax_clamp_min_div_exponential_5,16,1037.222,2.42506141667437,64.826375,64.7885,65.10825,65.157,6.281876011114304,5,10
1,b1_p2048_o32,decode_late,triton_red_fused__softmax_div_ge_mul_neg_scalar_tensor_sub_unsqueeze_where_3,16,38.147999999999996,0.08919136204524573,2.3842499999999998,2.384,2.43275,2.528,6.626821851735348,10,11
1,b1_p2048_o32,decode_late,triton_red_fused__to_copy_amax_ge_mul_neg_scalar_tensor_unsqueeze_where_0,16,25.57,0.059783556870528824,1.598125,1.5685,1.768,1.888,7.383652718028939,11,12
1,b1_p2048_o32,decode_late,triton_poi_fused__softmax__to_copy_div_ge_mul_neg_scalar_tensor_sub_unsqueeze_where_2,16,23.618,0.05521971240391668,1.476125,1.472,1.568,1.568,6.639004149377595,12,13
1,b1_p2048_o32,decode_late,"void at::native::<unnamed>::indexSelectSmallIndex<c10::BFloat16, long, unsigned int, (int)2, (int)2, (int)-2>(at::cuda::detail::TensorInfo<T1, T3>, at::cuda::detail::TensorInfo<const T1, T3>, at::cuda::detail::TensorInfo<const T2, T3>, int, int, T3, long)",16,20.801000000000002,0.048633467597335556,1.3000625000000001,1.2805,1.36,1.408,6.768905341089369,13,14
1,b1_p2048_o32,decode_late,"void at::native::<unnamed>::distribution_elementwise_grid_stride_kernel<unsigned long, (int)2, void at::native::templates::cuda::random_from_to_kernel<at::CUDAGeneratorImpl *>(at::TensorIteratorBase &, unsigned long, long, T1)::[lambda() (instance 1)]::operator ()() const::[lambda() (instance 4)]::operator ()() const::[lambda(curandStatePhilox4_32_10 *) (instance 1)], void at::native::<unnamed>::distribution_nullary_kernel<long, unsigned long, ulonglong2, at::CUDAGeneratorImpl *, void at::native::templates::cuda::random_from_to_kernel<at::CUDAGeneratorImpl *>(at::TensorIteratorBase &, unsigned long, long, T1)::[lambda() (instance 1)]::operator ()() const::[lambda() (instance 4)]::operator ()() const::[lambda(curandStatePhilox4_32_10 *) (instance 1)], void at::native::templates::cuda::random_from_to_kernel<at::CUDAGeneratorImpl *>(at::TensorIteratorBase &, unsigned long, long, T1)::[lambda() (instance 1)]::operator ()() const::[lambda() (instance 4)]::operator ()() const::[lambda(unsigned long) (instance 1)]>(at::TensorIteratorBase &, T4, const T5 &, T6)::[lambda(int, unsigned long) (instance 1)]>(long, at::PhiloxCudaState, T3, T4)",16,17.826,0.041677813248887245,1.114125,1.12,1.16025,1.185,6.647593402894648,14,15
1,b1_p2048_o32,decode_late,triton_per_fused__to_copy_amax_ge_mul_neg_scalar_tensor_unsqueeze_where_1,16,15.33,0.03584207770141599,0.958125,0.96,1.08,1.152,7.514677103718199,16,16
1,b1_p2048_o32,decode_late,triton_per_fused__softmax_div_ge_mul_neg_scalar_tensor_sub_unsqueeze_where_4,16,11.264,0.026335627086024112,0.704,0.704,0.736,0.736,6.534090909090909,17,17
1,b1_p2048_o32,full_request,triton_per_fused__to_copy_add_mean_mul_pow_rsqrt_0,3560,3598.727,3.0365465169287322,1.0108783707865168,0.864,1.088,338.007,9.3924045919571,8,1
1,b1_p2048_o32,full_request,"std::enable_if<!T7, void>::type internal::gemvx::kernel<int, int, __nv_bfloat16, __nv_bfloat16, __nv_bfloat16, float, (bool)0, (bool)1, (bool)1, (bool)0, (int)6, (bool)0, cublasGemvParamsEx<int, cublasGemvTensorStridedBatched<const __nv_bfloat16>, cublasGemvTensorStridedBatched<const __nv_bfloat16>, cublasGemvTensorStridedBatched<__nv_bfloat16>, float>>(T13)",3504,58691.378,49.52281721832404,16.749822488584474,11.2,16.449,1193.265,2.033118050150399,1,2
1,b1_p2048_o32,full_request,triton_poi_fused__to_copy_add_cat_index_mul_split_sub_0,896,1964.419,1.6575443683943305,2.192431919642857,0.704,0.90475,794.166,40.42752589951533,10,3
1,b1_p2048_o32,full_request,triton_poi_fused__to_copy_add_cat_index_mul_split_sub_1,896,842.809,0.7111483403398445,0.9406350446428571,0.704,0.768,9.089,1.0784175299504397,11,4
1,b1_p2048_o32,full_request,store_kvcache_kernel,896,785.948,0.6631699659038053,0.8771741071428572,0.705,0.80025,7.201,0.9162183757704071,12,5
1,b1_p2048_o32,full_request,triton_poi_fused_mul_silu_split_0,896,710.682,0.5996617558775492,0.793171875,0.512,0.64,33.442,4.705620798050323,13,6
1,b1_p2048_o32,full_request,"void flash::flash_fwd_splitkv_kernel<Flash_fwd_kernel_traits<(int)128, (int)64, (int)128, (int)4, (bool)0, (bool)0, cutlass::bfloat16_t, Flash_kernel_traits<(int)128, (int)64, (int)128, (int)4, cutlass::bfloat16_t>>, (bool)0, (bool)0, (bool)0, (bool)0, (bool)1, (bool)0, (bool)1, (bool)0>(flash::Flash_fwd_params)",868,12553.384,10.592338474374099,14.462423963133642,13.249,13.793,421.212,3.3553661705879465,3,7
1,b1_p2048_o32,full_request,"void flash::flash_fwd_splitkv_combine_kernel<Flash_fwd_kernel_traits<(int)128, (int)64, (int)128, (int)4, (bool)0, (bool)0, cutlass::bfloat16_t, Flash_kernel_traits<(int)128, (int)64, (int)128, (int)4, cutlass::bfloat16_t>>, (int)4, (int)4, (bool)1>(flash::Flash_fwd_params)",868,4090.275,3.4513066160702577,4.712298387096774,3.872,3.904,337.559,8.252721394038298,6,8
1,b1_p2048_o32,full_request,"void at::native::vectorized_elementwise_kernel<(int)4, at::native::FillFunctor<int>, std::array<char *, (unsigned long)1>>(int, T2, T3)",62,33.315,0.02811064779614589,0.5373387096774194,0.5285,0.608,0.672,2.0171094101755966,20,9
1,b1_p2048_o32,full_request,void cutlass::Kernel2<cutlass_80_tensorop_bf16_s16816gemm_relu_bf16_256x128_32x3_tn_align8>(T1::Params),56,15987.419,13.489920596680502,285.489625,249.95299999999997,711.25625,1127.725,7.0538277629428485,2,10
1,b1_p2048_o32,full_request,triton_red_fused__to_copy_add_mean_mul_pow_rsqrt_0,56,409.181,0.34526018237655026,7.3068035714285715,8.945,9.281,15.137,3.699340878486538,14,11
1,b1_p2048_o32,full_request,triton_red_fused__softmax_argmax_clamp_min_div_exponential_5,32,2074.604,1.7505166549744995,64.831375,64.77250000000001,65.17095,65.285,3.1468656186915673,9,12
1,b1_p2048_o32,full_request,triton_red_fused__softmax_div_ge_mul_neg_scalar_tensor_sub_unsqueeze_where_3,32,75.845,0.0639967606813353,2.37015625,2.368,2.4149499999999997,2.528,3.333113586920694,15,13
1,b1_p2048_o32,full_request,triton_red_fused__to_copy_amax_ge_mul_neg_scalar_tensor_unsqueeze_where_0,32,50.981,0.043016927368912314,1.59315625,1.5685,1.7104,1.888,3.703340460171436,16,14
1,b1_p2048_o32,full_request,triton_poi_fused__softmax__to_copy_div_ge_mul_neg_scalar_tensor_sub_unsqueeze_where_2,32,46.693,0.03939878365737476,1.45915625,1.472,1.55095,1.568,3.3581050692823338,17,15
1,b1_p2048_o32,full_request,"void at::native::<unnamed>::distribution_elementwise_grid_stride_kernel<unsigned long, (int)2, void at::native::templates::cuda::random_from_to_kernel<at::CUDAGeneratorImpl *>(at::TensorIteratorBase &, unsigned long, long, T1)::[lambda() (instance 1)]::operator ()() const::[lambda() (instance 4)]::operator ()() const::[lambda(curandStatePhilox4_32_10 *) (instance 1)], void at::native::<unnamed>::distribution_nullary_kernel<long, unsigned long, ulonglong2, at::CUDAGeneratorImpl *, void at::native::templates::cuda::random_from_to_kernel<at::CUDAGeneratorImpl *>(at::TensorIteratorBase &, unsigned long, long, T1)::[lambda() (instance 1)]::operator ()() const::[lambda() (instance 4)]::operator ()() const::[lambda(curandStatePhilox4_32_10 *) (instance 1)], void at::native::templates::cuda::random_from_to_kernel<at::CUDAGeneratorImpl *>(at::TensorIteratorBase &, unsigned long, long, T1)::[lambda() (instance 1)]::operator ()() const::[lambda() (instance 4)]::operator ()() const::[lambda(unsigned long) (instance 1)]>(at::TensorIteratorBase &, T4, const T5 &, T6)::[lambda(int, unsigned long) (instance 1)]>(long, at::PhiloxCudaState, T3, T4)",32,35.78,0.030190574160171093,1.118125,1.12,1.18445,1.216,3.3985466741196197,19,16
1,b1_p2048_o32,full_request,triton_per_fused__to_copy_amax_ge_mul_neg_scalar_tensor_unsqueeze_where_1,32,30.403,0.025653550200997254,0.95009375,0.96,1.0704,1.152,3.7890997598921157,21,17
1,b1_p2048_o32,full_request,triton_per_fused__softmax_div_ge_mul_neg_scalar_tensor_sub_unsqueeze_where_4,32,22.529,0.019009598805324053,0.70403125,0.704,0.736,0.768,3.408939588974211,22,18
1,b1_p2048_o32,full_request,"void at::native::<unnamed>::indexSelectSmallIndex<c10::BFloat16, long, unsigned int, (int)2, (int)2, (int)-2>(at::cuda::detail::TensorInfo<T1, T3>, at::cuda::detail::TensorInfo<const T1, T3>, at::cuda::detail::TensorInfo<const T2, T3>, int, int, T3, long)",31,40.257,0.03396819295600916,1.2986129032258065,1.281,1.344,1.408,3.4975283801574877,18,19
1,b1_p2048_o32,full_request,"void flash::flash_fwd_kernel<Flash_fwd_kernel_traits<(int)128, (int)128, (int)64, (int)4, (bool)0, (bool)0, cutlass::bfloat16_t, Flash_kernel_traits<(int)128, (int)128, (int)64, (int)4, cutlass::bfloat16_t>>, (bool)0, (bool)1, (bool)0, (bool)0, (bool)0, (bool)1, (bool)0, (bool)0>(flash::Flash_fwd_params)",28,8248.175,6.95967409233005,294.5776785714286,245.5525,602.76545,679.502,8.238210270756865,4,20
1,b1_p2048_o32,full_request,void cutlass::Kernel2<cutlass_80_tensorop_bf16_s16816gemm_relu_bf16_64x256_32x4_tn_align8>(T1::Params),28,4118.584,3.475193283591227,147.0922857142857,147.13,147.70919999999998,147.786,3.588272085745975,5,21
1,b1_p2048_o32,full_request,void cutlass::Kernel2<cutlass_80_tensorop_bf16_s16816gemm_relu_bf16_128x128_32x6_tn_align8>(T1::Params),28,4090.262,3.4512956468845655,146.08078571428572,100.775,471.74574999999976,678.222,16.58138280628478,7,22
1,b1_p2048_o32,full_request,"void at::native::vectorized_gather_kernel<(int)16, long>(char *, char *, T2 *, int, long, long, long, long, bool)",1,7.04,0.005940235944315386,7.04,7.04,7.04,7.04,100.0,23,23
1,b1_p2048_o32,full_request,"void at::native::index_elementwise_kernel<(int)128, (int)4, void at::native::gpu_index_kernel<void at::native::index_kernel_impl<at::native::OpaqueType<(int)2>>(at::TensorIteratorBase &, c10::ArrayRef<long>, c10::ArrayRef<long>)::[lambda(char *, const char *, long) (instance 1)]>(at::TensorIteratorBase &, c10::ArrayRef<long>, c10::ArrayRef<long>, const T1 &, bool)::[lambda(int) (instance 1)]>(long, T3)",1,2.689,0.002268933871344328,2.689,2.689,2.689,2.689,99.99999999999999,24,24
1,b1_p2048_o32,full_request,"void at::native::unrolled_elementwise_kernel<at::native::CUDAFunctorOnSelf_add<int>, std::array<char *, (unsigned long)2>, (int)4, TrivialOffsetCalculator<(int)1, unsigned int>, TrivialOffsetCalculator<(int)1, unsigned int>, at::native::memory::LoadWithoutCast, at::native::memory::StoreWithoutCast>(int, T1, T2, T4, T5, T6, T7)",1,1.28,0.0010800428989664339,1.28,1.28,1.28,1.28,100.0,25,25
1,b1_p2048_o32,full_request,"void at::native::unrolled_elementwise_kernel<at::native::direct_copy_kernel_cuda(at::TensorIteratorBase &)::[lambda() (instance 3)]::operator ()() const::[lambda() (instance 4)]::operator ()() const::[lambda(long) (instance 1)], std::array<char *, (unsigned long)2>, (int)4, TrivialOffsetCalculator<(int)1, unsigned int>, TrivialOffsetCalculator<(int)1, unsigned int>, at::native::memory::LoadWithCast<(int)1>, at::native::memory::StoreWithCast<(int)1>>(int, T1, T2, T4, T5, T6, T7)",1,1.152,0.0009720386090697903,1.152,1.152,1.152,1.152,100.0,26,26
1,b1_p2048_o32,prefill,triton_per_fused__to_copy_add_mean_mul_pow_rsqrt_0,57,395.71,1.1090955250457821,6.942280701754386,7.04,8.620799999999994,11.137,2.8144348133734303,7,1
1,b1_p2048_o32,prefill,void cutlass::Kernel2<cutlass_80_tensorop_bf16_s16816gemm_relu_bf16_256x128_32x3_tn_align8>(T1::Params),56,15987.419,44.809519268989696,285.489625,249.95299999999997,711.25625,1127.725,7.0538277629428485,1,2
1,b1_p2048_o32,prefill,triton_red_fused__to_copy_add_mean_mul_pow_rsqrt_0,56,409.181,1.1468520280856138,7.3068035714285715,8.945,9.281,15.137,3.699340878486538,6,3
1,b1_p2048_o32,prefill,"void flash::flash_fwd_kernel<Flash_fwd_kernel_traits<(int)128, (int)128, (int)64, (int)4, (bool)0, (bool)0, cutlass::bfloat16_t, Flash_kernel_traits<(int)128, (int)128, (int)64, (int)4, cutlass::bfloat16_t>>, (bool)0, (bool)1, (bool)0, (bool)0, (bool)0, (bool)1, (bool)0, (bool)0>(flash::Flash_fwd_params)",28,8248.175,23.117975240187242,294.5776785714286,245.5525,602.76545,679.502,8.238210270756865,2,4
1,b1_p2048_o32,prefill,void cutlass::Kernel2<cutlass_80_tensorop_bf16_s16816gemm_relu_bf16_64x256_32x4_tn_align8>(T1::Params),28,4118.584,11.543562416732348,147.0922857142857,147.13,147.70919999999998,147.786,3.588272085745975,3,5
1,b1_p2048_o32,prefill,void cutlass::Kernel2<cutlass_80_tensorop_bf16_s16816gemm_relu_bf16_128x128_32x6_tn_align8>(T1::Params),28,4090.262,11.464181548267193,146.08078571428572,100.775,471.74574999999976,678.222,16.58138280628478,4,6
1,b1_p2048_o32,prefill,triton_poi_fused__to_copy_add_cat_index_mul_split_sub_0,28,1347.8690000000001,3.7778056562834745,48.138178571428575,20.7695,22.3258,794.166,58.92011760786842,5,7
1,b1_p2048_o32,prefill,triton_poi_fused_mul_silu_split_0,28,257.173,0.7208041835248008,9.18475,8.2405,8.944349999999998,33.442,13.003697899857293,9,8
1,b1_p2048_o32,prefill,triton_poi_fused__to_copy_add_cat_index_mul_split_sub_1,28,231.151,0.6478697523687994,8.255392857142857,8.225,8.416,9.089,3.9320617258848114,10,9
1,b1_p2048_o32,prefill,store_kvcache_kernel,28,158.381,0.4439100815048294,5.656464285714286,5.4885,6.901799999999999,7.201,4.546631224704983,11,10
1,b1_p2048_o32,prefill,"std::enable_if<!T7, void>::type internal::gemvx::kernel<int, int, __nv_bfloat16, __nv_bfloat16, __nv_bfloat16, float, (bool)0, (bool)1, (bool)1, (bool)0, (int)6, (bool)0, cublasGemvParamsEx<int, cublasGemvTensorStridedBatched<const __nv_bfloat16>, cublasGemvTensorStridedBatched<const __nv_bfloat16>, cublasGemvTensorStridedBatched<__nv_bfloat16>, float>>(T13)",1,349.463,0.9794744875516773,349.463,349.463,349.463,349.463,100.0,8,11
1,b1_p2048_o32,prefill,triton_red_fused__softmax_argmax_clamp_min_div_exponential_5,1,65.188,0.1827088501344026,65.188,65.188,65.188,65.188,100.0,12,12
1,b1_p2048_o32,prefill,"void at::native::vectorized_gather_kernel<(int)16, long>(char *, char *, T2 *, int, long, long, long, long, bool)",1,7.04,0.01973170376367114,7.04,7.04,7.04,7.04,100.0,13,13
1,b1_p2048_o32,prefill,"void at::native::index_elementwise_kernel<(int)128, (int)4, void at::native::gpu_index_kernel<void at::native::index_kernel_impl<at::native::OpaqueType<(int)2>>(at::TensorIteratorBase &, c10::ArrayRef<long>, c10::ArrayRef<long>)::[lambda(char *, const char *, long) (instance 1)]>(at::TensorIteratorBase &, c10::ArrayRef<long>, c10::ArrayRef<long>, const T1 &, bool)::[lambda(int) (instance 1)]>(long, T3)",1,2.689,0.007536726054049956,2.689,2.689,2.689,2.689,99.99999999999999,14,14
1,b1_p2048_o32,prefill,triton_red_fused__softmax_div_ge_mul_neg_scalar_tensor_sub_unsqueeze_where_3,1,2.368,0.006637027629598474,2.368,2.368,2.368,2.368,100.0,15,15
1,b1_p2048_o32,prefill,triton_red_fused__to_copy_amax_ge_mul_neg_scalar_tensor_unsqueeze_where_0,1,1.569,0.004397591364375003,1.569,1.569,1.569,1.569,100.0,16,16
1,b1_p2048_o32,prefill,"void at::native::unrolled_elementwise_kernel<at::native::CUDAFunctorOnSelf_add<int>, std::array<char *, (unsigned long)2>, (int)4, TrivialOffsetCalculator<(int)1, unsigned int>, TrivialOffsetCalculator<(int)1, unsigned int>, at::native::memory::LoadWithoutCast, at::native::memory::StoreWithoutCast>(int, T1, T2, T4, T5, T6, T7)",1,1.28,0.0035875825024856618,1.28,1.28,1.28,1.28,100.0,17,17
1,b1_p2048_o32,prefill,triton_poi_fused__softmax__to_copy_div_ge_mul_neg_scalar_tensor_sub_unsqueeze_where_2,1,1.248,0.0034978929399235204,1.248,1.248,1.248,1.248,100.0,18,18
1,b1_p2048_o32,prefill,"void at::native::unrolled_elementwise_kernel<at::native::direct_copy_kernel_cuda(at::TensorIteratorBase &)::[lambda() (instance 3)]::operator ()() const::[lambda() (instance 4)]::operator ()() const::[lambda(long) (instance 1)], std::array<char *, (unsigned long)2>, (int)4, TrivialOffsetCalculator<(int)1, unsigned int>, TrivialOffsetCalculator<(int)1, unsigned int>, at::native::memory::LoadWithCast<(int)1>, at::native::memory::StoreWithCast<(int)1>>(int, T1, T2, T4, T5, T6, T7)",1,1.152,0.0032288242522370953,1.152,1.152,1.152,1.152,100.0,19,19
1,b1_p2048_o32,prefill,"void at::native::<unnamed>::distribution_elementwise_grid_stride_kernel<unsigned long, (int)2, void at::native::templates::cuda::random_from_to_kernel<at::CUDAGeneratorImpl *>(at::TensorIteratorBase &, unsigned long, long, T1)::[lambda() (instance 1)]::operator ()() const::[lambda() (instance 4)]::operator ()() const::[lambda(curandStatePhilox4_32_10 *) (instance 1)], void at::native::<unnamed>::distribution_nullary_kernel<long, unsigned long, ulonglong2, at::CUDAGeneratorImpl *, void at::native::templates::cuda::random_from_to_kernel<at::CUDAGeneratorImpl *>(at::TensorIteratorBase &, unsigned long, long, T1)::[lambda() (instance 1)]::operator ()() const::[lambda() (instance 4)]::operator ()() const::[lambda(curandStatePhilox4_32_10 *) (instance 1)], void at::native::templates::cuda::random_from_to_kernel<at::CUDAGeneratorImpl *>(at::TensorIteratorBase &, unsigned long, long, T1)::[lambda() (instance 1)]::operator ()() const::[lambda() (instance 4)]::operator ()() const::[lambda(unsigned long) (instance 1)]>(at::TensorIteratorBase &, T4, const T5 &, T6)::[lambda(int, unsigned long) (instance 1)]>(long, at::PhiloxCudaState, T3, T4)",1,1.088,0.003049445127112813,1.088,1.088,1.088,1.088,100.0,20,20
1,b1_p2048_o32,prefill,triton_per_fused__to_copy_amax_ge_mul_neg_scalar_tensor_unsqueeze_where_1,1,0.896,0.0025113077517399636,0.896,0.896,0.896,0.896,100.00000000000001,21,21
1,b1_p2048_o32,prefill,triton_per_fused__softmax_div_ge_mul_neg_scalar_tensor_sub_unsqueeze_where_4,1,0.736,0.0020628599389292553,0.736,0.736,0.736,0.736,100.0,22,22
1,b1_p256_o256,decode_all,"std::enable_if<!T7, void>::type internal::gemvx::kernel<int, int, __nv_bfloat16, __nv_bfloat16, __nv_bfloat16, float, (bool)0, (bool)1, (bool)1, (bool)0, (int)6, (bool)0, cublasGemvParamsEx<int, cublasGemvTensorStridedBatched<const __nv_bfloat16>, cublasGemvTensorStridedBatched<const __nv_bfloat16>, cublasGemvTensorStridedBatched<__nv_bfloat16>, float>>(T13)",28815,480103.998,74.8420315877852,16.661599791775117,11.136,16.289,1407.263,0.29311628435970655,1,1
1,b1_p256_o256,decode_all,triton_per_fused__to_copy_add_mean_mul_pow_rsqrt_0,28815,23692.833,3.6934076016382584,0.822239562727746,0.736,0.961,460.479,1.9435371025491128,4,2
1,b1_p256_o256,decode_all,"void flash::flash_fwd_splitkv_kernel<Flash_fwd_kernel_traits<(int)128, (int)64, (int)128, (int)4, (bool)0, (bool)0, cutlass::bfloat16_t, Flash_kernel_traits<(int)128, (int)64, (int)128, (int)4, cutlass::bfloat16_t>>, (bool)0, (bool)0, (bool)0, (bool)0, (bool)1, (bool)0, (bool)1, (bool)0>(flash::Flash_fwd_params)",7140,69958.065,10.905561570746032,9.798048319327732,9.12,9.28,699.151,0.9993858463638179,2,3
1,b1_p256_o256,decode_all,"void flash::flash_fwd_splitkv_combine_kernel<Flash_fwd_kernel_traits<(int)128, (int)64, (int)128, (int)4, (bool)0, (bool)0, cutlass::bfloat16_t, Flash_kernel_traits<(int)128, (int)64, (int)128, (int)4, cutlass::bfloat16_t>>, (int)4, (int)4, (bool)1>(flash::Flash_fwd_params)",7140,27833.103,4.338822385545056,3.8981936974789915,3.872,3.904,203.886,0.7325306129180063,3,4
1,b1_p256_o256,decode_all,store_kvcache_kernel,7140,5151.846,0.8031064575042443,0.7215470588235294,0.704,0.737,1.088,0.02111864368616609,6,5
1,b1_p256_o256,decode_all,triton_poi_fused__to_copy_add_cat_index_mul_split_sub_0,7140,5060.91,0.7889307059737044,0.7088109243697479,0.704,0.8,1.248,0.024659596791881302,7,6
1,b1_p256_o256,decode_all,triton_poi_fused__to_copy_add_cat_index_mul_split_sub_1,7140,5024.143,0.783199204076509,0.7036614845938375,0.704,0.736,1.12,0.022292359114778382,8,7
1,b1_p256_o256,decode_all,triton_poi_fused_mul_silu_split_0,7140,3967.414,0.6184687591579299,0.5556602240896359,0.512,0.544,297.556,7.499998739733236,9,8
1,b1_p256_o256,decode_all,"void at::native::vectorized_elementwise_kernel<(int)4, at::native::FillFunctor<int>, std::array<char *, (unsigned long)1>>(int, T2, T3)",510,271.794,0.04236918504763313,0.5329294117647059,0.512,0.608,0.8,0.2943405667527613,15,9
1,b1_p256_o256,decode_all,triton_red_fused__softmax_argmax_clamp_min_div_exponential_5,255,18033.637,2.8112118116472167,70.72014509803921,64.804,65.5176,494.978,2.74474860506508,5,10
1,b1_p256_o256,decode_all,triton_red_fused__softmax_div_ge_mul_neg_scalar_tensor_sub_unsqueeze_where_3,255,601.5409999999999,0.09377249660676203,2.35898431372549,2.368,2.433,2.56,0.42557365167129096,10,11
1,b1_p256_o256,decode_all,triton_red_fused__to_copy_amax_ge_mul_neg_scalar_tensor_unsqueeze_where_0,255,412.242,0.06426321987389855,1.6166352941176472,1.568,1.92,2.592,0.6287568952217386,11,12
1,b1_p256_o256,decode_all,triton_poi_fused__softmax__to_copy_div_ge_mul_neg_scalar_tensor_sub_unsqueeze_where_2,255,362.361,0.05648741422932585,1.4210235294117648,1.44,1.536,1.664,0.4592105662585102,12,13
1,b1_p256_o256,decode_all,"void at::native::<unnamed>::indexSelectSmallIndex<c10::BFloat16, long, unsigned int, (int)2, (int)2, (int)-2>(at::cuda::detail::TensorInfo<T1, T3>, at::cuda::detail::TensorInfo<const T1, T3>, at::cuda::detail::TensorInfo<const T2, T3>, int, int, T3, long)",255,322.00600000000003,0.05019658933033164,1.2627686274509804,1.28,1.408,1.569,0.4872580014037005,13,14
1,b1_p256_o256,decode_all,"void at::native::<unnamed>::distribution_elementwise_grid_stride_kernel<unsigned long, (int)2, void at::native::templates::cuda::random_from_to_kernel<at::CUDAGeneratorImpl *>(at::TensorIteratorBase &, unsigned long, long, T1)::[lambda() (instance 1)]::operator ()() const::[lambda() (instance 4)]::operator ()() const::[lambda(curandStatePhilox4_32_10 *) (instance 1)], void at::native::<unnamed>::distribution_nullary_kernel<long, unsigned long, ulonglong2, at::CUDAGeneratorImpl *, void at::native::templates::cuda::random_from_to_kernel<at::CUDAGeneratorImpl *>(at::TensorIteratorBase &, unsigned long, long, T1)::[lambda() (instance 1)]::operator ()() const::[lambda() (instance 4)]::operator ()() const::[lambda(curandStatePhilox4_32_10 *) (instance 1)], void at::native::templates::cuda::random_from_to_kernel<at::CUDAGeneratorImpl *>(at::TensorIteratorBase &, unsigned long, long, T1)::[lambda() (instance 1)]::operator ()() const::[lambda() (instance 4)]::operator ()() const::[lambda(unsigned long) (instance 1)]>(at::TensorIteratorBase &, T4, const T5 &, T6)::[lambda(int, unsigned long) (instance 1)]>(long, at::PhiloxCudaState, T3, T4)",255,282.04200000000003,0.043966716296918056,1.1060470588235294,1.12,1.152,1.376,0.48787060083250006,14,15
1,b1_p256_o256,decode_all,triton_per_fused__to_copy_amax_ge_mul_neg_scalar_tensor_unsqueeze_where_1,255,230.638,0.03595349456211694,0.9044627450980393,0.928,1.024,1.344,0.5827313799113762,16,16
1,b1_p256_o256,decode_all,triton_per_fused__softmax_div_ge_mul_neg_scalar_tensor_sub_unsqueeze_where_4,255,181.226,0.02825079997881617,0.7106901960784314,0.704,0.8,0.864,0.4767527838168916,17,17
1,b1_p256_o256,decode_early,"std::enable_if<!T7, void>::type internal::gemvx::kernel<int, int, __nv_bfloat16, __nv_bfloat16, __nv_bfloat16, float, (bool)0, (bool)1, (bool)1, (bool)0, (int)6, (bool)0, cublasGemvParamsEx<int, cublasGemvTensorStridedBatched<const __nv_bfloat16>, cublasGemvTensorStridedBatched<const __nv_bfloat16>, cublasGemvTensorStridedBatched<__nv_bfloat16>, float>>(T13)",3616,58042.585,73.83039369843169,16.051599834070796,11.168,16.225250000000003,1092.842,1.8828279271159272,1,1
1,b1_p256_o256,decode_early,triton_per_fused__to_copy_add_mean_mul_pow_rsqrt_0,3616,2787.017,3.545096455545906,0.7707458517699115,0.736,0.96,2.464,0.08840993793722823,5,2
1,b1_p256_o256,decode_early,"void flash::flash_fwd_splitkv_kernel<Flash_fwd_kernel_traits<(int)128, (int)64, (int)128, (int)4, (bool)0, (bool)0, cutlass::bfloat16_t, Flash_kernel_traits<(int)128, (int)64, (int)128, (int)4, cutlass::bfloat16_t>>, (bool)0, (bool)0, (bool)0, (bool)0, (bool)1, (bool)0, (bool)1, (bool)0>(flash::Flash_fwd_params)",896,8521.661,10.83958591083721,9.510782366071428,9.088,9.248,393.819,4.621387778744074,2,3
1,b1_p256_o256,decode_early,"void flash::flash_fwd_splitkv_combine_kernel<Flash_fwd_kernel_traits<(int)128, (int)64, (int)128, (int)4, (bool)0, (bool)0, cutlass::bfloat16_t, Flash_kernel_traits<(int)128, (int)64, (int)128, (int)4, cutlass::bfloat16_t>>, (int)4, (int)4, (bool)1>(flash::Flash_fwd_params)",896,3468.522,4.411973464167244,3.8711183035714285,3.872,3.904,5.312,0.1531488051683109,3,4
1,b1_p256_o256,decode_early,triton_poi_fused_mul_silu_split_0,896,758.027,0.964213290018718,0.8460122767857142,0.512,0.544,297.556,39.2540107410422,6,5
1,b1_p256_o256,decode_early,store_kvcache_kernel,896,646.794,0.8227244817194725,0.7218683035714285,0.704,0.737,0.96,0.1484243824154213,7,6
1,b1_p256_o256,decode_early,triton_poi_fused__to_copy_add_cat_index_mul_split_sub_0,896,635.1179999999999,0.8078725643415182,0.7088370535714286,0.704,0.832,1.152,0.1813836169026858,8,7
1,b1_p256_o256,decode_early,triton_poi_fused__to_copy_add_cat_index_mul_split_sub_1,896,630.545,0.8020556905688747,0.7037332589285714,0.704,0.71275,0.896,0.14209929505427846,9,8
1,b1_p256_o256,decode_early,"void at::native::vectorized_elementwise_kernel<(int)4, at::native::FillFunctor<int>, std::array<char *, (unsigned long)1>>(int, T2, T3)",64,33.859,0.04306877959062642,0.529046875,0.512,0.608,0.704,2.0792108449747477,15,9
1,b1_p256_o256,decode_early,triton_red_fused__softmax_argmax_clamp_min_div_exponential_5,32,2799.643,3.5611567766159693,87.48884375,64.789,197.32864999999978,494.978,17.680039919375435,4,10
1,b1_p256_o256,decode_early,triton_red_fused__softmax_div_ge_mul_neg_scalar_tensor_sub_unsqueeze_where_3,32,74.596,0.09488640191211696,2.331125,2.32,2.4,2.528,3.3889216579977477,10,11
1,b1_p256_o256,decode_early,triton_red_fused__to_copy_amax_ge_mul_neg_scalar_tensor_unsqueeze_where_0,32,49.666,0.06317534502342217,1.5520625,1.536,1.8384,1.856,3.7369629122538566,11,12
1,b1_p256_o256,decode_early,triton_poi_fused__softmax__to_copy_div_ge_mul_neg_scalar_tensor_sub_unsqueeze_where_2,32,44.355,0.05641973238259354,1.38609375,1.408,1.5328,1.6,3.607259609965055,12,13
1,b1_p256_o256,decode_early,"void at::native::<unnamed>::indexSelectSmallIndex<c10::BFloat16, long, unsigned int, (int)2, (int)2, (int)-2>(at::cuda::detail::TensorInfo<T1, T3>, at::cuda::detail::TensorInfo<const T1, T3>, at::cuda::detail::TensorInfo<const T2, T3>, int, int, T3, long)",32,39.491,0.05023270547899902,1.23409375,1.28,1.344,1.344,3.4033070826264216,13,14
1,b1_p256_o256,decode_early,"void at::native::<unnamed>::distribution_elementwise_grid_stride_kernel<unsigned long, (int)2, void at::native::templates::cuda::random_from_to_kernel<at::CUDAGeneratorImpl *>(at::TensorIteratorBase &, unsigned long, long, T1)::[lambda() (instance 1)]::operator ()() const::[lambda() (instance 4)]::operator ()() const::[lambda(curandStatePhilox4_32_10 *) (instance 1)], void at::native::<unnamed>::distribution_nullary_kernel<long, unsigned long, ulonglong2, at::CUDAGeneratorImpl *, void at::native::templates::cuda::random_from_to_kernel<at::CUDAGeneratorImpl *>(at::TensorIteratorBase &, unsigned long, long, T1)::[lambda() (instance 1)]::operator ()() const::[lambda() (instance 4)]::operator ()() const::[lambda(curandStatePhilox4_32_10 *) (instance 1)], void at::native::templates::cuda::random_from_to_kernel<at::CUDAGeneratorImpl *>(at::TensorIteratorBase &, unsigned long, long, T1)::[lambda() (instance 1)]::operator ()() const::[lambda() (instance 4)]::operator ()() const::[lambda(unsigned long) (instance 1)]>(at::TensorIteratorBase &, T4, const T5 &, T6)::[lambda(int, unsigned long) (instance 1)]>(long, at::PhiloxCudaState, T3, T4)",32,34.723,0.044167790948501755,1.08509375,1.088,1.1344,1.152,3.317685683840682,14,15
1,b1_p256_o256,decode_early,triton_per_fused__to_copy_amax_ge_mul_neg_scalar_tensor_unsqueeze_where_1,32,27.075,0.03443950522508669,0.84609375,0.896,0.992,1.024,3.7820867959372118,16,16
1,b1_p256_o256,decode_early,triton_per_fused__softmax_div_ge_mul_neg_scalar_tensor_sub_unsqueeze_where_4,32,22.435,0.02853740719205244,0.70109375,0.704,0.75095,0.8,3.5658569199910857,17,17
1,b1_p256_o256,decode_late,"std::enable_if<!T7, void>::type internal::gemvx::kernel<int, int, __nv_bfloat16, __nv_bfloat16, __nv_bfloat16, float, (bool)0, (bool)1, (bool)1, (bool)0, (int)6, (bool)0, cublasGemvParamsEx<int, cublasGemvTensorStridedBatched<const __nv_bfloat16>, cublasGemvTensorStridedBatched<const __nv_bfloat16>, cublasGemvTensorStridedBatched<__nv_bfloat16>, float>>(T13)",3616,61557.973,75.27489938681954,17.02377571902655,11.1205,16.321,1275.767,2.0724642768857904,1,1
1,b1_p256_o256,decode_late,triton_per_fused__to_copy_add_mean_mul_pow_rsqrt_0,3616,3329.001,4.070800306137788,0.9206308075221239,0.768,0.992,460.479,13.83234790256897,4,2
1,b1_p256_o256,decode_late,"void flash::flash_fwd_splitkv_kernel<Flash_fwd_kernel_traits<(int)128, (int)64, (int)128, (int)4, (bool)0, (bool)0, cutlass::bfloat16_t, Flash_kernel_traits<(int)128, (int)64, (int)128, (int)4, cutlass::bfloat16_t>>, (bool)0, (bool)0, (bool)0, (bool)0, (bool)1, (bool)0, (bool)1, (bool)0>(flash::Flash_fwd_params)",896,8642.0,10.567691702598696,9.645089285714286,9.121,9.313,241.169,2.7906618838231894,2,3
1,b1_p256_o256,decode_late,"void flash::flash_fwd_splitkv_combine_kernel<Flash_fwd_kernel_traits<(int)128, (int)64, (int)128, (int)4, (bool)0, (bool)0, cutlass::bfloat16_t, Flash_kernel_traits<(int)128, (int)64, (int)128, (int)4, cutlass::bfloat16_t>>, (int)4, (int)4, (bool)1>(flash::Flash_fwd_params)",896,3461.75,4.233129686585401,3.863560267857143,3.872,3.904,4.096,0.11832165812089263,3,4
1,b1_p256_o256,decode_late,store_kvcache_kernel,896,645.862,0.7897790440203424,0.7208281249999999,0.704,0.736,0.96,0.14863856365601322,6,5
1,b1_p256_o256,decode_late,triton_poi_fused__to_copy_add_cat_index_mul_split_sub_0,896,635.489,0.7770946346207755,0.7092511160714285,0.704,0.8,1.216,0.19134870941904578,7,6
1,b1_p256_o256,decode_late,triton_poi_fused__to_copy_add_cat_index_mul_split_sub_1,896,630.438,0.770918123305128,0.7036138392857143,0.704,0.705,0.896,0.14212341261154945,8,7
1,b1_p256_o256,decode_late,triton_poi_fused_mul_silu_split_0,896,459.552,0.5619536979070396,0.5128928571428572,0.512,0.544,0.704,0.15319267460483252,9,8
1,b1_p256_o256,decode_late,"void at::native::vectorized_elementwise_kernel<(int)4, at::native::FillFunctor<int>, std::array<char *, (unsigned long)1>>(int, T2, T3)",64,34.402,0.04206777712946082,0.53753125,0.544,0.608,0.736,2.13941049938957,15,9
1,b1_p256_o256,decode_late,triton_red_fused__softmax_argmax_clamp_min_div_exponential_5,32,2076.333,2.5390010432691343,64.88540625,64.837,65.1384,65.572,3.158067612468713,5,10
1,b1_p256_o256,decode_late,triton_red_fused__softmax_div_ge_mul_neg_scalar_tensor_sub_unsqueeze_where_3,32,76.03399999999999,0.09297661084417834,2.3760624999999997,2.368,2.496,2.496,3.282741931241287,10,11
1,b1_p256_o256,decode_late,triton_red_fused__to_copy_amax_ge_mul_neg_scalar_tensor_unsqueeze_where_0,32,52.163000000000004,0.06378645015999257,1.6300937500000001,1.568,1.88845,2.016,3.8648083890880507,11,12
1,b1_p256_o256,decode_late,triton_poi_fused__softmax__to_copy_div_ge_mul_neg_scalar_tensor_sub_unsqueeze_where_2,32,46.114,0.05638955509993476,1.4410625,1.44,1.5184,1.6,3.469662141648957,12,13
1,b1_p256_o256,decode_late,"void at::native::<unnamed>::indexSelectSmallIndex<c10::BFloat16, long, unsigned int, (int)2, (int)2, (int)-2>(at::cuda::detail::TensorInfo<T1, T3>, at::cuda::detail::TensorInfo<const T1, T3>, at::cuda::detail::TensorInfo<const T2, T3>, int, int, T3, long)",32,41.125,0.050288859207286665,1.28515625,1.28,1.4367999999999999,1.504,3.6571428571428575,13,14
1,b1_p256_o256,decode_late,"void at::native::<unnamed>::distribution_elementwise_grid_stride_kernel<unsigned long, (int)2, void at::native::templates::cuda::random_from_to_kernel<at::CUDAGeneratorImpl *>(at::TensorIteratorBase &, unsigned long, long, T1)::[lambda() (instance 1)]::operator ()() const::[lambda() (instance 4)]::operator ()() const::[lambda(curandStatePhilox4_32_10 *) (instance 1)], void at::native::<unnamed>::distribution_nullary_kernel<long, unsigned long, ulonglong2, at::CUDAGeneratorImpl *, void at::native::templates::cuda::random_from_to_kernel<at::CUDAGeneratorImpl *>(at::TensorIteratorBase &, unsigned long, long, T1)::[lambda() (instance 1)]::operator ()() const::[lambda() (instance 4)]::operator ()() const::[lambda(curandStatePhilox4_32_10 *) (instance 1)], void at::native::templates::cuda::random_from_to_kernel<at::CUDAGeneratorImpl *>(at::TensorIteratorBase &, unsigned long, long, T1)::[lambda() (instance 1)]::operator ()() const::[lambda() (instance 4)]::operator ()() const::[lambda(unsigned long) (instance 1)]>(at::TensorIteratorBase &, T4, const T5 &, T6)::[lambda(int, unsigned long) (instance 1)]>(long, at::PhiloxCudaState, T3, T4)",32,35.781,0.04375405887649664,1.11815625,1.12,1.15245,1.248,3.4878846315083423,14,15
1,b1_p256_o256,decode_late,triton_per_fused__to_copy_amax_ge_mul_neg_scalar_tensor_unsqueeze_where_1,32,30.275,0.0370211601823855,0.94609375,0.9285000000000001,1.024,1.025,3.385631709331131,16,16
1,b1_p256_o256,decode_late,triton_per_fused__softmax_div_ge_mul_neg_scalar_tensor_sub_unsqueeze_where_4,32,23.264,0.02844790323643324,0.727,0.704,0.8463999999999999,0.864,3.7138927097661627,17,17
1,b1_p256_o256,full_request,triton_per_fused__to_copy_add_mean_mul_pow_rsqrt_0,28872,23773.451,3.6772945087366926,0.823408527292879,0.736,0.992,460.479,1.9369463861178589,4,1
1,b1_p256_o256,full_request,"std::enable_if<!T7, void>::type internal::gemvx::kernel<int, int, __nv_bfloat16, __nv_bfloat16, __nv_bfloat16, float, (bool)0, (bool)1, (bool)1, (bool)0, (int)6, (bool)0, cublasGemvParamsEx<int, cublasGemvTensorStridedBatched<const __nv_bfloat16>, cublasGemvTensorStridedBatched<const __nv_bfloat16>, cublasGemvTensorStridedBatched<__nv_bfloat16>, float>>(T13)",28816,480449.909,74.31633766964433,16.673025714880623,11.136,16.289,1407.263,0.29290524852612676,1,2
1,b1_p256_o256,full_request,store_kvcache_kernel,7168,5185.449,0.8020889829177166,0.7234164341517857,0.704,0.737,2.432,0.04690047091389772,6,3
1,b1_p256_o256,full_request,triton_poi_fused__to_copy_add_cat_index_mul_split_sub_0,7168,5135.061,0.7942949308170677,0.7163868582589286,0.704,0.832,3.424,0.0666788573689777,7,4
1,b1_p256_o256,full_request,triton_poi_fused__to_copy_add_cat_index_mul_split_sub_1,7168,5067.699,0.7838753281814419,0.7069892578125,0.704,0.736,1.697,0.03348659815825684,8,5
1,b1_p256_o256,full_request,triton_poi_fused_mul_silu_split_0,7168,4013.719,0.6208449433072266,0.5599496372767857,0.512,0.544,297.556,7.4134736387873685,9,6
1,b1_p256_o256,full_request,"void flash::flash_fwd_splitkv_kernel<Flash_fwd_kernel_traits<(int)128, (int)64, (int)128, (int)4, (bool)0, (bool)0, cutlass::bfloat16_t, Flash_kernel_traits<(int)128, (int)64, (int)128, (int)4, cutlass::bfloat16_t>>, (bool)0, (bool)0, (bool)0, (bool)0, (bool)1, (bool)0, (bool)1, (bool)0>(flash::Flash_fwd_params)",7140,69958.065,10.821163838028589,9.798048319327732,9.12,9.28,699.151,0.9993858463638179,2,7
1,b1_p256_o256,full_request,"void flash::flash_fwd_splitkv_combine_kernel<Flash_fwd_kernel_traits<(int)128, (int)64, (int)128, (int)4, (bool)0, (bool)0, cutlass::bfloat16_t, Flash_kernel_traits<(int)128, (int)64, (int)128, (int)4, cutlass::bfloat16_t>>, (int)4, (int)4, (bool)1>(flash::Flash_fwd_params)",7140,27833.103,4.305244401538622,3.8981936974789915,3.872,3.904,203.886,0.7325306129180063,3,8
1,b1_p256_o256,full_request,"void at::native::vectorized_elementwise_kernel<(int)4, at::native::FillFunctor<int>, std::array<char *, (unsigned long)1>>(int, T2, T3)",510,271.794,0.04204129151075208,0.5329294117647059,0.512,0.608,0.8,0.2943405667527613,19,9
1,b1_p256_o256,full_request,triton_red_fused__softmax_argmax_clamp_min_div_exponential_5,256,18098.537,2.799494727385934,70.69741015625,64.804,65.51599999999999,494.978,2.73490614186108,5,10
1,b1_p256_o256,full_request,triton_red_fused__softmax_div_ge_mul_neg_scalar_tensor_sub_unsqueeze_where_3,256,603.877,0.09340812892719647,2.35889453125,2.368,2.433,2.56,0.4239273891868709,13,11
1,b1_p256_o256,full_request,triton_red_fused__to_copy_amax_ge_mul_neg_scalar_tensor_unsqueeze_where_0,256,413.811,0.06400858327025552,1.61644921875,1.568,1.92,2.592,0.6263729093716697,15,12
1,b1_p256_o256,full_request,triton_poi_fused__softmax__to_copy_div_ge_mul_neg_scalar_tensor_sub_unsqueeze_where_2,256,363.673,0.05625320134951376,1.42059765625,1.44,1.536,1.664,0.4575539014444295,16,13
1,b1_p256_o256,full_request,"void at::native::<unnamed>::distribution_elementwise_grid_stride_kernel<unsigned long, (int)2, void at::native::templates::cuda::random_from_to_kernel<at::CUDAGeneratorImpl *>(at::TensorIteratorBase &, unsigned long, long, T1)::[lambda() (instance 1)]::operator ()() const::[lambda() (instance 4)]::operator ()() const::[lambda(curandStatePhilox4_32_10 *) (instance 1)], void at::native::<unnamed>::distribution_nullary_kernel<long, unsigned long, ulonglong2, at::CUDAGeneratorImpl *, void at::native::templates::cuda::random_from_to_kernel<at::CUDAGeneratorImpl *>(at::TensorIteratorBase &, unsigned long, long, T1)::[lambda() (instance 1)]::operator ()() const::[lambda() (instance 4)]::operator ()() const::[lambda(curandStatePhilox4_32_10 *) (instance 1)], void at::native::templates::cuda::random_from_to_kernel<at::CUDAGeneratorImpl *>(at::TensorIteratorBase &, unsigned long, long, T1)::[lambda() (instance 1)]::operator ()() const::[lambda() (instance 4)]::operator ()() const::[lambda(unsigned long) (instance 1)]>(at::TensorIteratorBase &, T4, const T5 &, T6)::[lambda(int, unsigned long) (instance 1)]>(long, at::PhiloxCudaState, T3, T4)",256,283.098,0.04378980236543446,1.1058515625,1.12,1.152,1.376,0.48605076687224913,18,14
1,b1_p256_o256,full_request,triton_per_fused__to_copy_amax_ge_mul_neg_scalar_tensor_unsqueeze_where_1,256,231.406,0.03579404660638976,0.9039296875,0.928,1.024,1.344,0.5807973864117612,20,15
1,b1_p256_o256,full_request,triton_per_fused__softmax_div_ge_mul_neg_scalar_tensor_sub_unsqueeze_where_4,256,181.86599999999999,0.028131163755985924,0.7104140624999999,0.704,0.8,0.864,0.47507505526046656,21,16
1,b1_p256_o256,full_request,"void at::native::<unnamed>::indexSelectSmallIndex<c10::BFloat16, long, unsigned int, (int)2, (int)2, (int)-2>(at::cuda::detail::TensorInfo<T1, T3>, at::cuda::detail::TensorInfo<const T1, T3>, at::cuda::detail::TensorInfo<const T2, T3>, int, int, T3, long)",255,322.00600000000003,0.04980811980474638,1.2627686274509804,1.28,1.408,1.569,0.4872580014037005,17,17
1,b1_p256_o256,full_request,void cutlass::Kernel2<cutlass_80_wmma_tensorop_bf16_s161616gemm_bf16_32x32_64x2_tn_align8>(T1::Params),56,1492.415,0.23084782618460697,26.650267857142858,26.498,32.242,32.706,2.1914815919164576,11,18
1,b1_p256_o256,full_request,triton_red_fused__to_copy_add_mean_mul_pow_rsqrt_0,56,95.752,0.014810988265883474,1.7098571428571427,1.728,2.11225,2.176,2.2725373882529873,22,19
1,b1_p256_o256,full_request,void cutlass::Kernel2<cutlass_80_tensorop_bf16_s16816gemm_relu_bf16_128x128_32x5_tn_align8>(T1::Params),28,1494.563,0.23118008037036938,53.377250000000004,53.474999999999994,54.508,54.755,3.663612708196309,10,20
1,b1_p256_o256,full_request,void cutlass::Kernel2<cutlass_80_tensorop_bf16_s16816gemm_relu_bf16_128x128_64x3_tn_align8>(T1::Params),28,753.874,0.11660977282933663,26.92407142857143,26.5935,28.7428,28.898,3.8332665670921138,12,21
1,b1_p256_o256,full_request,"void flash::flash_fwd_kernel<Flash_fwd_kernel_traits<(int)128, (int)128, (int)64, (int)4, (bool)0, (bool)0, cutlass::bfloat16_t, Flash_kernel_traits<(int)128, (int)128, (int)64, (int)4, cutlass::bfloat16_t>>, (bool)0, (bool)1, (bool)0, (bool)0, (bool)0, (bool)1, (bool)0, (bool)0>(flash::Flash_fwd_params)",28,463.519,0.07169745248155697,16.55425,16.065,18.3786,18.434,3.9769675029502567,14,22
1,b1_p256_o256,full_request,"void at::native::index_elementwise_kernel<(int)128, (int)4, void at::native::gpu_index_kernel<void at::native::index_kernel_impl<at::native::OpaqueType<(int)2>>(at::TensorIteratorBase &, c10::ArrayRef<long>, c10::ArrayRef<long>)::[lambda(char *, const char *, long) (instance 1)]>(at::TensorIteratorBase &, c10::ArrayRef<long>, c10::ArrayRef<long>, const T1 &, bool)::[lambda(int) (instance 1)]>(long, T3)",1,2.624,0.0004058822083056045,2.624,2.624,2.624,2.624,100.00000000000001,23,23
1,b1_p256_o256,full_request,"void at::native::vectorized_gather_kernel<(int)16, long>(char *, char *, T2 *, int, long, long, long, long, bool)",1,1.921,0.00029714166240665633,1.921,1.921,1.921,1.921,100.0,24,24
1,b1_p256_o256,full_request,"void at::native::unrolled_elementwise_kernel<at::native::direct_copy_kernel_cuda(at::TensorIteratorBase &)::[lambda() (instance 3)]::operator ()() const::[lambda() (instance 4)]::operator ()() const::[lambda(long) (instance 1)], std::array<char *, (unsigned long)2>, (int)4, TrivialOffsetCalculator<(int)1, unsigned int>, TrivialOffsetCalculator<(int)1, unsigned int>, at::native::memory::LoadWithCast<(int)1>, at::native::memory::StoreWithCast<(int)1>>(int, T1, T2, T4, T5, T6, T7)",1,0.992,0.00015344327387163098,0.992,0.992,0.992,0.992,100.0,25,25
1,b1_p256_o256,full_request,"void at::native::unrolled_elementwise_kernel<at::native::CUDAFunctorOnSelf_add<int>, std::array<char *, (unsigned long)2>, (int)4, TrivialOffsetCalculator<(int)1, unsigned int>, TrivialOffsetCalculator<(int)1, unsigned int>, at::native::memory::LoadWithoutCast, at::native::memory::StoreWithoutCast>(int, T1, T2, T4, T5, T6, T7)",1,0.8,0.00012374457570292821,0.8,0.8,0.8,0.8,100.0,26,26
1,b1_p256_o256,prefill,triton_per_fused__to_copy_add_mean_mul_pow_rsqrt_0,57,80.618,1.6113335805092153,1.4143508771929825,1.377,1.5871999999999988,1.921,2.382842541367933,7,1
1,b1_p256_o256,prefill,void cutlass::Kernel2<cutlass_80_wmma_tensorop_bf16_s161616gemm_bf16_32x32_64x2_tn_align8>(T1::Params),56,1492.415,29.829298736704718,26.650267857142858,26.498,32.242,32.706,2.1914815919164576,2,2
1,b1_p256_o256,prefill,triton_red_fused__to_copy_add_mean_mul_pow_rsqrt_0,56,95.752,1.9138208960891907,1.7098571428571427,1.728,2.11225,2.176,2.2725373882529873,6,3
1,b1_p256_o256,prefill,void cutlass::Kernel2<cutlass_80_tensorop_bf16_s16816gemm_relu_bf16_128x128_32x5_tn_align8>(T1::Params),28,1494.563,29.87223138860546,53.377250000000004,53.474999999999994,54.508,54.755,3.663612708196309,1,4
1,b1_p256_o256,prefill,void cutlass::Kernel2<cutlass_80_tensorop_bf16_s16816gemm_relu_bf16_128x128_64x3_tn_align8>(T1::Params),28,753.874,15.067881759319315,26.92407142857143,26.5935,28.7428,28.898,3.8332665670921138,3,5
1,b1_p256_o256,prefill,"void flash::flash_fwd_kernel<Flash_fwd_kernel_traits<(int)128, (int)128, (int)64, (int)4, (bool)0, (bool)0, cutlass::bfloat16_t, Flash_kernel_traits<(int)128, (int)128, (int)64, (int)4, cutlass::bfloat16_t>>, (bool)0, (bool)1, (bool)0, (bool)0, (bool)0, (bool)1, (bool)0, (bool)0>(flash::Flash_fwd_params)",28,463.519,9.264478527178188,16.55425,16.065,18.3786,18.434,3.9769675029502567,4,6
1,b1_p256_o256,prefill,triton_poi_fused__to_copy_add_cat_index_mul_split_sub_0,28,74.151,1.4820759176404628,2.64825,2.497,3.3808,3.424,4.617604617604617,8,7
1,b1_p256_o256,prefill,triton_poi_fused_mul_silu_split_0,28,46.305,0.9255104498434497,1.65375,1.664,1.728,1.76,3.800885433538495,10,8
1,b1_p256_o256,prefill,triton_poi_fused__to_copy_add_cat_index_mul_split_sub_1,28,43.556,0.8705654498084718,1.5555714285714286,1.536,1.63265,1.697,3.8961337129212974,11,9
1,b1_p256_o256,prefill,store_kvcache_kernel,28,33.603,0.6716321703075141,1.2001071428571428,1.12,1.4495999999999998,2.432,7.237449037288337,12,10
1,b1_p256_o256,prefill,"std::enable_if<!T7, void>::type internal::gemvx::kernel<int, int, __nv_bfloat16, __nv_bfloat16, __nv_bfloat16, float, (bool)0, (bool)1, (bool)1, (bool)0, (int)6, (bool)0, cublasGemvParamsEx<int, cublasGemvTensorStridedBatched<const __nv_bfloat16>, cublasGemvTensorStridedBatched<const __nv_bfloat16>, cublasGemvTensorStridedBatched<__nv_bfloat16>, float>>(T13)",1,345.911,6.913815899272163,345.911,345.911,345.911,345.911,100.0,5,11
1,b1_p256_o256,prefill,triton_red_fused__softmax_argmax_clamp_min_div_exponential_5,1,64.9,1.2971737003528754,64.9,64.9,64.9,64.9,100.0,9,12
1,b1_p256_o256,prefill,"void at::native::index_elementwise_kernel<(int)128, (int)4, void at::native::gpu_index_kernel<void at::native::index_kernel_impl<at::native::OpaqueType<(int)2>>(at::TensorIteratorBase &, c10::ArrayRef<long>, c10::ArrayRef<long>)::[lambda(char *, const char *, long) (instance 1)]>(at::TensorIteratorBase &, c10::ArrayRef<long>, c10::ArrayRef<long>, const T1 &, bool)::[lambda(int) (instance 1)]>(long, T3)",1,2.624,0.052446591521201,2.624,2.624,2.624,2.624,100.00000000000001,13,13
1,b1_p256_o256,prefill,triton_red_fused__softmax_div_ge_mul_neg_scalar_tensor_sub_unsqueeze_where_3,1,2.336,0.04669025830545942,2.336,2.336,2.336,2.336,100.0,14,14
1,b1_p256_o256,prefill,"void at::native::vectorized_gather_kernel<(int)16, long>(char *, char *, T2 *, int, long, long, long, long, bool)",1,1.921,0.0383955420397207,1.921,1.921,1.921,1.921,100.0,15,15
1,b1_p256_o256,prefill,triton_red_fused__to_copy_amax_ge_mul_neg_scalar_tensor_unsqueeze_where_0,1,1.569,0.03136002366492544,1.569,1.569,1.569,1.569,100.0,16,16
1,b1_p256_o256,prefill,triton_poi_fused__softmax__to_copy_div_ge_mul_neg_scalar_tensor_sub_unsqueeze_where_2,1,1.312,0.0262232957606005,1.312,1.312,1.312,1.312,100.00000000000001,17,17
1,b1_p256_o256,prefill,"void at::native::<unnamed>::distribution_elementwise_grid_stride_kernel<unsigned long, (int)2, void at::native::templates::cuda::random_from_to_kernel<at::CUDAGeneratorImpl *>(at::TensorIteratorBase &, unsigned long, long, T1)::[lambda() (instance 1)]::operator ()() const::[lambda() (instance 4)]::operator ()() const::[lambda(curandStatePhilox4_32_10 *) (instance 1)], void at::native::<unnamed>::distribution_nullary_kernel<long, unsigned long, ulonglong2, at::CUDAGeneratorImpl *, void at::native::templates::cuda::random_from_to_kernel<at::CUDAGeneratorImpl *>(at::TensorIteratorBase &, unsigned long, long, T1)::[lambda() (instance 1)]::operator ()() const::[lambda() (instance 4)]::operator ()() const::[lambda(curandStatePhilox4_32_10 *) (instance 1)], void at::native::templates::cuda::random_from_to_kernel<at::CUDAGeneratorImpl *>(at::TensorIteratorBase &, unsigned long, long, T1)::[lambda() (instance 1)]::operator ()() const::[lambda() (instance 4)]::operator ()() const::[lambda(unsigned long) (instance 1)]>(at::TensorIteratorBase &, T4, const T5 &, T6)::[lambda(int, unsigned long) (instance 1)]>(long, at::PhiloxCudaState, T3, T4)",1,1.056,0.021106555124385765,1.056,1.056,1.056,1.056,100.0,18,18
1,b1_p256_o256,prefill,"void at::native::unrolled_elementwise_kernel<at::native::direct_copy_kernel_cuda(at::TensorIteratorBase &)::[lambda() (instance 3)]::operator ()() const::[lambda() (instance 4)]::operator ()() const::[lambda(long) (instance 1)], std::array<char *, (unsigned long)2>, (int)4, TrivialOffsetCalculator<(int)1, unsigned int>, TrivialOffsetCalculator<(int)1, unsigned int>, at::native::memory::LoadWithCast<(int)1>, at::native::memory::StoreWithCast<(int)1>>(int, T1, T2, T4, T5, T6, T7)",1,0.992,0.019827369965332083,0.992,0.992,0.992,0.992,100.0,19,19
1,b1_p256_o256,prefill,"void at::native::unrolled_elementwise_kernel<at::native::CUDAFunctorOnSelf_add<int>, std::array<char *, (unsigned long)2>, (int)4, TrivialOffsetCalculator<(int)1, unsigned int>, TrivialOffsetCalculator<(int)1, unsigned int>, at::native::memory::LoadWithoutCast, at::native::memory::StoreWithoutCast>(int, T1, T2, T4, T5, T6, T7)",1,0.8,0.015989814488171033,0.8,0.8,0.8,0.8,100.0,20,20
1,b1_p256_o256,prefill,triton_per_fused__to_copy_amax_ge_mul_neg_scalar_tensor_unsqueeze_where_1,1,0.768,0.015350221908644192,0.768,0.768,0.768,0.768,100.0,21,21
1,b1_p256_o256,prefill,triton_per_fused__softmax_div_ge_mul_neg_scalar_tensor_sub_unsqueeze_where_4,1,0.64,0.012791851590536828,0.64,0.64,0.64,0.64,100.0,22,22
1,b1_p64_o256,decode_all,"std::enable_if<!T7, void>::type internal::gemvx::kernel<int, int, __nv_bfloat16, __nv_bfloat16, __nv_bfloat16, float, (bool)0, (bool)1, (bool)1, (bool)0, (int)6, (bool)0, cublasGemvParamsEx<int, cublasGemvTensorStridedBatched<const __nv_bfloat16>, cublasGemvTensorStridedBatched<const __nv_bfloat16>, cublasGemvTensorStridedBatched<__nv_bfloat16>, float>>(T13)",28815,479838.736,76.07895033324282,16.652394100294984,11.073,16.193,1284.087,0.26760803237861147,1,1
1,b1_p64_o256,decode_all,triton_per_fused__to_copy_add_mean_mul_pow_rsqrt_0,28815,22258.942,3.5291793176291892,0.7724775984730176,0.704,0.96,403.42,1.8123952162685901,4,2
1,b1_p64_o256,decode_all,"void flash::flash_fwd_splitkv_kernel<Flash_fwd_kernel_traits<(int)128, (int)64, (int)128, (int)4, (bool)0, (bool)0, cutlass::bfloat16_t, Flash_kernel_traits<(int)128, (int)64, (int)128, (int)4, cutlass::bfloat16_t>>, (bool)0, (bool)0, (bool)0, (bool)0, (bool)1, (bool)0, (bool)1, (bool)0>(flash::Flash_fwd_params)",7140,61319.647000000004,9.722296322831642,8.588185854341736,8.896,9.184,798.742,1.3025874072627976,2,3
1,b1_p64_o256,decode_all,"void flash::flash_fwd_splitkv_combine_kernel<Flash_fwd_kernel_traits<(int)128, (int)64, (int)128, (int)4, (bool)0, (bool)0, cutlass::bfloat16_t, Flash_kernel_traits<(int)128, (int)64, (int)128, (int)4, cutlass::bfloat16_t>>, (int)4, (int)4, (bool)1>(flash::Flash_fwd_params)",7140,28575.505,4.5306772099414925,4.002171568627451,3.872,3.904,459.967,1.6096548424953467,3,4
1,b1_p64_o256,decode_all,triton_poi_fused__to_copy_add_cat_index_mul_split_sub_0,7140,5372.961,0.8518887751101668,0.7525155462184874,0.704,0.768,326.454,6.075867664031062,6,5
1,b1_p64_o256,decode_all,store_kvcache_kernel,7140,5139.0779999999995,0.8148063726156966,0.7197588235294118,0.704,0.736,1.088,0.021171112794941042,7,6
1,b1_p64_o256,decode_all,triton_poi_fused__to_copy_add_cat_index_mul_split_sub_1,7140,5018.001,0.7956094833726864,0.7028012605042017,0.704,0.705,1.088,0.02168194067717404,8,7
1,b1_p64_o256,decode_all,triton_poi_fused_mul_silu_split_0,7140,3645.257,0.577959438136953,0.5105401960784314,0.512,0.544,0.768,0.02106847336141183,9,8
1,b1_p64_o256,decode_all,"void at::native::vectorized_elementwise_kernel<(int)4, at::native::FillFunctor<int>, std::array<char *, (unsigned long)1>>(int, T2, T3)",510,268.627,0.04259110125525177,0.5267196078431372,0.512,0.608,0.8,0.2978107189523019,15,9
1,b1_p64_o256,decode_all,triton_red_fused__softmax_argmax_clamp_min_div_exponential_5,255,16934.504,2.6849839166259017,66.40981960784313,64.74,65.1986,274.386,1.620277747727362,5,10
1,b1_p64_o256,decode_all,triton_red_fused__softmax_div_ge_mul_neg_scalar_tensor_sub_unsqueeze_where_3,255,595.586,0.09443080417162228,2.3356313725490194,2.336,2.432,2.624,0.44057449302031954,10,11
1,b1_p64_o256,decode_all,triton_red_fused__to_copy_amax_ge_mul_neg_scalar_tensor_unsqueeze_where_0,255,408.791,0.06481425498269208,1.6031019607843138,1.568,1.9622999999999995,2.112,0.5166454251683623,11,12
1,b1_p64_o256,decode_all,triton_poi_fused__softmax__to_copy_div_ge_mul_neg_scalar_tensor_sub_unsqueeze_where_2,255,352.502,0.05588957318020438,1.3823607843137256,1.408,1.5462999999999993,1.696,0.48113202194597476,12,13
1,b1_p64_o256,decode_all,"void at::native::<unnamed>::indexSelectSmallIndex<c10::BFloat16, long, unsigned int, (int)2, (int)2, (int)-2>(at::cuda::detail::TensorInfo<T1, T3>, at::cuda::detail::TensorInfo<const T1, T3>, at::cuda::detail::TensorInfo<const T2, T3>, int, int, T3, long)",255,310.039,0.04915701862462449,1.2158392156862745,1.217,1.408,1.632,0.5263853902251007,13,14
1,b1_p64_o256,decode_all,"void at::native::<unnamed>::distribution_elementwise_grid_stride_kernel<unsigned long, (int)2, void at::native::templates::cuda::random_from_to_kernel<at::CUDAGeneratorImpl *>(at::TensorIteratorBase &, unsigned long, long, T1)::[lambda() (instance 1)]::operator ()() const::[lambda() (instance 4)]::operator ()() const::[lambda(curandStatePhilox4_32_10 *) (instance 1)], void at::native::<unnamed>::distribution_nullary_kernel<long, unsigned long, ulonglong2, at::CUDAGeneratorImpl *, void at::native::templates::cuda::random_from_to_kernel<at::CUDAGeneratorImpl *>(at::TensorIteratorBase &, unsigned long, long, T1)::[lambda() (instance 1)]::operator ()() const::[lambda() (instance 4)]::operator ()() const::[lambda(curandStatePhilox4_32_10 *) (instance 1)], void at::native::templates::cuda::random_from_to_kernel<at::CUDAGeneratorImpl *>(at::TensorIteratorBase &, unsigned long, long, T1)::[lambda() (instance 1)]::operator ()() const::[lambda() (instance 4)]::operator ()() const::[lambda(unsigned long) (instance 1)]>(at::TensorIteratorBase &, T4, const T5 &, T6)::[lambda(int, unsigned long) (instance 1)]>(long, at::PhiloxCudaState, T3, T4)",255,279.343,0.04429013464002426,1.0954627450980392,1.088,1.152,1.344,0.48112893467887147,14,15
1,b1_p64_o256,decode_all,triton_per_fused__to_copy_amax_ge_mul_neg_scalar_tensor_unsqueeze_where_1,255,217.074,0.03441731737272323,0.8512705882352941,0.928,1.024,1.248,0.5749191519942508,16,16
1,b1_p64_o256,decode_all,triton_per_fused__softmax_div_ge_mul_neg_scalar_tensor_sub_unsqueeze_where_4,255,176.969,0.028058626266312208,0.6939960784313726,0.704,0.737,0.928,0.5243856268612017,17,17
1,b1_p64_o256,decode_early,"std::enable_if<!T7, void>::type internal::gemvx::kernel<int, int, __nv_bfloat16, __nv_bfloat16, __nv_bfloat16, float, (bool)0, (bool)1, (bool)1, (bool)0, (int)6, (bool)0, cublasGemvParamsEx<int, cublasGemvTensorStridedBatched<const __nv_bfloat16>, cublasGemvTensorStridedBatched<const __nv_bfloat16>, cublasGemvTensorStridedBatched<__nv_bfloat16>, float>>(T13)",3616,60085.283,78.83250172444056,16.61650525442478,10.993,16.161,1270.678,2.1147907383576774,1,1
1,b1_p64_o256,decode_early,triton_per_fused__to_copy_add_mean_mul_pow_rsqrt_0,3616,2609.373,3.4235238855779144,0.721618639380531,0.704,0.96,1.185,0.04541320846042325,4,2
1,b1_p64_o256,decode_early,"void flash::flash_fwd_splitkv_kernel<Flash_fwd_kernel_traits<(int)128, (int)64, (int)128, (int)4, (bool)0, (bool)0, cutlass::bfloat16_t, Flash_kernel_traits<(int)128, (int)64, (int)128, (int)4, cutlass::bfloat16_t>>, (bool)0, (bool)0, (bool)0, (bool)0, (bool)1, (bool)0, (bool)1, (bool)0>(flash::Flash_fwd_params)",896,4873.511,6.394095943786767,5.439186383928571,5.44,5.664,5.889,0.12083690792941679,2,3
1,b1_p64_o256,decode_early,"void flash::flash_fwd_splitkv_combine_kernel<Flash_fwd_kernel_traits<(int)128, (int)64, (int)128, (int)4, (bool)0, (bool)0, cutlass::bfloat16_t, Flash_kernel_traits<(int)128, (int)64, (int)128, (int)4, cutlass::bfloat16_t>>, (int)4, (int)4, (bool)1>(flash::Flash_fwd_params)",896,3909.6079999999997,5.129445415142449,4.363401785714285,3.841,3.904,459.967,11.765041405685686,3,4
1,b1_p64_o256,decode_early,store_kvcache_kernel,896,642.925,0.8435241317110204,0.7175502232142856,0.704,0.736,0.928,0.14434031963292765,6,5
1,b1_p64_o256,decode_early,triton_poi_fused__to_copy_add_cat_index_mul_split_sub_0,896,630.087,0.8266805452850671,0.7032220982142857,0.704,0.736,1.216,0.19298922212329409,7,6
1,b1_p64_o256,decode_early,triton_poi_fused__to_copy_add_cat_index_mul_split_sub_1,896,628.337,0.8243845275061749,0.7012689732142857,0.704,0.705,0.928,0.14769144583241162,8,7
1,b1_p64_o256,decode_early,triton_poi_fused_mul_silu_split_0,896,450.52,0.5910868169980152,0.5028125,0.512,0.512,0.736,0.1633667761697594,9,8
1,b1_p64_o256,decode_early,"void at::native::vectorized_elementwise_kernel<(int)4, at::native::FillFunctor<int>, std::array<char *, (unsigned long)1>>(int, T2, T3)",64,33.185,0.04353905713859348,0.518515625,0.512,0.608,0.608,1.8321530812113904,15,9
1,b1_p64_o256,decode_early,triton_red_fused__softmax_argmax_clamp_min_div_exponential_5,32,2068.493,2.713883830579498,64.64040625,64.516,65.18215,65.349,3.1592565215352435,5,10
1,b1_p64_o256,decode_early,triton_red_fused__softmax_div_ge_mul_neg_scalar_tensor_sub_unsqueeze_where_3,32,73.735,0.09674106910092482,2.30421875,2.2885,2.38295,2.432,3.2982979589068964,10,11
1,b1_p64_o256,decode_early,triton_red_fused__to_copy_amax_ge_mul_neg_scalar_tensor_unsqueeze_where_0,32,51.331,0.06734679349046684,1.60409375,1.5045,1.9984,2.048,3.9897917437805615,11,12
1,b1_p64_o256,decode_early,triton_poi_fused__softmax__to_copy_div_ge_mul_neg_scalar_tensor_sub_unsqueeze_where_2,32,42.819,0.056178963013935046,1.33809375,1.312,1.5008,1.6,3.7366589598075617,12,13
1,b1_p64_o256,decode_early,"void at::native::<unnamed>::indexSelectSmallIndex<c10::BFloat16, long, unsigned int, (int)2, (int)2, (int)-2>(at::cuda::detail::TensorInfo<T1, T3>, at::cuda::detail::TensorInfo<const T1, T3>, at::cuda::detail::TensorInfo<const T2, T3>, int, int, T3, long)",32,38.081,0.04996265887885426,1.19003125,1.152,1.344,1.408,3.69738189648381,13,14
1,b1_p64_o256,decode_early,"void at::native::<unnamed>::distribution_elementwise_grid_stride_kernel<unsigned long, (int)2, void at::native::templates::cuda::random_from_to_kernel<at::CUDAGeneratorImpl *>(at::TensorIteratorBase &, unsigned long, long, T1)::[lambda() (instance 1)]::operator ()() const::[lambda() (instance 4)]::operator ()() const::[lambda(curandStatePhilox4_32_10 *) (instance 1)], void at::native::<unnamed>::distribution_nullary_kernel<long, unsigned long, ulonglong2, at::CUDAGeneratorImpl *, void at::native::templates::cuda::random_from_to_kernel<at::CUDAGeneratorImpl *>(at::TensorIteratorBase &, unsigned long, long, T1)::[lambda() (instance 1)]::operator ()() const::[lambda() (instance 4)]::operator ()() const::[lambda(curandStatePhilox4_32_10 *) (instance 1)], void at::native::templates::cuda::random_from_to_kernel<at::CUDAGeneratorImpl *>(at::TensorIteratorBase &, unsigned long, long, T1)::[lambda() (instance 1)]::operator ()() const::[lambda() (instance 4)]::operator ()() const::[lambda(unsigned long) (instance 1)]>(at::TensorIteratorBase &, T4, const T5 &, T6)::[lambda(int, unsigned long) (instance 1)]>(long, at::PhiloxCudaState, T3, T4)",32,34.625,0.045428351768081944,1.08203125,1.056,1.1493499999999999,1.248,3.6043321299638986,14,15
1,b1_p64_o256,decode_early,triton_per_fused__to_copy_amax_ge_mul_neg_scalar_tensor_unsqueeze_where_1,32,25.568,0.03354547575469514,0.799,0.704,0.96,1.024,4.005006257822278,16,16
1,b1_p64_o256,decode_early,triton_per_fused__softmax_div_ge_mul_neg_scalar_tensor_sub_unsqueeze_where_4,32,21.441,0.02813080982698758,0.67003125,0.64,0.736,0.768,3.581922484958724,17,17
1,b1_p64_o256,decode_late,"std::enable_if<!T7, void>::type internal::gemvx::kernel<int, int, __nv_bfloat16, __nv_bfloat16, __nv_bfloat16, float, (bool)0, (bool)1, (bool)1, (bool)0, (int)6, (bool)0, cublasGemvParamsEx<int, cublasGemvTensorStridedBatched<const __nv_bfloat16>, cublasGemvTensorStridedBatched<const __nv_bfloat16>, cublasGemvTensorStridedBatched<__nv_bfloat16>, float>>(T13)",3616,60328.402,75.3502703195417,16.683739491150444,11.1365,16.225,1099.978,1.8233169842622385,1,1
1,b1_p64_o256,decode_late,triton_per_fused__to_copy_add_mean_mul_pow_rsqrt_0,3616,2838.978,3.545888050063581,0.7851155973451327,0.736,0.96,1.953,0.06879236119476798,4,2
1,b1_p64_o256,decode_late,"void flash::flash_fwd_splitkv_kernel<Flash_fwd_kernel_traits<(int)128, (int)64, (int)128, (int)4, (bool)0, (bool)0, cutlass::bfloat16_t, Flash_kernel_traits<(int)128, (int)64, (int)128, (int)4, cutlass::bfloat16_t>>, (bool)0, (bool)0, (bool)0, (bool)0, (bool)1, (bool)0, (bool)1, (bool)0>(flash::Flash_fwd_params)",896,8142.837,10.170416400520041,9.087987723214287,9.089,9.249,9.441,0.11594239206802248,2,3
1,b1_p64_o256,decode_late,"void flash::flash_fwd_splitkv_combine_kernel<Flash_fwd_kernel_traits<(int)128, (int)64, (int)128, (int)4, (bool)0, (bool)0, cutlass::bfloat16_t, Flash_kernel_traits<(int)128, (int)64, (int)128, (int)4, cutlass::bfloat16_t>>, (int)4, (int)4, (bool)1>(flash::Flash_fwd_params)",896,3971.267,4.960118817022128,4.4322176339285715,3.872,3.905,290.612,7.317866061385447,3,4
1,b1_p64_o256,decode_late,store_kvcache_kernel,896,645.228,0.8058908011144942,0.7201205357142857,0.704,0.736,0.897,0.13902062526734738,6,5
1,b1_p64_o256,decode_late,triton_poi_fused__to_copy_add_cat_index_mul_split_sub_0,896,635.4,0.7936156134392023,0.7091517857142857,0.704,0.768,1.152,0.18130311614730876,7,6
1,b1_p64_o256,decode_late,triton_poi_fused__to_copy_add_cat_index_mul_split_sub_1,896,630.538,0.7875429676844944,0.7037254464285714,0.704,0.705,1.088,0.1725510595713502,8,7
1,b1_p64_o256,decode_late,triton_poi_fused_mul_silu_split_0,896,459.228,0.5735765044514605,0.51253125,0.512,0.544,0.768,0.16723718936998613,9,8
1,b1_p64_o256,decode_late,"void at::native::vectorized_elementwise_kernel<(int)4, at::native::FillFunctor<int>, std::array<char *, (unsigned long)1>>(int, T2, T3)",64,33.986,0.042448568206397114,0.53103125,0.512,0.608,0.64,1.8831283469663982,15,9
1,b1_p64_o256,decode_late,triton_red_fused__softmax_argmax_clamp_min_div_exponential_5,32,2075.817,2.5926987438503692,64.86928125,64.77250000000001,65.1528,65.189,3.1404020681977265,5,10
1,b1_p64_o256,decode_late,triton_red_fused__softmax_div_ge_mul_neg_scalar_tensor_sub_unsqueeze_where_3,32,75.75,0.09461187081841292,2.3671875,2.368,2.4464,2.496,3.295049504950495,10,11
1,b1_p64_o256,decode_late,triton_red_fused__to_copy_amax_ge_mul_neg_scalar_tensor_unsqueeze_where_0,32,51.942,0.0648756408455446,1.6231875,1.5685,1.9664,2.048,3.942859343113473,11,12
1,b1_p64_o256,decode_late,triton_poi_fused__softmax__to_copy_div_ge_mul_neg_scalar_tensor_sub_unsqueeze_where_2,32,46.464999999999996,0.05803485910993474,1.4520312499999999,1.4405000000000001,1.504,1.568,3.374583019477026,12,13
1,b1_p64_o256,decode_late,"void at::native::<unnamed>::indexSelectSmallIndex<c10::BFloat16, long, unsigned int, (int)2, (int)2, (int)-2>(at::cuda::detail::TensorInfo<T1, T3>, at::cuda::detail::TensorInfo<const T1, T3>, at::cuda::detail::TensorInfo<const T2, T3>, int, int, T3, long)",32,39.014,0.048728548225868806,1.2191875,1.248,1.344,1.376,3.526939047521402,13,14
1,b1_p64_o256,decode_late,"void at::native::<unnamed>::distribution_elementwise_grid_stride_kernel<unsigned long, (int)2, void at::native::templates::cuda::random_from_to_kernel<at::CUDAGeneratorImpl *>(at::TensorIteratorBase &, unsigned long, long, T1)::[lambda() (instance 1)]::operator ()() const::[lambda() (instance 4)]::operator ()() const::[lambda(curandStatePhilox4_32_10 *) (instance 1)], void at::native::<unnamed>::distribution_nullary_kernel<long, unsigned long, ulonglong2, at::CUDAGeneratorImpl *, void at::native::templates::cuda::random_from_to_kernel<at::CUDAGeneratorImpl *>(at::TensorIteratorBase &, unsigned long, long, T1)::[lambda() (instance 1)]::operator ()() const::[lambda() (instance 4)]::operator ()() const::[lambda(curandStatePhilox4_32_10 *) (instance 1)], void at::native::templates::cuda::random_from_to_kernel<at::CUDAGeneratorImpl *>(at::TensorIteratorBase &, unsigned long, long, T1)::[lambda() (instance 1)]::operator ()() const::[lambda() (instance 4)]::operator ()() const::[lambda(unsigned long) (instance 1)]>(at::TensorIteratorBase &, T4, const T5 &, T6)::[lambda(int, unsigned long) (instance 1)]>(long, at::PhiloxCudaState, T3, T4)",32,35.812000000000005,0.04472924511879873,1.1191250000000001,1.12,1.185,1.344,3.7529319781078962,14,15
1,b1_p64_o256,decode_late,triton_per_fused__to_copy_amax_ge_mul_neg_scalar_tensor_unsqueeze_where_1,32,30.531,0.03813326769580152,0.95409375,0.96,1.1024,1.248,4.087648619435983,16,16
1,b1_p64_o256,decode_late,triton_per_fused__softmax_div_ge_mul_neg_scalar_tensor_sub_unsqueeze_where_4,32,22.754,0.028419782291777794,0.7110625,0.704,0.75095,0.768,3.375230728663092,17,17
1,b1_p64_o256,full_request,triton_per_fused__to_copy_add_mean_mul_pow_rsqrt_0,28872,22325.893,3.5253201586258935,0.7732714394569132,0.704,0.96,403.42,1.8069601963961754,4,1
1,b1_p64_o256,full_request,"std::enable_if<!T7, void>::type internal::gemvx::kernel<int, int, __nv_bfloat16, __nv_bfloat16, __nv_bfloat16, float, (bool)0, (bool)1, (bool)1, (bool)0, (int)6, (bool)0, cublasGemvParamsEx<int, cublasGemvTensorStridedBatched<const __nv_bfloat16>, cublasGemvTensorStridedBatched<const __nv_bfloat16>, cublasGemvTensorStridedBatched<__nv_bfloat16>, float>>(T13)",28816,480177.799,75.82140049400543,16.663582697112716,11.073,16.193,1284.087,0.26741906907695245,1,2
1,b1_p64_o256,full_request,triton_poi_fused__to_copy_add_cat_index_mul_split_sub_0,7168,5407.524,0.8538629727130435,0.7543978794642857,0.704,0.769,326.454,6.0370328453465945,6,3
1,b1_p64_o256,full_request,store_kvcache_kernel,7168,5162.763,0.8152145348948817,0.7202515345982142,0.704,0.736,1.249,0.02419247213168608,7,4
1,b1_p64_o256,full_request,triton_poi_fused__to_copy_add_cat_index_mul_split_sub_1,7168,5044.818,0.7965906936846273,0.7037971540178571,0.704,0.705,1.088,0.02156668486355702,8,5
1,b1_p64_o256,full_request,triton_poi_fused_mul_silu_split_0,7168,3673.193,0.5800073183824506,0.5124432198660714,0.512,0.544,1.12,0.030491183011619592,9,6
1,b1_p64_o256,full_request,"void flash::flash_fwd_splitkv_kernel<Flash_fwd_kernel_traits<(int)128, (int)64, (int)128, (int)4, (bool)0, (bool)0, cutlass::bfloat16_t, Flash_kernel_traits<(int)128, (int)64, (int)128, (int)4, cutlass::bfloat16_t>>, (bool)0, (bool)0, (bool)0, (bool)0, (bool)1, (bool)0, (bool)1, (bool)0>(flash::Flash_fwd_params)",7140,61319.647000000004,9.682541598175886,8.588185854341736,8.896,9.184,798.742,1.3025874072627976,2,7
1,b1_p64_o256,full_request,"void flash::flash_fwd_splitkv_combine_kernel<Flash_fwd_kernel_traits<(int)128, (int)64, (int)128, (int)4, (bool)0, (bool)0, cutlass::bfloat16_t, Flash_kernel_traits<(int)128, (int)64, (int)128, (int)4, cutlass::bfloat16_t>>, (int)4, (int)4, (bool)1>(flash::Flash_fwd_params)",7140,28575.505,4.512151152001625,4.002171568627451,3.872,3.904,459.967,1.6096548424953467,3,8
1,b1_p64_o256,full_request,"void at::native::vectorized_elementwise_kernel<(int)4, at::native::FillFunctor<int>, std::array<char *, (unsigned long)1>>(int, T2, T3)",510,268.627,0.042416945125160185,0.5267196078431372,0.512,0.608,0.8,0.2978107189523019,17,9
1,b1_p64_o256,full_request,triton_red_fused__softmax_argmax_clamp_min_div_exponential_5,256,16999.532,2.6842730477480097,66.404421875,64.74,65.197,274.386,1.614079728783122,5,10
1,b1_p64_o256,full_request,triton_red_fused__softmax_div_ge_mul_neg_scalar_tensor_sub_unsqueeze_where_3,256,597.987,0.09442379866714501,2.33588671875,2.336,2.432,2.624,0.4388055258726361,12,11
1,b1_p64_o256,full_request,triton_red_fused__to_copy_amax_ge_mul_neg_scalar_tensor_unsqueeze_where_0,256,410.391,0.06480187221262053,1.60308984375,1.568,1.96075,2.112,0.5146311688121815,13,12
1,b1_p64_o256,full_request,triton_poi_fused__softmax__to_copy_div_ge_mul_neg_scalar_tensor_sub_unsqueeze_where_2,256,353.814,0.0558682076727709,1.3820859375,1.408,1.54475,1.696,0.47934790596188953,14,13
1,b1_p64_o256,full_request,"void at::native::<unnamed>::distribution_elementwise_grid_stride_kernel<unsigned long, (int)2, void at::native::templates::cuda::random_from_to_kernel<at::CUDAGeneratorImpl *>(at::TensorIteratorBase &, unsigned long, long, T1)::[lambda() (instance 1)]::operator ()() const::[lambda() (instance 4)]::operator ()() const::[lambda(curandStatePhilox4_32_10 *) (instance 1)], void at::native::<unnamed>::distribution_nullary_kernel<long, unsigned long, ulonglong2, at::CUDAGeneratorImpl *, void at::native::templates::cuda::random_from_to_kernel<at::CUDAGeneratorImpl *>(at::TensorIteratorBase &, unsigned long, long, T1)::[lambda() (instance 1)]::operator ()() const::[lambda() (instance 4)]::operator ()() const::[lambda(curandStatePhilox4_32_10 *) (instance 1)], void at::native::templates::cuda::random_from_to_kernel<at::CUDAGeneratorImpl *>(at::TensorIteratorBase &, unsigned long, long, T1)::[lambda() (instance 1)]::operator ()() const::[lambda() (instance 4)]::operator ()() const::[lambda(unsigned long) (instance 1)]>(at::TensorIteratorBase &, T4, const T5 &, T6)::[lambda(int, unsigned long) (instance 1)]>(long, at::PhiloxCudaState, T3, T4)",256,280.591,0.044306093764267265,1.09605859375,1.088,1.16,1.344,0.47898899109379844,16,14
1,b1_p64_o256,full_request,triton_per_fused__to_copy_amax_ge_mul_neg_scalar_tensor_unsqueeze_where_1,256,217.842,0.03439785338017082,0.8509453125,0.928,1.024,1.248,0.5728922797256727,18,15
1,b1_p64_o256,full_request,triton_per_fused__softmax_div_ge_mul_neg_scalar_tensor_sub_unsqueeze_where_4,256,177.673,0.028055057351727808,0.69403515625,0.704,0.737,0.928,0.5223078351803595,19,16
1,b1_p64_o256,full_request,"void at::native::<unnamed>::indexSelectSmallIndex<c10::BFloat16, long, unsigned int, (int)2, (int)2, (int)-2>(at::cuda::detail::TensorInfo<T1, T3>, at::cuda::detail::TensorInfo<const T1, T3>, at::cuda::detail::TensorInfo<const T2, T3>, int, int, T3, long)",255,310.039,0.048956014286201825,1.2158392156862745,1.217,1.408,1.632,0.5263853902251007,15,17
1,b1_p64_o256,full_request,void cutlass::Kernel2<cutlass_80_wmma_tensorop_bf16_s161616gemm_bf16_32x32_64x1_tn_align8>(T1::Params),56,898.619,0.14189442167550664,16.046767857142857,16.113,20.281,23.298,2.592644936285567,10,18
1,b1_p64_o256,full_request,void cutlass::Kernel2<cutlass_80_wmma_tensorop_bf16_s161616gemm_bf16_32x32_128x2_tn_align8>(T1::Params),56,852.633,0.1346331052831648,15.225589285714285,15.249,20.32975,23.554,2.7625015686702246,11,19
1,b1_p64_o256,full_request,triton_red_fused__to_copy_add_mean_mul_pow_rsqrt_0,56,64.71000000000001,0.010217887699483359,1.1555357142857143,1.1360000000000001,1.32,1.472,2.2747643331787972,21,20
1,b1_p64_o256,full_request,"void flash::flash_fwd_kernel<Flash_fwd_kernel_traits<(int)128, (int)128, (int)64, (int)4, (bool)0, (bool)0, cutlass::bfloat16_t, Flash_kernel_traits<(int)128, (int)128, (int)64, (int)4, cutlass::bfloat16_t>>, (bool)0, (bool)1, (bool)0, (bool)0, (bool)0, (bool)1, (bool)0, (bool)0>(flash::Flash_fwd_params)",28,176.075,0.02780272873878121,6.288392857142857,5.952,7.98755,8.449,4.798523356524209,20,21
1,b1_p64_o256,full_request,"void at::native::index_elementwise_kernel<(int)128, (int)4, void at::native::gpu_index_kernel<void at::native::index_kernel_impl<at::native::OpaqueType<(int)2>>(at::TensorIteratorBase &, c10::ArrayRef<long>, c10::ArrayRef<long>)::[lambda(char *, const char *, long) (instance 1)]>(at::TensorIteratorBase &, c10::ArrayRef<long>, c10::ArrayRef<long>, const T1 &, bool)::[lambda(int) (instance 1)]>(long, T3)",1,2.4,0.00037896662770452877,2.4,2.4,2.4,2.4,100.0,22,22
1,b1_p64_o256,full_request,"void at::native::vectorized_gather_kernel<(int)16, long>(char *, char *, T2 *, int, long, long, long, long, bool)",1,1.408,0.00022232708825332351,1.408,1.408,1.408,1.408,100.0,23,23
1,b1_p64_o256,full_request,"void at::native::unrolled_elementwise_kernel<at::native::direct_copy_kernel_cuda(at::TensorIteratorBase &)::[lambda() (instance 3)]::operator ()() const::[lambda() (instance 4)]::operator ()() const::[lambda(long) (instance 1)], std::array<char *, (unsigned long)2>, (int)4, TrivialOffsetCalculator<(int)1, unsigned int>, TrivialOffsetCalculator<(int)1, unsigned int>, at::native::memory::LoadWithCast<(int)1>, at::native::memory::StoreWithCast<(int)1>>(int, T1, T2, T4, T5, T6, T7)",1,0.928,0.00014653376271241781,0.928,0.928,0.928,0.928,100.00000000000001,24,24
1,b1_p64_o256,full_request,"void at::native::unrolled_elementwise_kernel<at::native::CUDAFunctorOnSelf_add<int>, std::array<char *, (unsigned long)2>, (int)4, TrivialOffsetCalculator<(int)1, unsigned int>, TrivialOffsetCalculator<(int)1, unsigned int>, at::native::memory::LoadWithoutCast, at::native::memory::StoreWithoutCast>(int, T1, T2, T4, T5, T6, T7)",1,0.736,0.00011621643249605548,0.736,0.736,0.736,0.736,100.0,25,25
1,b1_p64_o256,prefill,triton_per_fused__to_copy_add_mean_mul_pow_rsqrt_0,57,66.95100000000001,2.585394957107027,1.1745789473684212,1.152,1.3511999999999997,1.504,2.24641902286747,5,1
1,b1_p64_o256,prefill,void cutlass::Kernel2<cutlass_80_wmma_tensorop_bf16_s161616gemm_bf16_32x32_64x1_tn_align8>(T1::Params),56,898.619,34.701274528544154,16.046767857142857,16.113,20.281,23.298,2.592644936285567,1,2
1,b1_p64_o256,prefill,void cutlass::Kernel2<cutlass_80_wmma_tensorop_bf16_s161616gemm_bf16_32x32_128x2_tn_align8>(T1::Params),56,852.633,32.925468752715204,15.225589285714285,15.249,20.32975,23.554,2.7625015686702246,2,3
1,b1_p64_o256,prefill,triton_red_fused__to_copy_add_mean_mul_pow_rsqrt_0,56,64.71000000000001,2.4988559943002455,1.1555357142857143,1.1360000000000001,1.32,1.472,2.2747643331787972,7,4
1,b1_p64_o256,prefill,"void flash::flash_fwd_kernel<Flash_fwd_kernel_traits<(int)128, (int)128, (int)64, (int)4, (bool)0, (bool)0, cutlass::bfloat16_t, Flash_kernel_traits<(int)128, (int)128, (int)64, (int)4, cutlass::bfloat16_t>>, (bool)0, (bool)1, (bool)0, (bool)0, (bool)0, (bool)1, (bool)0, (bool)0>(flash::Flash_fwd_params)",28,176.075,6.799352019725168,6.288392857142857,5.952,7.98755,8.449,4.798523356524209,4,5
1,b1_p64_o256,prefill,triton_poi_fused__to_copy_add_cat_index_mul_split_sub_0,28,34.562999999999995,1.334692624493886,1.234392857142857,1.152,1.6947499999999998,1.952,5.6476579000665454,8,6
1,b1_p64_o256,prefill,triton_poi_fused_mul_silu_split_0,28,27.936,1.078782893784139,0.9977142857142857,0.992,1.0448,1.12,4.009163802978237,9,7
1,b1_p64_o256,prefill,triton_poi_fused__to_copy_add_cat_index_mul_split_sub_1,28,26.817,1.0355713367199764,0.95775,0.96,1.056,1.056,3.9378006488421526,10,8
1,b1_p64_o256,prefill,store_kvcache_kernel,28,23.685000000000002,0.914625316411703,0.8458928571428572,0.8,1.1827499999999997,1.249,5.273379776229681,11,9
1,b1_p64_o256,prefill,"std::enable_if<!T7, void>::type internal::gemvx::kernel<int, int, __nv_bfloat16, __nv_bfloat16, __nv_bfloat16, float, (bool)0, (bool)1, (bool)1, (bool)0, (int)6, (bool)0, cublasGemvParamsEx<int, cublasGemvTensorStridedBatched<const __nv_bfloat16>, cublasGemvTensorStridedBatched<const __nv_bfloat16>, cublasGemvTensorStridedBatched<__nv_bfloat16>, float>>(T13)",1,339.063,13.093333487798237,339.063,339.063,339.063,339.063,99.99999999999999,3,10
1,b1_p64_o256,prefill,triton_red_fused__softmax_argmax_clamp_min_div_exponential_5,1,65.028,2.5111359542166025,65.028,65.028,65.028,65.028,100.0,6,11
1,b1_p64_o256,prefill,triton_red_fused__softmax_div_ge_mul_neg_scalar_tensor_sub_unsqueeze_where_3,1,2.401,0.09271755899111246,2.401,2.401,2.401,2.401,100.0,12,12
1,b1_p64_o256,prefill,"void at::native::index_elementwise_kernel<(int)128, (int)4, void at::native::gpu_index_kernel<void at::native::index_kernel_impl<at::native::OpaqueType<(int)2>>(at::TensorIteratorBase &, c10::ArrayRef<long>, c10::ArrayRef<long>)::[lambda(char *, const char *, long) (instance 1)]>(at::TensorIteratorBase &, c10::ArrayRef<long>, c10::ArrayRef<long>, const T1 &, bool)::[lambda(int) (instance 1)]>(long, T3)",1,2.4,0.0926789427649604,2.4,2.4,2.4,2.4,100.0,13,13
1,b1_p64_o256,prefill,triton_red_fused__to_copy_amax_ge_mul_neg_scalar_tensor_unsqueeze_where_0,1,1.6,0.06178596184330694,1.6,1.6,1.6,1.6,100.0,14,14
1,b1_p64_o256,prefill,"void at::native::vectorized_gather_kernel<(int)16, long>(char *, char *, T2 *, int, long, long, long, long, bool)",1,1.408,0.0543716464221101,1.408,1.408,1.408,1.408,100.0,15,15
1,b1_p64_o256,prefill,triton_poi_fused__softmax__to_copy_div_ge_mul_neg_scalar_tensor_sub_unsqueeze_where_2,1,1.312,0.0506644887115117,1.312,1.312,1.312,1.312,100.00000000000001,16,16
1,b1_p64_o256,prefill,"void at::native::<unnamed>::distribution_elementwise_grid_stride_kernel<unsigned long, (int)2, void at::native::templates::cuda::random_from_to_kernel<at::CUDAGeneratorImpl *>(at::TensorIteratorBase &, unsigned long, long, T1)::[lambda() (instance 1)]::operator ()() const::[lambda() (instance 4)]::operator ()() const::[lambda(curandStatePhilox4_32_10 *) (instance 1)], void at::native::<unnamed>::distribution_nullary_kernel<long, unsigned long, ulonglong2, at::CUDAGeneratorImpl *, void at::native::templates::cuda::random_from_to_kernel<at::CUDAGeneratorImpl *>(at::TensorIteratorBase &, unsigned long, long, T1)::[lambda() (instance 1)]::operator ()() const::[lambda() (instance 4)]::operator ()() const::[lambda(curandStatePhilox4_32_10 *) (instance 1)], void at::native::templates::cuda::random_from_to_kernel<at::CUDAGeneratorImpl *>(at::TensorIteratorBase &, unsigned long, long, T1)::[lambda() (instance 1)]::operator ()() const::[lambda() (instance 4)]::operator ()() const::[lambda(unsigned long) (instance 1)]>(at::TensorIteratorBase &, T4, const T5 &, T6)::[lambda(int, unsigned long) (instance 1)]>(long, at::PhiloxCudaState, T3, T4)",1,1.248,0.04819305023777941,1.248,1.248,1.248,1.248,100.0,17,17
1,b1_p64_o256,prefill,"void at::native::unrolled_elementwise_kernel<at::native::direct_copy_kernel_cuda(at::TensorIteratorBase &)::[lambda() (instance 3)]::operator ()() const::[lambda() (instance 4)]::operator ()() const::[lambda(long) (instance 1)], std::array<char *, (unsigned long)2>, (int)4, TrivialOffsetCalculator<(int)1, unsigned int>, TrivialOffsetCalculator<(int)1, unsigned int>, at::native::memory::LoadWithCast<(int)1>, at::native::memory::StoreWithCast<(int)1>>(int, T1, T2, T4, T5, T6, T7)",1,0.928,0.035835857869118026,0.928,0.928,0.928,0.928,100.00000000000001,18,18
1,b1_p64_o256,prefill,triton_per_fused__to_copy_amax_ge_mul_neg_scalar_tensor_unsqueeze_where_1,1,0.768,0.02965726168478733,0.768,0.768,0.768,0.768,100.0,19,19
1,b1_p64_o256,prefill,"void at::native::unrolled_elementwise_kernel<at::native::CUDAFunctorOnSelf_add<int>, std::array<char *, (unsigned long)2>, (int)4, TrivialOffsetCalculator<(int)1, unsigned int>, TrivialOffsetCalculator<(int)1, unsigned int>, at::native::memory::LoadWithoutCast, at::native::memory::StoreWithoutCast>(int, T1, T2, T4, T5, T6, T7)",1,0.736,0.02842154244792119,0.736,0.736,0.736,0.736,100.0,20,20
1,b1_p64_o256,prefill,triton_per_fused__softmax_div_ge_mul_neg_scalar_tensor_sub_unsqueeze_where_4,1,0.704,0.02718582321105505,0.704,0.704,0.704,0.704,100.0,21,21
1,b4_p256_o256,decode_all,void cutlass::Kernel2<cutlass_80_wmma_tensorop_bf16_s161616gemm_bf16_16x16_128x2_tn_align8>(T1::Params),28815,490324.67100000003,68.92387784443652,17.016299531494013,11.297,16.129,1362.812,0.2779407361291025,1,1
1,b4_p256_o256,decode_all,triton_per_fused__to_copy_add_mean_mul_pow_rsqrt_0,14535,13972.222,1.9640450079317922,0.9612811833505333,0.896,1.024,333.014,2.3834004355212794,5,2
1,b4_p256_o256,decode_all,triton_red_fused__to_copy_add_mean_mul_pow_rsqrt_0,14280,13271.706,1.865574989864777,0.9293911764705882,0.833,0.992,541.989,4.083792995414456,6,3
1,b4_p256_o256,decode_all,"void flash::flash_fwd_splitkv_kernel<Flash_fwd_kernel_traits<(int)128, (int)64, (int)128, (int)4, (bool)0, (bool)0, cutlass::bfloat16_t, Flash_kernel_traits<(int)128, (int)64, (int)128, (int)4, cutlass::bfloat16_t>>, (bool)0, (bool)0, (bool)0, (bool)0, (bool)1, (bool)0, (bool)1, (bool)0>(flash::Flash_fwd_params)",7140,120877.69,16.991515280449075,16.929648459383753,15.745,16.641,778.933,0.6443976551835165,2,4
1,b4_p256_o256,decode_all,"void flash::flash_fwd_splitkv_combine_kernel<Flash_fwd_kernel_traits<(int)128, (int)64, (int)128, (int)4, (bool)0, (bool)0, cutlass::bfloat16_t, Flash_kernel_traits<(int)128, (int)64, (int)128, (int)4, cutlass::bfloat16_t>>, (int)4, (int)3, (bool)1>(flash::Flash_fwd_params)",7140,18881.21,2.654090827086188,2.6444271708683473,2.432,2.464,536.037,2.8389970769881807,4,5
1,b4_p256_o256,decode_all,"void cublasLt::splitKreduce_kernel<(int)32, (int)16, int, __nv_bfloat16, __nv_bfloat16, float, __nv_bfloat16, (bool)0, __nv_bfloat16, __nv_bfloat16, __nv_bfloat16, (bool)1, (bool)0, (bool)0>(cublasLt::cublasSplitKParams<T6>, const T4 *, const T10 *, T9 *, T5 *, const T6 *, const T6 *, const T11 *, const T4 *, T11 *, void *, long, T6 *, int *, T6 *, T6 *, const T6 *, const T6 *, const T6 *, const T6 *, const T6 *)",7140,7055.276,0.9917448783293726,0.988133893557423,0.864,0.928,356.248,5.049384318912541,7,6
1,b4_p256_o256,decode_all,triton_poi_fused__to_copy_add_cat_index_mul_split_sub_0,7140,6727.801,0.9457124262990183,0.9422690476190476,0.8,0.96,486.881,7.236851981799104,8,7
1,b4_p256_o256,decode_all,triton_poi_fused__to_copy_add_cat_index_mul_split_sub_1,7140,5976.158,0.8400555964907833,0.836996918767507,0.8,0.832,285.075,4.770205205417929,9,8
1,b4_p256_o256,decode_all,store_kvcache_kernel,7140,5689.763,0.7997976711553122,0.7968855742296919,0.768,0.769,284.692,5.003582750283272,10,9
1,b4_p256_o256,decode_all,triton_poi_fused_mul_silu_split_0,7140,4579.193,0.6436872497449732,0.6413435574229692,0.64,0.736,1.281,0.027974361421324673,11,10
1,b4_p256_o256,decode_all,"void at::native::vectorized_elementwise_kernel<(int)4, at::native::FillFunctor<int>, std::array<char *, (unsigned long)1>>(int, T2, T3)",510,275.056,0.03866402664527425,0.5393254901960784,0.544,0.609,0.832,0.30248385783258686,16,11
1,b4_p256_o256,decode_all,triton_red_fused__softmax__to_copy_argmax_clamp_min_div_exponential_ge_mul_neg_scalar_tensor_sub_unsqueeze_where_4,255,20390.339,2.8662258245672687,79.9621137254902,73.957,74.373,489.345,2.3998865345004807,3,12
1,b4_p256_o256,decode_all,triton_red_fused__softmax__to_copy_div_ge_mul_neg_scalar_tensor_sub_unsqueeze_where_2,255,984.739,0.13842263006311706,3.861721568627451,3.008,3.232,220.334,22.374862780899306,12,13
1,b4_p256_o256,decode_all,triton_red_fused__to_copy_amax_ge_mul_neg_scalar_tensor_unsqueeze_where_0,255,873.8439999999999,0.12283435991148359,3.4268392156862744,3.393,3.8591999999999986,5.281,0.6043412783059677,13,14
1,b4_p256_o256,decode_all,"void at::native::<unnamed>::indexSelectSmallIndex<c10::BFloat16, long, unsigned int, (int)2, (int)2, (int)-2>(at::cuda::detail::TensorInfo<T1, T3>, at::cuda::detail::TensorInfo<const T1, T3>, at::cuda::detail::TensorInfo<const T2, T3>, int, int, T3, long)",255,652.976,0.09178742315282923,2.5606901960784314,2.529,2.7622999999999993,2.88,0.44105755801132046,14,15
1,b4_p256_o256,decode_all,"void at::native::<unnamed>::distribution_elementwise_grid_stride_kernel<unsigned long, (int)2, void at::native::templates::cuda::random_from_to_kernel<at::CUDAGeneratorImpl *>(at::TensorIteratorBase &, unsigned long, long, T1)::[lambda() (instance 1)]::operator ()() const::[lambda() (instance 4)]::operator ()() const::[lambda(curandStatePhilox4_32_10 *) (instance 1)], void at::native::<unnamed>::distribution_nullary_kernel<long, unsigned long, ulonglong2, at::CUDAGeneratorImpl *, void at::native::templates::cuda::random_from_to_kernel<at::CUDAGeneratorImpl *>(at::TensorIteratorBase &, unsigned long, long, T1)::[lambda() (instance 1)]::operator ()() const::[lambda() (instance 4)]::operator ()() const::[lambda(curandStatePhilox4_32_10 *) (instance 1)], void at::native::templates::cuda::random_from_to_kernel<at::CUDAGeneratorImpl *>(at::TensorIteratorBase &, unsigned long, long, T1)::[lambda() (instance 1)]::operator ()() const::[lambda() (instance 4)]::operator ()() const::[lambda(unsigned long) (instance 1)]>(at::TensorIteratorBase &, T4, const T5 &, T6)::[lambda(int, unsigned long) (instance 1)]>(long, at::PhiloxCudaState, T3, T4)",255,286.73900000000003,0.040306280670988064,1.1244666666666667,1.12,1.217,1.376,0.4798789142739564,15,16
1,b4_p256_o256,decode_all,triton_per_fused__to_copy_amax_ge_mul_neg_scalar_tensor_unsqueeze_where_1,255,213.814,0.03005537124488347,0.838486274509804,0.832,0.897,1.056,0.4938872103791146,17,17
1,b4_p256_o256,decode_all,"void at::native::elementwise_kernel<(int)128, (int)2, void at::native::gpu_kernel_impl_nocast<at::native::direct_copy_kernel_cuda(at::TensorIteratorBase &)::[lambda() (instance 3)]::operator ()() const::[lambda() (instance 3)]::operator ()() const::[lambda(int) (instance 1)]>(at::TensorIteratorBase &, const T1 &)::[lambda(int) (instance 1)]>(int, T3)",255,202.03300000000002,0.028399341571260738,0.7922862745098039,0.768,0.9283,1.152,0.570203877584355,18,18
1,b4_p256_o256,decode_all,triton_per_fused__softmax__to_copy_div_ge_mul_neg_scalar_tensor_sub_unsqueeze_where_3,255,165.066,0.023202970385044642,0.6473176470588236,0.64,0.673,0.864,0.523426992839228,19,19
1,b4_p256_o256,decode_early,void cutlass::Kernel2<cutlass_80_wmma_tensorop_bf16_s161616gemm_bf16_16x16_128x2_tn_align8>(T1::Params),3616,62077.0,70.90619793181251,17.167311946902654,11.297,16.161,793.686,1.2785508320311871,1,1
1,b4_p256_o256,decode_early,triton_per_fused__to_copy_add_mean_mul_pow_rsqrt_0,1824,1635.374,1.867972881043542,0.8965866228070175,0.896,1.024,1.312,0.08022629685931171,6,2
1,b4_p256_o256,decode_early,triton_red_fused__to_copy_add_mean_mul_pow_rsqrt_0,1792,2167.241,2.475487206403971,1.2093978794642857,0.833,1.024,387.066,17.859850381198953,5,3
1,b4_p256_o256,decode_early,"void flash::flash_fwd_splitkv_kernel<Flash_fwd_kernel_traits<(int)128, (int)64, (int)128, (int)4, (bool)0, (bool)0, cutlass::bfloat16_t, Flash_kernel_traits<(int)128, (int)64, (int)128, (int)4, cutlass::bfloat16_t>>, (bool)0, (bool)0, (bool)0, (bool)0, (bool)1, (bool)0, (bool)1, (bool)0>(flash::Flash_fwd_params)",896,12696.262,14.50204852628429,14.169935267857143,12.577,12.833,411.708,3.2427497164125945,2,4
1,b4_p256_o256,decode_early,"void flash::flash_fwd_splitkv_combine_kernel<Flash_fwd_kernel_traits<(int)128, (int)64, (int)128, (int)4, (bool)0, (bool)0, cutlass::bfloat16_t, Flash_kernel_traits<(int)128, (int)64, (int)128, (int)4, cutlass::bfloat16_t>>, (int)4, (int)3, (bool)1>(flash::Flash_fwd_params)",896,2467.636,2.818607320580346,2.7540580357142854,2.432,2.464,290.804,11.784720274789311,4,5
1,b4_p256_o256,decode_early,"void cublasLt::splitKreduce_kernel<(int)32, (int)16, int, __nv_bfloat16, __nv_bfloat16, float, __nv_bfloat16, (bool)0, __nv_bfloat16, __nv_bfloat16, __nv_bfloat16, (bool)1, (bool)0, (bool)0>(cublasLt::cublasSplitKParams<T6>, const T4 *, const T10 *, T9 *, T5 *, const T6 *, const T6 *, const T11 *, const T4 *, T11 *, void *, long, T6 *, int *, T6 *, T6 *, const T6 *, const T6 *, const T6 *, const T6 *, const T6 *)",896,782.644,0.8939592824096763,0.8734866071428571,0.864,0.928,1.248,0.15945947327265014,7,6
1,b4_p256_o256,decode_early,triton_poi_fused__to_copy_add_cat_index_mul_split_sub_0,896,738.575,0.843622358320931,0.8243024553571429,0.8,0.96,1.472,0.1993027113021697,8,7
1,b4_p256_o256,decode_early,triton_poi_fused__to_copy_add_cat_index_mul_split_sub_1,896,713.615,0.8151123030608823,0.7964453125000001,0.8,0.801,0.992,0.13901053088850432,9,8
1,b4_p256_o256,decode_early,store_kvcache_kernel,896,677.801,0.7742044857899135,0.7564743303571428,0.768,0.769,1.088,0.16051909041149245,10,9
1,b4_p256_o256,decode_early,triton_poi_fused_mul_silu_split_0,896,574.201,0.6558694807842629,0.6408493303571429,0.64,0.7042499999999999,1.088,0.18948068707647672,11,10
1,b4_p256_o256,decode_early,"void at::native::vectorized_elementwise_kernel<(int)4, at::native::FillFunctor<int>, std::array<char *, (unsigned long)1>>(int, T2, T3)",64,34.208999999999996,0.0390745384772037,0.5345156249999999,0.528,0.608,0.608,1.7773100646028823,16,11
1,b4_p256_o256,decode_early,triton_red_fused__softmax__to_copy_argmax_clamp_min_div_exponential_ge_mul_neg_scalar_tensor_sub_unsqueeze_where_4,32,2589.134,2.9573859541534784,80.9104375,74.053,74.4306,294.323,11.367623305707623,3,12
1,b4_p256_o256,decode_early,triton_red_fused__to_copy_amax_ge_mul_neg_scalar_tensor_unsqueeze_where_0,32,108.872,0.12435684039551352,3.40225,3.408,3.7632,4.256,3.90917775001837,12,13
1,b4_p256_o256,decode_early,triton_red_fused__softmax__to_copy_div_ge_mul_neg_scalar_tensor_sub_unsqueeze_where_2,32,95.334,0.10889333366031564,2.9791875,2.9924999999999997,3.19725,3.264,3.4237522814525767,13,14
1,b4_p256_o256,decode_early,"void at::native::<unnamed>::indexSelectSmallIndex<c10::BFloat16, long, unsigned int, (int)2, (int)2, (int)-2>(at::cuda::detail::TensorInfo<T1, T3>, at::cuda::detail::TensorInfo<const T1, T3>, at::cuda::detail::TensorInfo<const T2, T3>, int, int, T3, long)",32,81.642,0.09325392353929858,2.5513125,2.5445,2.72045,2.753,3.3720389015457735,14,15
1,b4_p256_o256,decode_early,"void at::native::<unnamed>::distribution_elementwise_grid_stride_kernel<unsigned long, (int)2, void at::native::templates::cuda::random_from_to_kernel<at::CUDAGeneratorImpl *>(at::TensorIteratorBase &, unsigned long, long, T1)::[lambda() (instance 1)]::operator ()() const::[lambda() (instance 4)]::operator ()() const::[lambda(curandStatePhilox4_32_10 *) (instance 1)], void at::native::<unnamed>::distribution_nullary_kernel<long, unsigned long, ulonglong2, at::CUDAGeneratorImpl *, void at::native::templates::cuda::random_from_to_kernel<at::CUDAGeneratorImpl *>(at::TensorIteratorBase &, unsigned long, long, T1)::[lambda() (instance 1)]::operator ()() const::[lambda() (instance 4)]::operator ()() const::[lambda(curandStatePhilox4_32_10 *) (instance 1)], void at::native::templates::cuda::random_from_to_kernel<at::CUDAGeneratorImpl *>(at::TensorIteratorBase &, unsigned long, long, T1)::[lambda() (instance 1)]::operator ()() const::[lambda() (instance 4)]::operator ()() const::[lambda(unsigned long) (instance 1)]>(at::TensorIteratorBase &, T4, const T5 &, T6)::[lambda(int, unsigned long) (instance 1)]>(long, at::PhiloxCudaState, T3, T4)",32,35.713,0.04079245206338613,1.11603125,1.12,1.152,1.248,3.4945258029289055,15,16
1,b4_p256_o256,decode_early,triton_per_fused__to_copy_amax_ge_mul_neg_scalar_tensor_unsqueeze_where_1,32,26.849999999999998,0.03066886954055715,0.8390624999999999,0.832,0.864,1.056,3.9329608938547493,17,17
1,b4_p256_o256,decode_early,"void at::native::elementwise_kernel<(int)128, (int)2, void at::native::gpu_kernel_impl_nocast<at::native::direct_copy_kernel_cuda(at::TensorIteratorBase &)::[lambda() (instance 3)]::operator ()() const::[lambda() (instance 3)]::operator ()() const::[lambda(int) (instance 1)]>(at::TensorIteratorBase &, const T1 &)::[lambda(int) (instance 1)]>(int, T3)",32,25.378,0.02898750730727223,0.7930625,0.768,0.9248,0.96,3.7828040034675703,18,18
1,b4_p256_o256,decode_early,triton_per_fused__softmax__to_copy_div_ge_mul_neg_scalar_tensor_sub_unsqueeze_where_3,32,20.578,0.023504804372647483,0.6430625,0.64,0.672,0.704,3.4211293614539797,19,19
1,b4_p256_o256,decode_late,void cutlass::Kernel2<cutlass_80_wmma_tensorop_bf16_s161616gemm_bf16_16x16_128x2_tn_align8>(T1::Params),3616,60196.026,64.81803826347256,16.647131084070796,11.297,16.161,1230.836,2.044713051323355,1,1
1,b4_p256_o256,decode_late,triton_per_fused__to_copy_add_mean_mul_pow_rsqrt_0,1824,1652.2830000000001,1.7791497185559266,0.9058569078947368,0.896,1.024,1.28,0.07746856924630949,6,2
1,b4_p256_o256,decode_late,triton_red_fused__to_copy_add_mean_mul_pow_rsqrt_0,1792,2069.42,2.2283156157716357,1.1548102678571428,0.864,0.9924499999999998,541.989,26.190381846121134,5,3
1,b4_p256_o256,decode_late,"void flash::flash_fwd_splitkv_kernel<Flash_fwd_kernel_traits<(int)128, (int)64, (int)128, (int)4, (bool)0, (bool)0, cutlass::bfloat16_t, Flash_kernel_traits<(int)128, (int)64, (int)128, (int)4, cutlass::bfloat16_t>>, (bool)0, (bool)0, (bool)0, (bool)0, (bool)1, (bool)0, (bool)1, (bool)0>(flash::Flash_fwd_params)",896,18697.768,20.133432756267545,20.868044642857143,16.545,16.929,778.933,4.16591434870729,2,4
1,b4_p256_o256,decode_late,"void flash::flash_fwd_splitkv_combine_kernel<Flash_fwd_kernel_traits<(int)128, (int)64, (int)128, (int)4, (bool)0, (bool)0, cutlass::bfloat16_t, Flash_kernel_traits<(int)128, (int)64, (int)128, (int)4, cutlass::bfloat16_t>>, (int)4, (int)3, (bool)1>(flash::Flash_fwd_params)",896,2715.84,2.9243694764413406,3.0310714285714284,2.432,2.464,536.037,19.737429303640862,4,5
1,b4_p256_o256,decode_late,"void cublasLt::splitKreduce_kernel<(int)32, (int)16, int, __nv_bfloat16, __nv_bfloat16, float, __nv_bfloat16, (bool)0, __nv_bfloat16, __nv_bfloat16, __nv_bfloat16, (bool)1, (bool)0, (bool)0>(cublasLt::cublasSplitKParams<T6>, const T4 *, const T10 *, T9 *, T5 *, const T6 *, const T6 *, const T11 *, const T4 *, T11 *, void *, long, T6 *, int *, T6 *, T6 *, const T6 *, const T6 *, const T6 *, const T6 *, const T6 *)",896,1139.019,1.2264759325611003,1.2712265624999999,0.864,0.928,356.248,31.276739018400917,7,6
1,b4_p256_o256,decode_late,triton_poi_fused__to_copy_add_cat_index_mul_split_sub_0,896,740.143,0.796973163883632,0.8260524553571429,0.8,0.96,1.44,0.19455699776934998,8,7
1,b4_p256_o256,decode_late,triton_poi_fused__to_copy_add_cat_index_mul_split_sub_1,896,714.919,0.7698123975373978,0.7979006696428572,0.8,0.832,1.056,0.1477090411641039,9,8
1,b4_p256_o256,decode_late,store_kvcache_kernel,896,680.313,0.7325492560777651,0.7592779017857143,0.768,0.77675,1.376,0.20225984216088772,10,9
1,b4_p256_o256,decode_late,triton_poi_fused_mul_silu_split_0,896,573.357,0.617380887645803,0.6399073660714286,0.64,0.736,1.185,0.20667751505606455,11,10
1,b4_p256_o256,decode_late,"void at::native::vectorized_elementwise_kernel<(int)4, at::native::FillFunctor<int>, std::array<char *, (unsigned long)1>>(int, T2, T3)",64,34.626,0.037284677113253305,0.54103125,0.528,0.60885,0.736,2.1255703806388264,16,11
1,b4_p256_o256,decode_late,triton_red_fused__softmax__to_copy_argmax_clamp_min_div_exponential_ge_mul_neg_scalar_tensor_sub_unsqueeze_where_4,32,3040.494,3.2739512809675966,95.0154375,73.957,224.90814999999975,411.74,13.5418783921297,3,12
1,b4_p256_o256,decode_late,triton_red_fused__softmax__to_copy_div_ge_mul_neg_scalar_tensor_sub_unsqueeze_where_2,32,314.134,0.33825405072184817,9.8166875,3.009,3.2293499999999997,220.334,70.140131281555,12,13
1,b4_p256_o256,decode_late,triton_red_fused__to_copy_amax_ge_mul_neg_scalar_tensor_unsqueeze_where_0,32,109.509,0.11791739461662497,3.42215625,3.3925,3.6304000000000003,3.68,3.3604543918764667,13,14
1,b4_p256_o256,decode_late,"void at::native::<unnamed>::indexSelectSmallIndex<c10::BFloat16, long, unsigned int, (int)2, (int)2, (int)-2>(at::cuda::detail::TensorInfo<T1, T3>, at::cuda::detail::TensorInfo<const T1, T3>, at::cuda::detail::TensorInfo<const T2, T3>, int, int, T3, long)",32,81.761,0.08803882878347782,2.55503125,2.528,2.72,2.816,3.4441848803219135,14,15
1,b4_p256_o256,decode_late,"void at::native::<unnamed>::distribution_elementwise_grid_stride_kernel<unsigned long, (int)2, void at::native::templates::cuda::random_from_to_kernel<at::CUDAGeneratorImpl *>(at::TensorIteratorBase &, unsigned long, long, T1)::[lambda() (instance 1)]::operator ()() const::[lambda() (instance 4)]::operator ()() const::[lambda(curandStatePhilox4_32_10 *) (instance 1)], void at::native::<unnamed>::distribution_nullary_kernel<long, unsigned long, ulonglong2, at::CUDAGeneratorImpl *, void at::native::templates::cuda::random_from_to_kernel<at::CUDAGeneratorImpl *>(at::TensorIteratorBase &, unsigned long, long, T1)::[lambda() (instance 1)]::operator ()() const::[lambda() (instance 4)]::operator ()() const::[lambda(curandStatePhilox4_32_10 *) (instance 1)], void at::native::templates::cuda::random_from_to_kernel<at::CUDAGeneratorImpl *>(at::TensorIteratorBase &, unsigned long, long, T1)::[lambda() (instance 1)]::operator ()() const::[lambda() (instance 4)]::operator ()() const::[lambda(unsigned long) (instance 1)]>(at::TensorIteratorBase &, T4, const T5 &, T6)::[lambda(int, unsigned long) (instance 1)]>(long, at::PhiloxCudaState, T3, T4)",32,36.515,0.039318719597713984,1.14109375,1.12,1.23095,1.376,3.768314391346022,15,16
1,b4_p256_o256,decode_late,triton_per_fused__to_copy_amax_ge_mul_neg_scalar_tensor_unsqueeze_where_1,32,27.009,0.029082823431867917,0.84403125,0.8485,0.896,0.928,3.4358917397904407,17,17
1,b4_p256_o256,decode_late,"void at::native::elementwise_kernel<(int)128, (int)2, void at::native::gpu_kernel_impl_nocast<at::native::direct_copy_kernel_cuda(at::TensorIteratorBase &)::[lambda() (instance 3)]::operator ()() const::[lambda() (instance 3)]::operator ()() const::[lambda(int) (instance 1)]>(at::TensorIteratorBase &, const T1 &)::[lambda(int) (instance 1)]>(int, T3)",32,25.313,0.027256600004845515,0.79103125,0.768,0.9104,0.96,3.792517678663138,18,18
1,b4_p256_o256,decode_late,triton_per_fused__softmax__to_copy_div_ge_mul_neg_scalar_tensor_sub_unsqueeze_where_3,32,20.801000000000002,0.02239815654805008,0.6500312500000001,0.64,0.67245,0.736,3.538291428296716,19,19
1,b4_p256_o256,full_request,void cutlass::Kernel2<cutlass_80_wmma_tensorop_bf16_s161616gemm_bf16_16x16_128x2_tn_align8>(T1::Params),28816,491114.228,67.60141356007847,17.04310896724042,11.297,16.129,1362.812,0.2774938949640856,1,1
1,b4_p256_o256,full_request,triton_per_fused__to_copy_add_mean_mul_pow_rsqrt_0,14592,14172.65,1.9508519999388942,0.9712616502192982,0.896,1.024,333.014,2.3496946583736986,5,2
1,b4_p256_o256,full_request,triton_red_fused__to_copy_add_mean_mul_pow_rsqrt_0,14336,13496.327,1.857756772359389,0.9414290597098214,0.833,0.99225,541.989,4.015825935456365,6,3
1,b4_p256_o256,full_request,triton_poi_fused__to_copy_add_cat_index_mul_split_sub_0,7168,6956.839,0.9576023733319385,0.9705411551339286,0.8,0.96,486.881,6.998595195317874,9,4
1,b4_p256_o256,full_request,triton_poi_fused__to_copy_add_cat_index_mul_split_sub_1,7168,6095.526,0.8390434454939287,0.8503803013392858,0.8,0.832,285.075,4.67679081345892,10,5
1,b4_p256_o256,full_request,store_kvcache_kernel,7168,5777.928,0.7953263782216408,0.8060725446428572,0.768,0.769,284.692,4.927233430392349,11,6
1,b4_p256_o256,full_request,triton_poi_fused_mul_silu_split_0,7168,4715.938,0.6491444492658627,0.6579154575892857,0.64,0.736,10.592,0.22460006895764958,12,7
1,b4_p256_o256,full_request,"void flash::flash_fwd_splitkv_kernel<Flash_fwd_kernel_traits<(int)128, (int)64, (int)128, (int)4, (bool)0, (bool)0, cutlass::bfloat16_t, Flash_kernel_traits<(int)128, (int)64, (int)128, (int)4, cutlass::bfloat16_t>>, (bool)0, (bool)0, (bool)0, (bool)0, (bool)1, (bool)0, (bool)1, (bool)0>(flash::Flash_fwd_params)",7140,120877.69,16.638700827614716,16.929648459383753,15.745,16.641,778.933,0.6443976551835165,2,8
1,b4_p256_o256,full_request,"void flash::flash_fwd_splitkv_combine_kernel<Flash_fwd_kernel_traits<(int)128, (int)64, (int)128, (int)4, (bool)0, (bool)0, cutlass::bfloat16_t, Flash_kernel_traits<(int)128, (int)64, (int)128, (int)4, cutlass::bfloat16_t>>, (int)4, (int)3, (bool)1>(flash::Flash_fwd_params)",7140,18881.21,2.5989808744141887,2.6444271708683473,2.432,2.464,536.037,2.8389970769881807,4,9
1,b4_p256_o256,full_request,"void cublasLt::splitKreduce_kernel<(int)32, (int)16, int, __nv_bfloat16, __nv_bfloat16, float, __nv_bfloat16, (bool)0, __nv_bfloat16, __nv_bfloat16, __nv_bfloat16, (bool)1, (bool)0, (bool)0>(cublasLt::cublasSplitKParams<T6>, const T4 *, const T10 *, T9 *, T5 *, const T6 *, const T6 *, const T11 *, const T4 *, T11 *, void *, long, T6 *, int *, T6 *, T6 *, const T6 *, const T6 *, const T6 *, const T6 *, const T6 *)",7140,7055.276,0.9711521341965604,0.988133893557423,0.864,0.928,356.248,5.049384318912541,8,10
1,b4_p256_o256,full_request,"void at::native::vectorized_elementwise_kernel<(int)4, at::native::FillFunctor<int>, std::array<char *, (unsigned long)1>>(int, T2, T3)",510,275.056,0.03786120081249396,0.5393254901960784,0.544,0.609,0.832,0.30248385783258686,20,11
1,b4_p256_o256,full_request,triton_red_fused__softmax__to_copy_argmax_clamp_min_div_exponential_ge_mul_neg_scalar_tensor_sub_unsqueeze_where_4,256,20464.552,2.8169264179284395,79.93965625,73.957,74.373,489.345,2.3911835450881114,3,12
1,b4_p256_o256,full_request,triton_red_fused__softmax__to_copy_div_ge_mul_neg_scalar_tensor_sub_unsqueeze_where_2,256,987.779,0.13596685430372168,3.85851171875,3.008,3.232,220.334,22.3060016461172,16,13
1,b4_p256_o256,full_request,triton_red_fused__to_copy_amax_ge_mul_neg_scalar_tensor_unsqueeze_where_0,256,877.62,0.12080357111664879,3.428203125,3.393,3.856,5.281,0.6017410724459333,17,14
1,b4_p256_o256,full_request,"void at::native::<unnamed>::distribution_elementwise_grid_stride_kernel<unsigned long, (int)2, void at::native::templates::cuda::random_from_to_kernel<at::CUDAGeneratorImpl *>(at::TensorIteratorBase &, unsigned long, long, T1)::[lambda() (instance 1)]::operator ()() const::[lambda() (instance 4)]::operator ()() const::[lambda(curandStatePhilox4_32_10 *) (instance 1)], void at::native::<unnamed>::distribution_nullary_kernel<long, unsigned long, ulonglong2, at::CUDAGeneratorImpl *, void at::native::templates::cuda::random_from_to_kernel<at::CUDAGeneratorImpl *>(at::TensorIteratorBase &, unsigned long, long, T1)::[lambda() (instance 1)]::operator ()() const::[lambda() (instance 4)]::operator ()() const::[lambda(curandStatePhilox4_32_10 *) (instance 1)], void at::native::templates::cuda::random_from_to_kernel<at::CUDAGeneratorImpl *>(at::TensorIteratorBase &, unsigned long, long, T1)::[lambda() (instance 1)]::operator ()() const::[lambda() (instance 4)]::operator ()() const::[lambda(unsigned long) (instance 1)]>(at::TensorIteratorBase &, T4, const T5 &, T6)::[lambda(int, unsigned long) (instance 1)]>(long, at::PhiloxCudaState, T3, T4)",256,287.85900000000004,0.039623521772597946,1.1244492187500001,1.12,1.217,1.376,0.4780118043903438,19,15
1,b4_p256_o256,full_request,triton_per_fused__to_copy_amax_ge_mul_neg_scalar_tensor_unsqueeze_where_1,256,214.678,0.0295502256559558,0.8385859375,0.832,0.897,1.056,0.49189949598934224,21,16
1,b4_p256_o256,full_request,triton_per_fused__softmax__to_copy_div_ge_mul_neg_scalar_tensor_sub_unsqueeze_where_3,256,165.738,0.022813680487832017,0.6474140625,0.64,0.673,0.864,0.5213047098432466,23,17
1,b4_p256_o256,full_request,"void at::native::<unnamed>::indexSelectSmallIndex<c10::BFloat16, long, unsigned int, (int)2, (int)2, (int)-2>(at::cuda::detail::TensorInfo<T1, T3>, at::cuda::detail::TensorInfo<const T1, T3>, at::cuda::detail::TensorInfo<const T2, T3>, int, int, T3, long)",255,652.976,0.08988153489376366,2.5606901960784314,2.529,2.7622999999999993,2.88,0.44105755801132046,18,18
1,b4_p256_o256,full_request,"void at::native::elementwise_kernel<(int)128, (int)2, void at::native::gpu_kernel_impl_nocast<at::native::direct_copy_kernel_cuda(at::TensorIteratorBase &)::[lambda() (instance 3)]::operator ()() const::[lambda() (instance 3)]::operator ()() const::[lambda(int) (instance 1)]>(at::TensorIteratorBase &, const T1 &)::[lambda(int) (instance 1)]>(int, T3)",255,202.03300000000002,0.027809653247886226,0.7922862745098039,0.768,0.9283,1.152,0.570203877584355,22,19
1,b4_p256_o256,full_request,void cutlass::Kernel2<cutlass_80_tensorop_bf16_s16816gemm_relu_bf16_256x128_32x3_tn_align8>(T1::Params),56,8288.208,1.1408640693666707,148.0037142857143,125.2565,243.57625000000002,623.562,7.523483966618598,7,20
1,b4_p256_o256,full_request,void cutlass::Kernel2<cutlass_80_tensorop_bf16_s16816gemm_relu_bf16_64x256_32x4_tn_align8>(T1::Params),28,2083.021,0.2867258899192964,74.39360714285715,74.309,75.01205,75.397,3.6195986502296424,13,21
1,b4_p256_o256,full_request,"void flash::flash_fwd_kernel<Flash_fwd_kernel_traits<(int)128, (int)128, (int)64, (int)4, (bool)0, (bool)0, cutlass::bfloat16_t, Flash_kernel_traits<(int)128, (int)128, (int)64, (int)4, cutlass::bfloat16_t>>, (bool)0, (bool)1, (bool)0, (bool)0, (bool)0, (bool)1, (bool)0, (bool)0>(flash::Flash_fwd_params)",28,1438.912,0.19806488927166582,51.389714285714284,34.434,38.879799999999996,502.466,34.91985611350798,14,22
1,b4_p256_o256,full_request,void cutlass::Kernel2<cutlass_80_tensorop_bf16_s16816gemm_relu_bf16_128x128_64x3_tn_align8>(T1::Params),28,1395.87,0.1921401982801173,49.8525,49.827,50.34895,50.468,3.615522935516918,15,23
1,b4_p256_o256,full_request,"void at::native::vectorized_gather_kernel<(int)16, long>(char *, char *, T2 *, int, long, long, long, long, bool)",2,5.216,0.000717977515262232,2.608,2.608,4.1488000000000005,4.32,82.82208588957054,24,24
1,b4_p256_o256,full_request,"void at::native::unrolled_elementwise_kernel<at::native::direct_copy_kernel_cuda(at::TensorIteratorBase &)::[lambda() (instance 3)]::operator ()() const::[lambda() (instance 4)]::operator ()() const::[lambda(long) (instance 1)], std::array<char *, (unsigned long)2>, (int)4, TrivialOffsetCalculator<(int)1, unsigned int>, TrivialOffsetCalculator<(int)1, unsigned int>, at::native::memory::LoadWithCast<(int)1>, at::native::memory::StoreWithCast<(int)1>>(int, T1, T2, T4, T5, T6, T7)",1,1.12,0.00015416695112992714,1.12,1.12,1.12,1.12,100.0,25,25
1,b4_p256_o256,full_request,"void at::native::unrolled_elementwise_kernel<at::native::CUDAFunctorOnSelf_add<int>, std::array<char *, (unsigned long)2>, (int)4, TrivialOffsetCalculator<(int)1, unsigned int>, TrivialOffsetCalculator<(int)1, unsigned int>, at::native::memory::LoadWithoutCast, at::native::memory::StoreWithoutCast>(int, T1, T2, T4, T5, T6, T7)",1,0.896,0.00012333356090394172,0.896,0.896,0.896,0.896,100.00000000000001,26,26
1,b4_p256_o256,prefill,triton_per_fused__to_copy_add_mean_mul_pow_rsqrt_0,57,200.428,1.3286708187353535,3.516280701754386,3.392,4.851199999999999,6.56,3.2729957890115156,8,1
1,b4_p256_o256,prefill,void cutlass::Kernel2<cutlass_80_tensorop_bf16_s16816gemm_relu_bf16_256x128_32x3_tn_align8>(T1::Params),56,8288.208,54.943920556054586,148.0037142857143,125.2565,243.57625000000002,623.562,7.523483966618598,1,2
1,b4_p256_o256,prefill,triton_red_fused__to_copy_add_mean_mul_pow_rsqrt_0,56,224.621,1.4890502722930623,4.011089285714286,4.0,5.192,5.281,2.351071360202296,7,3
1,b4_p256_o256,prefill,void cutlass::Kernel2<cutlass_80_tensorop_bf16_s16816gemm_relu_bf16_64x256_32x4_tn_align8>(T1::Params),28,2083.021,13.808695479239104,74.39360714285715,74.309,75.01205,75.397,3.6195986502296424,2,4
1,b4_p256_o256,prefill,"void flash::flash_fwd_kernel<Flash_fwd_kernel_traits<(int)128, (int)128, (int)64, (int)4, (bool)0, (bool)0, cutlass::bfloat16_t, Flash_kernel_traits<(int)128, (int)128, (int)64, (int)4, cutlass::bfloat16_t>>, (bool)0, (bool)1, (bool)0, (bool)0, (bool)0, (bool)1, (bool)0, (bool)0>(flash::Flash_fwd_params)",28,1438.912,9.538788917357481,51.389714285714284,34.434,38.879799999999996,502.466,34.91985611350798,3,5
1,b4_p256_o256,prefill,void cutlass::Kernel2<cutlass_80_tensorop_bf16_s16816gemm_relu_bf16_128x128_64x3_tn_align8>(T1::Params),28,1395.87,9.253456282296476,49.8525,49.827,50.34895,50.468,3.615522935516918,4,6
1,b4_p256_o256,prefill,triton_poi_fused__to_copy_add_cat_index_mul_split_sub_0,28,229.038,1.5183313059128862,8.179928571428572,7.969,8.9594,9.152,3.9958434844872897,6,7
1,b4_p256_o256,prefill,triton_poi_fused_mul_silu_split_0,28,136.745,0.9065055336977166,4.88375,4.6884999999999994,4.76865,10.592,7.74580423415847,9,8
1,b4_p256_o256,prefill,triton_poi_fused__to_copy_add_cat_index_mul_split_sub_1,28,119.368,0.7913104870118032,4.263142857142857,4.2565,4.32,4.321,3.6198981301521345,10,9
1,b4_p256_o256,prefill,store_kvcache_kernel,28,88.165,0.5844605680533781,3.14875,3.1365,3.22115,3.488,3.9562184540350476,11,10
1,b4_p256_o256,prefill,"void at::native::vectorized_gather_kernel<(int)16, long>(char *, char *, T2 *, int, long, long, long, long, bool)",2,5.216,0.03457773859203108,2.608,2.608,4.1488000000000005,4.32,82.82208588957054,13,11
1,b4_p256_o256,prefill,void cutlass::Kernel2<cutlass_80_wmma_tensorop_bf16_s161616gemm_bf16_16x16_128x2_tn_align8>(T1::Params),1,789.557,5.234105741853582,789.557,789.557,789.557,789.557,100.0,5,12
1,b4_p256_o256,prefill,triton_red_fused__softmax__to_copy_argmax_clamp_min_div_exponential_ge_mul_neg_scalar_tensor_sub_unsqueeze_where_4,1,74.213,0.49197042065383473,74.213,74.213,74.213,74.213,100.0,12,13
1,b4_p256_o256,prefill,triton_red_fused__to_copy_amax_ge_mul_neg_scalar_tensor_unsqueeze_where_0,1,3.776,0.025031737140243353,3.776,3.776,3.776,3.776,100.0,14,14
1,b4_p256_o256,prefill,triton_red_fused__softmax__to_copy_div_ge_mul_neg_scalar_tensor_sub_unsqueeze_where_2,1,3.04,0.020152669731551855,3.04,3.04,3.04,3.04,100.0,15,15
1,b4_p256_o256,prefill,"void at::native::unrolled_elementwise_kernel<at::native::direct_copy_kernel_cuda(at::TensorIteratorBase &)::[lambda() (instance 3)]::operator ()() const::[lambda() (instance 4)]::operator ()() const::[lambda(long) (instance 1)], std::array<char *, (unsigned long)2>, (int)4, TrivialOffsetCalculator<(int)1, unsigned int>, TrivialOffsetCalculator<(int)1, unsigned int>, at::native::memory::LoadWithCast<(int)1>, at::native::memory::StoreWithCast<(int)1>>(int, T1, T2, T4, T5, T6, T7)",1,1.12,0.007424667795834895,1.12,1.12,1.12,1.12,100.0,16,16
1,b4_p256_o256,prefill,"void at::native::<unnamed>::distribution_elementwise_grid_stride_kernel<unsigned long, (int)2, void at::native::templates::cuda::random_from_to_kernel<at::CUDAGeneratorImpl *>(at::TensorIteratorBase &, unsigned long, long, T1)::[lambda() (instance 1)]::operator ()() const::[lambda() (instance 4)]::operator ()() const::[lambda(curandStatePhilox4_32_10 *) (instance 1)], void at::native::<unnamed>::distribution_nullary_kernel<long, unsigned long, ulonglong2, at::CUDAGeneratorImpl *, void at::native::templates::cuda::random_from_to_kernel<at::CUDAGeneratorImpl *>(at::TensorIteratorBase &, unsigned long, long, T1)::[lambda() (instance 1)]::operator ()() const::[lambda() (instance 4)]::operator ()() const::[lambda(curandStatePhilox4_32_10 *) (instance 1)], void at::native::templates::cuda::random_from_to_kernel<at::CUDAGeneratorImpl *>(at::TensorIteratorBase &, unsigned long, long, T1)::[lambda() (instance 1)]::operator ()() const::[lambda() (instance 4)]::operator ()() const::[lambda(unsigned long) (instance 1)]>(at::TensorIteratorBase &, T4, const T5 &, T6)::[lambda(int, unsigned long) (instance 1)]>(long, at::PhiloxCudaState, T3, T4)",1,1.12,0.007424667795834895,1.12,1.12,1.12,1.12,100.0,17,17
1,b4_p256_o256,prefill,"void at::native::unrolled_elementwise_kernel<at::native::CUDAFunctorOnSelf_add<int>, std::array<char *, (unsigned long)2>, (int)4, TrivialOffsetCalculator<(int)1, unsigned int>, TrivialOffsetCalculator<(int)1, unsigned int>, at::native::memory::LoadWithoutCast, at::native::memory::StoreWithoutCast>(int, T1, T2, T4, T5, T6, T7)",1,0.896,0.005939734236667916,0.896,0.896,0.896,0.896,100.00000000000001,18,18
1,b4_p256_o256,prefill,triton_per_fused__to_copy_amax_ge_mul_neg_scalar_tensor_unsqueeze_where_1,1,0.864,0.005727600871072633,0.864,0.864,0.864,0.864,100.00000000000001,19,19
1,b4_p256_o256,prefill,triton_per_fused__softmax__to_copy_div_ge_mul_neg_scalar_tensor_sub_unsqueeze_where_3,1,0.672,0.0044548006775009365,0.672,0.672,0.672,0.672,100.0,20,20
1,b4_p64_o256,decode_all,void cutlass::Kernel2<cutlass_80_wmma_tensorop_bf16_s161616gemm_bf16_16x16_128x2_tn_align8>(T1::Params),28815,496084.032,74.19611533756999,17.216173243102553,11.297,16.097,1266.933,0.2553867728602883,1,1
1,b4_p64_o256,decode_all,triton_per_fused__to_copy_add_mean_mul_pow_rsqrt_0,14535,14290.151,2.1372864744561886,0.9831545235638115,0.896,1.024,750.227,5.249958520382325,5,2
1,b4_p64_o256,decode_all,triton_red_fused__to_copy_add_mean_mul_pow_rsqrt_0,14280,12035.156,1.8000212969597205,0.8427980392156863,0.832,0.96,197.901,1.6443575804085964,6,3
1,b4_p64_o256,decode_all,"void flash::flash_fwd_splitkv_kernel<Flash_fwd_kernel_traits<(int)128, (int)64, (int)128, (int)4, (bool)0, (bool)0, cutlass::bfloat16_t, Flash_kernel_traits<(int)128, (int)64, (int)128, (int)4, cutlass::bfloat16_t>>, (bool)0, (bool)0, (bool)0, (bool)0, (bool)1, (bool)0, (bool)1, (bool)0>(flash::Flash_fwd_params)",7140,72962.943,10.912600658342788,10.218899579831932,9.377,12.801,747.346,1.0242816000445596,2,4
1,b4_p64_o256,decode_all,"void flash::flash_fwd_splitkv_combine_kernel<Flash_fwd_kernel_traits<(int)128, (int)64, (int)128, (int)4, (bool)0, (bool)0, cutlass::bfloat16_t, Flash_kernel_traits<(int)128, (int)64, (int)128, (int)4, cutlass::bfloat16_t>>, (int)4, (int)3, (bool)1>(flash::Flash_fwd_params)",7140,18539.466,2.7728293371735804,2.5965638655462184,2.432,2.464,400.315,2.1592585244904035,4,5
1,b4_p64_o256,decode_all,"void cublasLt::splitKreduce_kernel<(int)32, (int)16, int, __nv_bfloat16, __nv_bfloat16, float, __nv_bfloat16, (bool)0, __nv_bfloat16, __nv_bfloat16, __nv_bfloat16, (bool)1, (bool)0, (bool)0>(cublasLt::cublasSplitKParams<T6>, const T4 *, const T10 *, T9 *, T5 *, const T6 *, const T6 *, const T11 *, const T4 *, T11 *, void *, long, T6 *, int *, T6 *, T6 *, const T6 *, const T6 *, const T6 *, const T6 *, const T6 *)",7140,7626.602,1.140662075625409,1.0681515406162465,0.864,0.928,628.874,8.245795440748056,7,6
1,b4_p64_o256,decode_all,triton_poi_fused__to_copy_add_cat_index_mul_split_sub_0,7140,6792.769,1.015951007641927,0.9513682072829132,0.8,0.928,642.7,9.461531814198304,8,7
1,b4_p64_o256,decode_all,triton_poi_fused__to_copy_add_cat_index_mul_split_sub_1,7140,6077.109,0.9089143193445594,0.8511357142857143,0.8,0.832,393.402,6.473505740969924,9,8
1,b4_p64_o256,decode_all,store_kvcache_kernel,7140,5734.939,0.8577381412226714,0.8032127450980392,0.768,0.769,335.638,5.852512119135007,10,9
1,b4_p64_o256,decode_all,triton_poi_fused_mul_silu_split_0,7140,4708.063,0.7041548665782207,0.6593925770308123,0.64,0.704,201.518,4.280274074497304,11,10
1,b4_p64_o256,decode_all,"void at::native::vectorized_elementwise_kernel<(int)4, at::native::FillFunctor<int>, std::array<char *, (unsigned long)1>>(int, T2, T3)",510,273.903,0.04096591961925199,0.5370647058823529,0.544,0.608,0.8,0.2920742014508786,16,11
1,b4_p64_o256,decode_all,triton_red_fused__softmax__to_copy_argmax_clamp_min_div_exponential_ge_mul_neg_scalar_tensor_sub_unsqueeze_where_4,255,20315.328999999998,3.0384338063207004,79.6679568627451,73.957,74.28659999999999,461.823,2.2732735462960014,3,12
1,b4_p64_o256,decode_all,triton_red_fused__to_copy_amax_ge_mul_neg_scalar_tensor_unsqueeze_where_0,255,871.373,0.1303256856492498,3.417149019607843,3.393,4.1056,5.152,0.5912508191096121,12,13
1,b4_p64_o256,decode_all,triton_red_fused__softmax__to_copy_div_ge_mul_neg_scalar_tensor_sub_unsqueeze_where_2,255,753.145,0.11264307996495672,2.953509803921569,2.976,3.1782999999999997,3.361,0.4462620079798711,13,14
1,b4_p64_o256,decode_all,"void at::native::<unnamed>::indexSelectSmallIndex<c10::BFloat16, long, unsigned int, (int)2, (int)2, (int)-2>(at::cuda::detail::TensorInfo<T1, T3>, at::cuda::detail::TensorInfo<const T1, T3>, at::cuda::detail::TensorInfo<const T2, T3>, int, int, T3, long)",255,655.048,0.09797133917756205,2.56881568627451,2.56,2.752,2.944,0.4494327133278782,14,15
1,b4_p64_o256,decode_all,"void at::native::<unnamed>::distribution_elementwise_grid_stride_kernel<unsigned long, (int)2, void at::native::templates::cuda::random_from_to_kernel<at::CUDAGeneratorImpl *>(at::TensorIteratorBase &, unsigned long, long, T1)::[lambda() (instance 1)]::operator ()() const::[lambda() (instance 4)]::operator ()() const::[lambda(curandStatePhilox4_32_10 *) (instance 1)], void at::native::<unnamed>::distribution_nullary_kernel<long, unsigned long, ulonglong2, at::CUDAGeneratorImpl *, void at::native::templates::cuda::random_from_to_kernel<at::CUDAGeneratorImpl *>(at::TensorIteratorBase &, unsigned long, long, T1)::[lambda() (instance 1)]::operator ()() const::[lambda() (instance 4)]::operator ()() const::[lambda(curandStatePhilox4_32_10 *) (instance 1)], void at::native::templates::cuda::random_from_to_kernel<at::CUDAGeneratorImpl *>(at::TensorIteratorBase &, unsigned long, long, T1)::[lambda() (instance 1)]::operator ()() const::[lambda() (instance 4)]::operator ()() const::[lambda(unsigned long) (instance 1)]>(at::TensorIteratorBase &, T4, const T5 &, T6)::[lambda(int, unsigned long) (instance 1)]>(long, at::PhiloxCudaState, T3, T4)",255,285.719,0.042733163155179235,1.1204666666666667,1.12,1.216,1.344,0.47039223852806433,15,16
1,b4_p64_o256,decode_all,"void at::native::elementwise_kernel<(int)128, (int)2, void at::native::gpu_kernel_impl_nocast<at::native::direct_copy_kernel_cuda(at::TensorIteratorBase &)::[lambda() (instance 3)]::operator ()() const::[lambda() (instance 3)]::operator ()() const::[lambda(int) (instance 1)]>(at::TensorIteratorBase &, const T1 &)::[lambda(int) (instance 1)]>(int, T3)",255,224.494,0.033576131546585314,0.8803686274509804,0.896,1.0022999999999995,1.152,0.513154026388233,17,17
1,b4_p64_o256,decode_all,triton_per_fused__to_copy_amax_ge_mul_neg_scalar_tensor_unsqueeze_where_1,255,215.695,0.03226012140164422,0.8458627450980392,0.832,0.9375999999999994,1.088,0.5044159577180742,18,18
1,b4_p64_o256,decode_all,triton_per_fused__softmax__to_copy_div_ge_mul_neg_scalar_tensor_sub_unsqueeze_where_3,255,165.931,0.024817238249826044,0.6507098039215686,0.64,0.704,0.864,0.5206983625723945,19,19
1,b4_p64_o256,decode_early,void cutlass::Kernel2<cutlass_80_wmma_tensorop_bf16_s161616gemm_bf16_16x16_128x2_tn_align8>(T1::Params),3616,64761.838,78.43982480848496,17.909800331858406,11.297,16.033250000000002,1232.915,1.903767771384129,1,1
1,b4_p64_o256,decode_early,triton_per_fused__to_copy_add_mean_mul_pow_rsqrt_0,1824,1625.3310000000001,1.9686081005884926,0.8910805921052631,0.896,1.024,1.313,0.08078354501329266,5,2
1,b4_p64_o256,decode_early,triton_red_fused__to_copy_add_mean_mul_pow_rsqrt_0,1792,1492.7549999999999,1.8080314626337497,0.8330106026785714,0.832,0.992,1.6,0.10718436716004971,6,3
1,b4_p64_o256,decode_early,"void flash::flash_fwd_splitkv_kernel<Flash_fwd_kernel_traits<(int)128, (int)64, (int)128, (int)4, (bool)0, (bool)0, cutlass::bfloat16_t, Flash_kernel_traits<(int)128, (int)64, (int)128, (int)4, cutlass::bfloat16_t>>, (bool)0, (bool)0, (bool)0, (bool)0, (bool)1, (bool)0, (bool)1, (bool)0>(flash::Flash_fwd_params)",896,6069.886,7.351872787296055,6.774426339285714,5.984,6.24,375.833,6.191763733289225,2,4
1,b4_p64_o256,decode_early,"void flash::flash_fwd_splitkv_combine_kernel<Flash_fwd_kernel_traits<(int)128, (int)64, (int)128, (int)4, (bool)0, (bool)0, cutlass::bfloat16_t, Flash_kernel_traits<(int)128, (int)64, (int)128, (int)4, cutlass::bfloat16_t>>, (int)4, (int)3, (bool)1>(flash::Flash_fwd_params)",896,2379.865,2.8825030208043976,2.6560993303571427,2.432,2.464,206.478,8.676038346712945,3,5
1,b4_p64_o256,decode_early,"void cublasLt::splitKreduce_kernel<(int)32, (int)16, int, __nv_bfloat16, __nv_bfloat16, float, __nv_bfloat16, (bool)0, __nv_bfloat16, __nv_bfloat16, __nv_bfloat16, (bool)1, (bool)0, (bool)0>(cublasLt::cublasSplitKParams<T6>, const T4 *, const T10 *, T9 *, T5 *, const T6 *, const T6 *, const T11 *, const T4 *, T11 *, void *, long, T6 *, int *, T6 *, T6 *, const T6 *, const T6 *, const T6 *, const T6 *, const T6 *)",896,761.649,0.9225126397054659,0.8500546875,0.832,0.896,1.184,0.1554521833547999,7,6
1,b4_p64_o256,decode_early,triton_poi_fused__to_copy_add_cat_index_mul_split_sub_0,896,731.2760000000001,0.8857247276806697,0.81615625,0.8,0.864,1.408,0.19254016267455787,8,7
1,b4_p64_o256,decode_early,triton_poi_fused__to_copy_add_cat_index_mul_split_sub_1,896,711.02,0.8611905708316828,0.7935491071428572,0.8,0.801,0.96,0.1350172990914461,9,8
1,b4_p64_o256,decode_early,store_kvcache_kernel,896,676.895,0.8198582198012883,0.7554631696428571,0.768,0.769,1.024,0.15127900191314755,10,9
1,b4_p64_o256,decode_early,triton_poi_fused_mul_silu_split_0,896,543.708,0.6585415359423822,0.6068169642857143,0.608,0.672,1.024,0.18833638644272296,11,10
1,b4_p64_o256,decode_early,"void at::native::vectorized_elementwise_kernel<(int)4, at::native::FillFunctor<int>, std::array<char *, (unsigned long)1>>(int, T2, T3)",64,34.561,0.04186043616004302,0.540015625,0.528,0.608,0.8,2.3147478371574897,16,11
1,b4_p64_o256,decode_early,triton_red_fused__softmax__to_copy_argmax_clamp_min_div_exponential_ge_mul_neg_scalar_tensor_sub_unsqueeze_where_4,32,2367.328,2.867318150918154,73.979,73.925,74.2418,74.725,3.1565123210640853,4,12
1,b4_p64_o256,decode_early,triton_red_fused__to_copy_amax_ge_mul_neg_scalar_tensor_unsqueeze_where_0,32,118.085,0.14302507462048786,3.69015625,3.616,4.1572499999999994,5.152,4.362958885548546,12,13
1,b4_p64_o256,decode_early,triton_red_fused__softmax__to_copy_div_ge_mul_neg_scalar_tensor_sub_unsqueeze_where_2,32,93.926,0.11376358689760717,2.9351875,2.9444999999999997,3.14765,3.232,3.4410067499946773,13,14
1,b4_p64_o256,decode_early,"void at::native::<unnamed>::indexSelectSmallIndex<c10::BFloat16, long, unsigned int, (int)2, (int)2, (int)-2>(at::cuda::detail::TensorInfo<T1, T3>, at::cuda::detail::TensorInfo<const T1, T3>, at::cuda::detail::TensorInfo<const T2, T3>, int, int, T3, long)",32,82.216,0.09958038307149956,2.56925,2.5445,2.75245,2.944,3.58081152087185,14,15
1,b4_p64_o256,decode_early,"void at::native::<unnamed>::distribution_elementwise_grid_stride_kernel<unsigned long, (int)2, void at::native::templates::cuda::random_from_to_kernel<at::CUDAGeneratorImpl *>(at::TensorIteratorBase &, unsigned long, long, T1)::[lambda() (instance 1)]::operator ()() const::[lambda() (instance 4)]::operator ()() const::[lambda(curandStatePhilox4_32_10 *) (instance 1)], void at::native::<unnamed>::distribution_nullary_kernel<long, unsigned long, ulonglong2, at::CUDAGeneratorImpl *, void at::native::templates::cuda::random_from_to_kernel<at::CUDAGeneratorImpl *>(at::TensorIteratorBase &, unsigned long, long, T1)::[lambda() (instance 1)]::operator ()() const::[lambda() (instance 4)]::operator ()() const::[lambda(curandStatePhilox4_32_10 *) (instance 1)], void at::native::templates::cuda::random_from_to_kernel<at::CUDAGeneratorImpl *>(at::TensorIteratorBase &, unsigned long, long, T1)::[lambda() (instance 1)]::operator ()() const::[lambda() (instance 4)]::operator ()() const::[lambda(unsigned long) (instance 1)]>(at::TensorIteratorBase &, T4, const T5 &, T6)::[lambda(int, unsigned long) (instance 1)]>(long, at::PhiloxCudaState, T3, T4)",32,35.718,0.043261799680692596,1.1161875,1.12,1.184,1.216,3.4044459376224867,15,16
1,b4_p64_o256,decode_early,"void at::native::elementwise_kernel<(int)128, (int)2, void at::native::gpu_kernel_impl_nocast<at::native::direct_copy_kernel_cuda(at::TensorIteratorBase &)::[lambda() (instance 3)]::operator ()() const::[lambda() (instance 3)]::operator ()() const::[lambda(int) (instance 1)]>(at::TensorIteratorBase &, const T1 &)::[lambda(int) (instance 1)]>(int, T3)",32,28.385,0.03438003762630772,0.88703125,0.896,0.96,1.024,3.607539193235864,17,17
1,b4_p64_o256,decode_early,triton_per_fused__to_copy_amax_ge_mul_neg_scalar_tensor_unsqueeze_where_1,32,27.363,0.033142186703141036,0.85509375,0.864,0.9424,0.992,3.625333479516135,18,18
1,b4_p64_o256,decode_early,triton_per_fused__softmax__to_copy_div_ge_mul_neg_scalar_tensor_sub_unsqueeze_where_3,32,20.641000000000002,0.025000470552919422,0.6450312500000001,0.64,0.672,0.672,3.255656218206482,19,19
1,b4_p64_o256,decode_late,void cutlass::Kernel2<cutlass_80_wmma_tensorop_bf16_s161616gemm_bf16_16x16_128x2_tn_align8>(T1::Params),3616,60873.547,70.40099455415792,16.83449861725664,11.296,16.097,820.407,1.3477233386778005,1,1
1,b4_p64_o256,decode_late,triton_per_fused__to_copy_add_mean_mul_pow_rsqrt_0,1824,1637.594,1.8938972995268648,0.8978037280701755,0.896,1.056,1.472,0.0898879697898258,6,2
1,b4_p64_o256,decode_late,triton_red_fused__to_copy_add_mean_mul_pow_rsqrt_0,1792,1496.352,1.7305492154597681,0.8350178571428571,0.832,0.96,1.6,0.10692671243129959,7,3
1,b4_p64_o256,decode_late,"void flash::flash_fwd_splitkv_kernel<Flash_fwd_kernel_traits<(int)128, (int)64, (int)128, (int)4, (bool)0, (bool)0, cutlass::bfloat16_t, Flash_kernel_traits<(int)128, (int)64, (int)128, (int)4, cutlass::bfloat16_t>>, (bool)0, (bool)0, (bool)0, (bool)0, (bool)1, (bool)0, (bool)1, (bool)0>(flash::Flash_fwd_params)",896,12330.932,14.260872240280197,13.762200892857143,12.737,13.057,464.128,3.7639328478982765,2,4
1,b4_p64_o256,decode_late,"void flash::flash_fwd_splitkv_combine_kernel<Flash_fwd_kernel_traits<(int)128, (int)64, (int)128, (int)4, (bool)0, (bool)0, cutlass::bfloat16_t, Flash_kernel_traits<(int)128, (int)64, (int)128, (int)4, cutlass::bfloat16_t>>, (int)4, (int)3, (bool)1>(flash::Flash_fwd_params)",896,2178.486,2.5194454501281034,2.431345982142857,2.432,2.464,3.648,0.16745574678928396,4,5
1,b4_p64_o256,decode_late,triton_poi_fused__to_copy_add_cat_index_mul_split_sub_0,896,1674.2240000000002,1.936260338278637,1.8685535714285715,0.8,0.96,642.7,38.387933753189536,5,6
1,b4_p64_o256,decode_late,triton_poi_fused__to_copy_add_cat_index_mul_split_sub_1,896,1106.258,1.2794007786911716,1.2346629464285714,0.8,0.832,393.402,35.561505543914706,8,7
1,b4_p64_o256,decode_late,store_kvcache_kernel,896,1014.3729999999999,1.173134663056267,1.1321127232142858,0.768,0.769,335.638,33.088222971234444,9,8
1,b4_p64_o256,decode_late,"void cublasLt::splitKreduce_kernel<(int)32, (int)16, int, __nv_bfloat16, __nv_bfloat16, float, __nv_bfloat16, (bool)0, __nv_bfloat16, __nv_bfloat16, __nv_bfloat16, (bool)1, (bool)0, (bool)0>(cublasLt::cublasSplitKParams<T6>, const T4 *, const T10 *, T9 *, T5 *, const T6 *, const T6 *, const T11 *, const T4 *, T11 *, void *, long, T6 *, int *, T6 *, T6 *, const T6 *, const T6 *, const T6 *, const T6 *, const T6 *)",896,782.766,0.9052783617682074,0.8736227678571429,0.864,0.928,1.472,0.18805109061967432,10,9
1,b4_p64_o256,decode_late,triton_poi_fused_mul_silu_split_0,896,572.45,0.6620453599085939,0.6388950892857143,0.64,0.704,0.864,0.15093021224561096,11,10
1,b4_p64_o256,decode_late,"void at::native::vectorized_elementwise_kernel<(int)4, at::native::FillFunctor<int>, std::array<char *, (unsigned long)1>>(int, T2, T3)",64,34.688,0.04011709222553813,0.542,0.528,0.608,0.736,2.121771217712177,16,11
1,b4_p64_o256,decode_late,triton_red_fused__softmax__to_copy_argmax_clamp_min_div_exponential_ge_mul_neg_scalar_tensor_sub_unsqueeze_where_4,32,2367.265,2.73777065057912,73.97703125,73.957,74.285,74.405,3.1430786160400297,3,12
1,b4_p64_o256,decode_late,triton_red_fused__to_copy_amax_ge_mul_neg_scalar_tensor_unsqueeze_where_0,32,111.304,0.1287244243851273,3.47825,3.3445,4.82615,4.96,4.456263925824768,12,13
1,b4_p64_o256,decode_late,triton_red_fused__softmax__to_copy_div_ge_mul_neg_scalar_tensor_sub_unsqueeze_where_2,32,95.754,0.11074066100565551,2.9923125,2.9764999999999997,3.232,3.361,3.5100361342607096,13,14
1,b4_p64_o256,decode_late,"void at::native::<unnamed>::indexSelectSmallIndex<c10::BFloat16, long, unsigned int, (int)2, (int)2, (int)-2>(at::cuda::detail::TensorInfo<T1, T3>, at::cuda::detail::TensorInfo<const T1, T3>, at::cuda::detail::TensorInfo<const T2, T3>, int, int, T3, long)",32,81.988,0.0948201152383366,2.562125,2.56,2.72855,2.912,3.551739278918866,14,15
1,b4_p64_o256,decode_late,"void at::native::<unnamed>::distribution_elementwise_grid_stride_kernel<unsigned long, (int)2, void at::native::templates::cuda::random_from_to_kernel<at::CUDAGeneratorImpl *>(at::TensorIteratorBase &, unsigned long, long, T1)::[lambda() (instance 1)]::operator ()() const::[lambda() (instance 4)]::operator ()() const::[lambda(curandStatePhilox4_32_10 *) (instance 1)], void at::native::<unnamed>::distribution_nullary_kernel<long, unsigned long, ulonglong2, at::CUDAGeneratorImpl *, void at::native::templates::cuda::random_from_to_kernel<at::CUDAGeneratorImpl *>(at::TensorIteratorBase &, unsigned long, long, T1)::[lambda() (instance 1)]::operator ()() const::[lambda() (instance 4)]::operator ()() const::[lambda(curandStatePhilox4_32_10 *) (instance 1)], void at::native::templates::cuda::random_from_to_kernel<at::CUDAGeneratorImpl *>(at::TensorIteratorBase &, unsigned long, long, T1)::[lambda() (instance 1)]::operator ()() const::[lambda() (instance 4)]::operator ()() const::[lambda(unsigned long) (instance 1)]>(at::TensorIteratorBase &, T4, const T5 &, T6)::[lambda(int, unsigned long) (instance 1)]>(long, at::PhiloxCudaState, T3, T4)",32,35.843,0.04145286371771112,1.12009375,1.12,1.1663999999999999,1.312,3.660407889964568,15,16
1,b4_p64_o256,decode_late,triton_per_fused__to_copy_amax_ge_mul_neg_scalar_tensor_unsqueeze_where_1,32,27.073,0.031310252474111906,0.84603125,0.8325,0.9104,0.992,3.6641672515051895,17,17
1,b4_p64_o256,decode_late,"void at::native::elementwise_kernel<(int)128, (int)2, void at::native::gpu_kernel_impl_nocast<at::native::direct_copy_kernel_cuda(at::TensorIteratorBase &)::[lambda() (instance 3)]::operator ()() const::[lambda() (instance 3)]::operator ()() const::[lambda(int) (instance 1)]>(at::TensorIteratorBase &, const T1 &)::[lambda(int) (instance 1)]>(int, T3)",32,24.995,0.028907020300314966,0.78109375,0.768,0.8432,0.96,3.840768153630726,18,18
1,b4_p64_o256,decode_late,triton_per_fused__softmax__to_copy_div_ge_mul_neg_scalar_tensor_sub_unsqueeze_where_3,32,20.993000000000002,0.024278658818344154,0.6560312500000001,0.64,0.672,0.864,4.115657600152431,19,19
1,b4_p64_o256,full_request,void cutlass::Kernel2<cutlass_80_wmma_tensorop_bf16_s161616gemm_bf16_16x16_128x2_tn_align8>(T1::Params),28816,496435.512,73.70006132879176,17.227773181565798,11.297,16.097,1266.933,0.2552059571435333,1,1
1,b4_p64_o256,full_request,triton_per_fused__to_copy_add_mean_mul_pow_rsqrt_0,14592,14371.18,2.133523532794942,0.9848670504385965,0.896,1.024,750.227,5.220357688095201,5,2
1,b4_p64_o256,full_request,triton_red_fused__to_copy_add_mean_mul_pow_rsqrt_0,14336,12130.363,1.8008552479229296,0.84614697265625,0.832,0.992,197.901,1.6314515897009845,6,3
1,b4_p64_o256,full_request,triton_poi_fused__to_copy_add_cat_index_mul_split_sub_0,7168,6865.13,1.0191867620262594,0.9577469308035714,0.8,0.96,642.7,9.36180378230274,8,4
1,b4_p64_o256,full_request,triton_poi_fused__to_copy_add_cat_index_mul_split_sub_1,7168,6120.8550000000005,0.9086928271252314,0.8539139229910715,0.8,0.832,393.402,6.427239331760023,9,5
1,b4_p64_o256,full_request,store_kvcache_kernel,7168,5770.141,0.856626359912334,0.8049861886160714,0.768,0.769,335.638,5.816807596209521,10,6
1,b4_p64_o256,full_request,triton_poi_fused_mul_silu_split_0,7168,4754.4039999999995,0.7058315892233206,0.6632818080357142,0.64,0.704,201.518,4.238554401350832,11,7
1,b4_p64_o256,full_request,"void flash::flash_fwd_splitkv_kernel<Flash_fwd_kernel_traits<(int)128, (int)64, (int)128, (int)4, (bool)0, (bool)0, cutlass::bfloat16_t, Flash_kernel_traits<(int)128, (int)64, (int)128, (int)4, cutlass::bfloat16_t>>, (bool)0, (bool)0, (bool)0, (bool)0, (bool)1, (bool)0, (bool)1, (bool)0>(flash::Flash_fwd_params)",7140,72962.943,10.831967584601678,10.218899579831932,9.377,12.801,747.346,1.0242816000445596,2,8
1,b4_p64_o256,full_request,"void flash::flash_fwd_splitkv_combine_kernel<Flash_fwd_kernel_traits<(int)128, (int)64, (int)128, (int)4, (bool)0, (bool)0, cutlass::bfloat16_t, Flash_kernel_traits<(int)128, (int)64, (int)128, (int)4, cutlass::bfloat16_t>>, (int)4, (int)3, (bool)1>(flash::Flash_fwd_params)",7140,18539.466,2.7523409348746384,2.5965638655462184,2.432,2.464,400.315,2.1592585244904035,4,9
1,b4_p64_o256,full_request,"void cublasLt::splitKreduce_kernel<(int)32, (int)16, int, __nv_bfloat16, __nv_bfloat16, float, __nv_bfloat16, (bool)0, __nv_bfloat16, __nv_bfloat16, __nv_bfloat16, (bool)1, (bool)0, (bool)0>(cublasLt::cublasSplitKParams<T6>, const T4 *, const T10 *, T9 *, T5 *, const T6 *, const T6 *, const T11 *, const T4 *, T11 *, void *, long, T6 *, int *, T6 *, T6 *, const T6 *, const T6 *, const T6 *, const T6 *, const T6 *)",7140,7626.602,1.132233737400893,1.0681515406162465,0.864,0.928,628.874,8.245795440748056,7,10
1,b4_p64_o256,full_request,"void at::native::vectorized_elementwise_kernel<(int)4, at::native::FillFunctor<int>, std::array<char *, (unsigned long)1>>(int, T2, T3)",510,273.903,0.04066322293667834,0.5370647058823529,0.544,0.608,0.8,0.2920742014508786,19,11
1,b4_p64_o256,full_request,triton_red_fused__softmax__to_copy_argmax_clamp_min_div_exponential_ge_mul_neg_scalar_tensor_sub_unsqueeze_where_4,256,20389.414,3.026981402285591,79.6461484375,73.957,74.285,461.823,2.2650135997042384,3,12
1,b4_p64_o256,full_request,triton_red_fused__to_copy_amax_ge_mul_neg_scalar_tensor_unsqueeze_where_0,256,874.829,0.12987578324615418,3.41730078125,3.393,4.104,5.152,0.5889150908348947,15,13
1,b4_p64_o256,full_request,triton_red_fused__softmax__to_copy_div_ge_mul_neg_scalar_tensor_sub_unsqueeze_where_2,256,756.0889999999999,0.11224782337897059,2.9534726562499998,2.976,3.17675,3.361,0.44452438800194166,16,14
1,b4_p64_o256,full_request,"void at::native::<unnamed>::distribution_elementwise_grid_stride_kernel<unsigned long, (int)2, void at::native::templates::cuda::random_from_to_kernel<at::CUDAGeneratorImpl *>(at::TensorIteratorBase &, unsigned long, long, T1)::[lambda() (instance 1)]::operator ()() const::[lambda() (instance 4)]::operator ()() const::[lambda(curandStatePhilox4_32_10 *) (instance 1)], void at::native::<unnamed>::distribution_nullary_kernel<long, unsigned long, ulonglong2, at::CUDAGeneratorImpl *, void at::native::templates::cuda::random_from_to_kernel<at::CUDAGeneratorImpl *>(at::TensorIteratorBase &, unsigned long, long, T1)::[lambda() (instance 1)]::operator ()() const::[lambda() (instance 4)]::operator ()() const::[lambda(curandStatePhilox4_32_10 *) (instance 1)], void at::native::templates::cuda::random_from_to_kernel<at::CUDAGeneratorImpl *>(at::TensorIteratorBase &, unsigned long, long, T1)::[lambda() (instance 1)]::operator ()() const::[lambda() (instance 4)]::operator ()() const::[lambda(unsigned long) (instance 1)]>(at::TensorIteratorBase &, T4, const T5 &, T6)::[lambda(int, unsigned long) (instance 1)]>(long, at::PhiloxCudaState, T3, T4)",256,286.807,0.04257893115738018,1.12033984375,1.12,1.216,1.344,0.46860780943282415,18,15
1,b4_p64_o256,full_request,triton_per_fused__to_copy_amax_ge_mul_neg_scalar_tensor_unsqueeze_where_1,256,216.496,0.03214066699853274,0.8456875,0.832,0.936,1.088,0.5025497006873106,21,16
1,b4_p64_o256,full_request,triton_per_fused__softmax__to_copy_div_ge_mul_neg_scalar_tensor_sub_unsqueeze_where_3,256,166.571,0.024728877404721544,0.65066796875,0.64,0.704,0.864,0.5186977324984542,23,17
1,b4_p64_o256,full_request,"void at::native::<unnamed>::indexSelectSmallIndex<c10::BFloat16, long, unsigned int, (int)2, (int)2, (int)-2>(at::cuda::detail::TensorInfo<T1, T3>, at::cuda::detail::TensorInfo<const T1, T3>, at::cuda::detail::TensorInfo<const T2, T3>, int, int, T3, long)",255,655.048,0.09724743014214984,2.56881568627451,2.56,2.752,2.944,0.4494327133278782,17,18
1,b4_p64_o256,full_request,"void at::native::elementwise_kernel<(int)128, (int)2, void at::native::gpu_kernel_impl_nocast<at::native::direct_copy_kernel_cuda(at::TensorIteratorBase &)::[lambda() (instance 3)]::operator ()() const::[lambda() (instance 3)]::operator ()() const::[lambda(int) (instance 1)]>(at::TensorIteratorBase &, const T1 &)::[lambda(int) (instance 1)]>(int, T3)",255,224.494,0.033328037918338486,0.8803686274509804,0.896,1.0022999999999995,1.152,0.513154026388233,20,19
1,b4_p64_o256,full_request,void cutlass::Kernel2<cutlass_80_wmma_tensorop_bf16_s161616gemm_bf16_32x32_64x2_tn_align8>(T1::Params),56,1493.0,0.22164851003625644,26.660714285714285,26.497500000000002,32.146,32.29,2.162759544541192,13,20
1,b4_p64_o256,full_request,void cutlass::Kernel2<cutlass_80_tensorop_bf16_s16816gemm_relu_bf16_128x128_32x5_tn_align8>(T1::Params),28,1494.948,0.22193770715450872,53.391,53.3635,54.1144,54.34,3.6349090403144455,12,21
1,b4_p64_o256,full_request,void cutlass::Kernel2<cutlass_80_tensorop_bf16_s16816gemm_relu_bf16_128x128_64x3_tn_align8>(T1::Params),28,994.051,0.14757530010050285,35.50182142857143,26.69,29.009349999999998,264.978,26.656378797466125,14,22
1,b4_p64_o256,full_request,"void flash::flash_fwd_kernel<Flash_fwd_kernel_traits<(int)128, (int)128, (int)64, (int)4, (bool)0, (bool)0, cutlass::bfloat16_t, Flash_kernel_traits<(int)128, (int)128, (int)64, (int)4, cutlass::bfloat16_t>>, (bool)0, (bool)1, (bool)0, (bool)0, (bool)0, (bool)1, (bool)0, (bool)0>(flash::Flash_fwd_params)",28,182.186,0.027047056563607112,6.506642857142857,6.176,8.128,8.417,4.620003732449255,22,23
1,b4_p64_o256,full_request,"void at::native::vectorized_gather_kernel<(int)16, long>(char *, char *, T2 *, int, long, long, long, long, bool)",2,2.944,0.0004370617639294969,1.472,1.472,1.9904000000000002,2.048,69.56521739130436,24,24
1,b4_p64_o256,full_request,"void at::native::unrolled_elementwise_kernel<at::native::direct_copy_kernel_cuda(at::TensorIteratorBase &)::[lambda() (instance 3)]::operator ()() const::[lambda() (instance 4)]::operator ()() const::[lambda(long) (instance 1)], std::array<char *, (unsigned long)2>, (int)4, TrivialOffsetCalculator<(int)1, unsigned int>, TrivialOffsetCalculator<(int)1, unsigned int>, at::native::memory::LoadWithCast<(int)1>, at::native::memory::StoreWithCast<(int)1>>(int, T1, T2, T4, T5, T6, T7)",1,0.896,0.000133018797717673,0.896,0.896,0.896,0.896,100.00000000000001,25,25
1,b4_p64_o256,full_request,"void at::native::unrolled_elementwise_kernel<at::native::CUDAFunctorOnSelf_add<int>, std::array<char *, (unsigned long)2>, (int)4, TrivialOffsetCalculator<(int)1, unsigned int>, TrivialOffsetCalculator<(int)1, unsigned int>, at::native::memory::LoadWithoutCast, at::native::memory::StoreWithoutCast>(int, T1, T2, T4, T5, T6, T7)",1,0.736,0.00010926544098237422,0.736,0.736,0.736,0.736,100.0,26,26
1,b4_p64_o256,prefill,triton_per_fused__to_copy_add_mean_mul_pow_rsqrt_0,57,81.029,1.6280229955309686,1.4215614035087718,1.377,1.5495999999999996,1.952,2.4090140566957507,7,1
1,b4_p64_o256,prefill,void cutlass::Kernel2<cutlass_80_wmma_tensorop_bf16_s161616gemm_bf16_32x32_64x2_tn_align8>(T1::Params),56,1493.0,29.99714092889874,26.660714285714285,26.497500000000002,32.146,32.29,2.162759544541192,2,2
1,b4_p64_o256,prefill,triton_red_fused__to_copy_add_mean_mul_pow_rsqrt_0,56,95.207,1.9128853291477979,1.7001249999999999,1.8085,2.04825,2.24,2.3527681788103822,6,3
1,b4_p64_o256,prefill,void cutlass::Kernel2<cutlass_80_tensorop_bf16_s16816gemm_relu_bf16_128x128_32x5_tn_align8>(T1::Params),28,1494.948,30.036279864283536,53.391,53.3635,54.1144,54.34,3.6349090403144455,1,4
1,b4_p64_o256,prefill,void cutlass::Kernel2<cutlass_80_tensorop_bf16_s16816gemm_relu_bf16_128x128_64x3_tn_align8>(T1::Params),28,994.051,19.97232949598977,35.50182142857143,26.69,29.009349999999998,264.978,26.656378797466125,3,5
1,b4_p64_o256,prefill,"void flash::flash_fwd_kernel<Flash_fwd_kernel_traits<(int)128, (int)128, (int)64, (int)4, (bool)0, (bool)0, cutlass::bfloat16_t, Flash_kernel_traits<(int)128, (int)128, (int)64, (int)4, cutlass::bfloat16_t>>, (bool)0, (bool)1, (bool)0, (bool)0, (bool)0, (bool)1, (bool)0, (bool)0>(flash::Flash_fwd_params)",28,182.186,3.660454867563528,6.506642857142857,6.176,8.128,8.417,4.620003732449255,5,6
1,b4_p64_o256,prefill,triton_poi_fused__to_copy_add_cat_index_mul_split_sub_0,28,72.361,1.4538667881822116,2.5843214285714287,2.528,3.0704,3.169,4.3794309089150225,9,7
1,b4_p64_o256,prefill,triton_poi_fused_mul_silu_split_0,28,46.341,0.9310766964407882,1.6550357142857142,1.664,1.7386,1.952,4.212252648842277,10,8
1,b4_p64_o256,prefill,triton_poi_fused__to_copy_add_cat_index_mul_split_sub_1,28,43.746,0.878938330258275,1.5623571428571428,1.537,1.632,1.632,3.730626800164586,11,9
1,b4_p64_o256,prefill,store_kvcache_kernel,28,35.202,0.7072735130469481,1.2572142857142858,1.12,2.06785,2.848,8.090449406283735,12,10
1,b4_p64_o256,prefill,"void at::native::vectorized_gather_kernel<(int)16, long>(char *, char *, T2 *, int, long, long, long, long, bool)",2,2.944,0.0591504239080227,1.472,1.472,1.9904000000000002,2.048,69.56521739130436,14,11
1,b4_p64_o256,prefill,void cutlass::Kernel2<cutlass_80_wmma_tensorop_bf16_s161616gemm_bf16_16x16_128x2_tn_align8>(T1::Params),1,351.48,7.061885528258091,351.48,351.48,351.48,351.48,100.0,4,12
1,b4_p64_o256,prefill,triton_red_fused__softmax__to_copy_argmax_clamp_min_div_exponential_ge_mul_neg_scalar_tensor_sub_unsqueeze_where_4,1,74.085,1.4885051478348714,74.085,74.085,74.085,74.085,100.0,8,13
1,b4_p64_o256,prefill,triton_red_fused__to_copy_amax_ge_mul_neg_scalar_tensor_unsqueeze_where_0,1,3.456,0.06943745415289622,3.456,3.456,3.456,3.456,100.00000000000001,13,14
1,b4_p64_o256,prefill,triton_red_fused__softmax__to_copy_div_ge_mul_neg_scalar_tensor_sub_unsqueeze_where_2,1,2.944,0.0591504239080227,2.944,2.944,2.944,2.944,100.0,15,15
1,b4_p64_o256,prefill,"void at::native::<unnamed>::distribution_elementwise_grid_stride_kernel<unsigned long, (int)2, void at::native::templates::cuda::random_from_to_kernel<at::CUDAGeneratorImpl *>(at::TensorIteratorBase &, unsigned long, long, T1)::[lambda() (instance 1)]::operator ()() const::[lambda() (instance 4)]::operator ()() const::[lambda(curandStatePhilox4_32_10 *) (instance 1)], void at::native::<unnamed>::distribution_nullary_kernel<long, unsigned long, ulonglong2, at::CUDAGeneratorImpl *, void at::native::templates::cuda::random_from_to_kernel<at::CUDAGeneratorImpl *>(at::TensorIteratorBase &, unsigned long, long, T1)::[lambda() (instance 1)]::operator ()() const::[lambda() (instance 4)]::operator ()() const::[lambda(curandStatePhilox4_32_10 *) (instance 1)], void at::native::templates::cuda::random_from_to_kernel<at::CUDAGeneratorImpl *>(at::TensorIteratorBase &, unsigned long, long, T1)::[lambda() (instance 1)]::operator ()() const::[lambda() (instance 4)]::operator ()() const::[lambda(unsigned long) (instance 1)]>(at::TensorIteratorBase &, T4, const T5 &, T6)::[lambda(int, unsigned long) (instance 1)]>(long, at::PhiloxCudaState, T3, T4)",1,1.088,0.02185993927035622,1.088,1.088,1.088,1.088,100.0,16,16
1,b4_p64_o256,prefill,"void at::native::unrolled_elementwise_kernel<at::native::direct_copy_kernel_cuda(at::TensorIteratorBase &)::[lambda() (instance 3)]::operator ()() const::[lambda() (instance 4)]::operator ()() const::[lambda(long) (instance 1)], std::array<char *, (unsigned long)2>, (int)4, TrivialOffsetCalculator<(int)1, unsigned int>, TrivialOffsetCalculator<(int)1, unsigned int>, at::native::memory::LoadWithCast<(int)1>, at::native::memory::StoreWithCast<(int)1>>(int, T1, T2, T4, T5, T6, T7)",1,0.896,0.01800230292852865,0.896,0.896,0.896,0.896,100.00000000000001,17,17
1,b4_p64_o256,prefill,triton_per_fused__to_copy_amax_ge_mul_neg_scalar_tensor_unsqueeze_where_1,1,0.801,0.016093576613561884,0.801,0.801,0.801,0.801,100.0,18,18
1,b4_p64_o256,prefill,"void at::native::unrolled_elementwise_kernel<at::native::CUDAFunctorOnSelf_add<int>, std::array<char *, (unsigned long)2>, (int)4, TrivialOffsetCalculator<(int)1, unsigned int>, TrivialOffsetCalculator<(int)1, unsigned int>, at::native::memory::LoadWithoutCast, at::native::memory::StoreWithoutCast>(int, T1, T2, T4, T5, T6, T7)",1,0.736,0.014787605977005675,0.736,0.736,0.736,0.736,100.0,19,19
1,b4_p64_o256,prefill,triton_per_fused__softmax__to_copy_div_ge_mul_neg_scalar_tensor_sub_unsqueeze_where_3,1,0.64,0.012858787806091891,0.64,0.64,0.64,0.64,100.0,20,20
1,b8_p256_o256,decode_all,void cutlass::Kernel2<cutlass_80_wmma_tensorop_bf16_s161616gemm_bf16_16x16_128x2_tn_align8>(T1::Params),28815,490389.433,65.45290365834637,17.018547041471457,11.425,16.353,1180.08,0.2406414006070151,1,1
1,b8_p256_o256,decode_all,triton_per_fused__to_copy_add_mean_mul_pow_rsqrt_0,14535,14759.642,1.9699882600400214,1.0154552459580324,0.896,1.024,425.309,2.8815671816430237,5,2
1,b8_p256_o256,decode_all,triton_red_fused__to_copy_add_mean_mul_pow_rsqrt_0,14280,13858.419,1.8497008757201272,0.9704775210084033,0.864,1.056,469.056,3.3846285063252886,6,3
1,b8_p256_o256,decode_all,"void flash::flash_fwd_splitkv_kernel<Flash_fwd_kernel_traits<(int)128, (int)64, (int)128, (int)4, (bool)0, (bool)0, cutlass::bfloat16_t, Flash_kernel_traits<(int)128, (int)64, (int)128, (int)4, cutlass::bfloat16_t>>, (bool)0, (bool)0, (bool)0, (bool)0, (bool)1, (bool)0, (bool)1, (bool)0>(flash::Flash_fwd_params)",7140,153549.378,20.494431504263282,21.50551512605042,19.585,22.498,865.562,0.5637027067605574,2,4
1,b8_p256_o256,decode_all,"void flash::flash_fwd_splitkv_combine_kernel<Flash_fwd_kernel_traits<(int)128, (int)64, (int)128, (int)4, (bool)0, (bool)0, cutlass::bfloat16_t, Flash_kernel_traits<(int)128, (int)64, (int)128, (int)4, cutlass::bfloat16_t>>, (int)4, (int)3, (bool)1>(flash::Flash_fwd_params)",7140,21147.961,2.822645352359104,2.961899299719888,2.432,2.497,813.559,3.846985532080374,3,5
1,b8_p256_o256,decode_all,triton_poi_fused__to_copy_add_cat_index_mul_split_sub_0,7140,7306.354,0.9751883957413364,1.0232988795518208,0.832,0.992,675.854,9.250222477585949,7,6
1,b8_p256_o256,decode_all,"void cublasLt::splitKreduce_kernel<(int)32, (int)16, int, __nv_bfloat16, __nv_bfloat16, float, __nv_bfloat16, (bool)0, __nv_bfloat16, __nv_bfloat16, __nv_bfloat16, (bool)1, (bool)0, (bool)0>(cublasLt::cublasSplitKParams<T6>, const T4 *, const T10 *, T9 *, T5 *, const T6 *, const T6 *, const T11 *, const T4 *, T11 *, void *, long, T6 *, int *, T6 *, T6 *, const T6 *, const T6 *, const T6 *, const T6 *, const T6 *)",7140,7128.034,0.9513877976963203,0.9983240896358544,0.896,0.96,407.356,5.714843672182259,8,7
1,b8_p256_o256,decode_all,triton_poi_fused__to_copy_add_cat_index_mul_split_sub_1,7140,6338.082,0.8459518957960485,0.8876865546218488,0.8,0.832,395.642,6.242298537633308,9,8
1,b8_p256_o256,decode_all,store_kvcache_kernel,7140,5809.345,0.7753806934153415,0.8136337535014005,0.768,0.8,387.546,6.671079097557469,10,9
1,b8_p256_o256,decode_all,triton_poi_fused_mul_silu_split_0,7140,4923.896,0.6571986850126866,0.6896212885154062,0.64,0.736,392.218,7.965602847826194,11,10
1,b8_p256_o256,decode_all,"void at::native::vectorized_elementwise_kernel<(int)4, at::native::FillFunctor<int>, std::array<char *, (unsigned long)1>>(int, T2, T3)",510,276.269,0.036873976117645445,0.5417039215686275,0.544,0.6260499999999986,0.768,0.2779899301043548,16,11
1,b8_p256_o256,decode_all,triton_red_fused__softmax__to_copy_argmax_clamp_min_div_exponential_ge_mul_neg_scalar_tensor_sub_unsqueeze_where_4,255,19141.266,2.5548092089430905,75.06378823529411,73.829,74.19059999999999,379.962,1.9850411148353508,4,12
1,b8_p256_o256,decode_all,"void at::native::<unnamed>::indexSelectSmallIndex<c10::BFloat16, long, unsigned int, (int)2, (int)2, (int)-2>(at::cuda::detail::TensorInfo<T1, T3>, at::cuda::detail::TensorInfo<const T1, T3>, at::cuda::detail::TensorInfo<const T2, T3>, int, int, T3, long)",255,1620.1109999999999,0.21623828341918447,6.353376470588235,4.512,4.768,474.784,29.30564634151611,12,13
1,b8_p256_o256,decode_all,triton_red_fused__to_copy_amax_ge_mul_neg_scalar_tensor_unsqueeze_where_0,255,1106.532,0.1476902386493253,4.3393411764705885,4.224,5.5142999999999995,7.552,0.6824926888693684,13,14
1,b8_p256_o256,decode_all,triton_red_fused__softmax__to_copy_div_ge_mul_neg_scalar_tensor_sub_unsqueeze_where_2,255,1042.295,0.13911644425375724,4.08743137254902,4.064,4.192,6.752,0.6478012462882389,14,15
1,b8_p256_o256,decode_all,"void at::native::<unnamed>::distribution_elementwise_grid_stride_kernel<unsigned long, (int)2, void at::native::templates::cuda::random_from_to_kernel<at::CUDAGeneratorImpl *>(at::TensorIteratorBase &, unsigned long, long, T1)::[lambda() (instance 1)]::operator ()() const::[lambda() (instance 4)]::operator ()() const::[lambda(curandStatePhilox4_32_10 *) (instance 1)], void at::native::<unnamed>::distribution_nullary_kernel<long, unsigned long, ulonglong2, at::CUDAGeneratorImpl *, void at::native::templates::cuda::random_from_to_kernel<at::CUDAGeneratorImpl *>(at::TensorIteratorBase &, unsigned long, long, T1)::[lambda() (instance 1)]::operator ()() const::[lambda() (instance 4)]::operator ()() const::[lambda(curandStatePhilox4_32_10 *) (instance 1)], void at::native::templates::cuda::random_from_to_kernel<at::CUDAGeneratorImpl *>(at::TensorIteratorBase &, unsigned long, long, T1)::[lambda() (instance 1)]::operator ()() const::[lambda() (instance 4)]::operator ()() const::[lambda(unsigned long) (instance 1)]>(at::TensorIteratorBase &, T4, const T5 &, T6)::[lambda(int, unsigned long) (instance 1)]>(long, at::PhiloxCudaState, T3, T4)",255,287.663,0.03839474784333473,1.1280901960784315,1.12,1.248,1.408,0.48946162697322904,15,16
1,b8_p256_o256,decode_all,"void at::native::elementwise_kernel<(int)128, (int)2, void at::native::gpu_kernel_impl_nocast<at::native::direct_copy_kernel_cuda(at::TensorIteratorBase &)::[lambda() (instance 3)]::operator ()() const::[lambda() (instance 3)]::operator ()() const::[lambda(int) (instance 1)]>(at::TensorIteratorBase &, const T1 &)::[lambda(int) (instance 1)]>(int, T3)",255,201.546,0.026900601915549587,0.7903764705882353,0.768,0.928,1.12,0.5557044049497386,17,17
1,b8_p256_o256,decode_all,triton_per_fused__to_copy_amax_ge_mul_neg_scalar_tensor_unsqueeze_where_1,255,173.708,0.023185028517292764,0.6812078431372549,0.672,0.736,0.896,0.5158081377944598,18,18
1,b8_p256_o256,decode_all,triton_per_fused__softmax__to_copy_div_ge_mul_neg_scalar_tensor_sub_unsqueeze_where_3,255,164.937,0.02201435195015035,0.6468117647058824,0.64,0.673,0.8,0.4850336795261221,19,19
1,b8_p256_o256,decode_early,void cutlass::Kernel2<cutlass_80_wmma_tensorop_bf16_s161616gemm_bf16_16x16_128x2_tn_align8>(T1::Params),3616,62290.179000000004,68.0115826591555,17.22626631637168,11.425,16.353,969.25,1.5560237834603108,1,1
1,b8_p256_o256,decode_early,triton_per_fused__to_copy_add_mean_mul_pow_rsqrt_0,1824,1644.567,1.7956218179918761,0.9016266447368421,0.896,1.024,1.537,0.09345925097609278,6,2
1,b8_p256_o256,decode_early,triton_red_fused__to_copy_add_mean_mul_pow_rsqrt_0,1792,2063.108,2.252606149626974,1.1512879464285715,0.865,1.056,469.056,22.73540696851546,5,3
1,b8_p256_o256,decode_early,"void flash::flash_fwd_splitkv_kernel<Flash_fwd_kernel_traits<(int)128, (int)64, (int)128, (int)4, (bool)0, (bool)0, cutlass::bfloat16_t, Flash_kernel_traits<(int)128, (int)64, (int)128, (int)4, cutlass::bfloat16_t>>, (bool)0, (bool)0, (bool)0, (bool)0, (bool)1, (bool)0, (bool)1, (bool)0>(flash::Flash_fwd_params)",896,16462.329,17.974407322632878,18.373135044642858,15.521,16.265,638.731,3.8799552602793925,2,4
1,b8_p256_o256,decode_early,"void flash::flash_fwd_splitkv_combine_kernel<Flash_fwd_kernel_traits<(int)128, (int)64, (int)128, (int)4, (bool)0, (bool)0, cutlass::bfloat16_t, Flash_kernel_traits<(int)128, (int)64, (int)128, (int)4, cutlass::bfloat16_t>>, (int)4, (int)3, (bool)1>(flash::Flash_fwd_params)",896,2692.47,2.9397755617670707,3.0049888392857143,2.432,2.496,313.174,11.631475931022445,3,5
1,b8_p256_o256,decode_early,"void cublasLt::splitKreduce_kernel<(int)32, (int)16, int, __nv_bfloat16, __nv_bfloat16, float, __nv_bfloat16, (bool)0, __nv_bfloat16, __nv_bfloat16, __nv_bfloat16, (bool)1, (bool)0, (bool)0>(cublasLt::cublasSplitKParams<T6>, const T4 *, const T10 *, T9 *, T5 *, const T6 *, const T6 *, const T11 *, const T4 *, T11 *, void *, long, T6 *, int *, T6 *, T6 *, const T6 *, const T6 *, const T6 *, const T6 *, const T6 *)",896,801.294,0.874893506330835,0.8943013392857143,0.896,0.96,1.312,0.16373515838131825,7,6
1,b8_p256_o256,decode_early,triton_poi_fused__to_copy_add_cat_index_mul_split_sub_0,896,748.493,0.8172426914891234,0.8353716517857143,0.832,0.992,1.312,0.1752855404125356,8,7
1,b8_p256_o256,decode_early,triton_poi_fused__to_copy_add_cat_index_mul_split_sub_1,896,721.683,0.7879701711598439,0.8054497767857143,0.8,0.832,1.024,0.14189055305445744,9,8
1,b8_p256_o256,decode_early,store_kvcache_kernel,896,679.442,0.7418493009163118,0.7583058035714286,0.768,0.769,1.184,0.1742606432925842,10,9
1,b8_p256_o256,decode_early,triton_poi_fused_mul_silu_split_0,896,568.103,0.6202837231116997,0.6340435267857143,0.64,0.704,0.896,0.15771787862412276,11,10
1,b8_p256_o256,decode_early,"void at::native::vectorized_elementwise_kernel<(int)4, at::native::FillFunctor<int>, std::array<char *, (unsigned long)1>>(int, T2, T3)",64,35.009,0.03822460515508191,0.547015625,0.544,0.608,0.768,2.1937216144420004,16,11
1,b8_p256_o256,decode_early,triton_red_fused__softmax__to_copy_argmax_clamp_min_div_exponential_ge_mul_neg_scalar_tensor_sub_unsqueeze_where_4,32,2364.544,2.5817292916626577,73.892,73.861,74.17779999999999,74.309,3.1426355356466193,4,12
1,b8_p256_o256,decode_early,"void at::native::<unnamed>::indexSelectSmallIndex<c10::BFloat16, long, unsigned int, (int)2, (int)2, (int)-2>(at::cuda::detail::TensorInfo<T1, T3>, at::cuda::detail::TensorInfo<const T1, T3>, at::cuda::detail::TensorInfo<const T2, T3>, int, int, T3, long)",32,143.307,0.1564698646336463,4.47834375,4.4805,4.7184,4.8,3.3494525738449625,12,13
1,b8_p256_o256,decode_early,triton_red_fused__to_copy_amax_ge_mul_neg_scalar_tensor_unsqueeze_where_0,32,139.048,0.15181967201587673,4.34525,4.272,5.4346,5.633,4.051119038030032,13,14
1,b8_p256_o256,decode_early,triton_red_fused__softmax__to_copy_div_ge_mul_neg_scalar_tensor_sub_unsqueeze_where_2,32,130.37900000000002,0.14235441730739024,4.074343750000001,4.064,4.12535,4.192,3.2152417183748914,14,15
1,b8_p256_o256,decode_early,"void at::native::<unnamed>::distribution_elementwise_grid_stride_kernel<unsigned long, (int)2, void at::native::templates::cuda::random_from_to_kernel<at::CUDAGeneratorImpl *>(at::TensorIteratorBase &, unsigned long, long, T1)::[lambda() (instance 1)]::operator ()() const::[lambda() (instance 4)]::operator ()() const::[lambda(curandStatePhilox4_32_10 *) (instance 1)], void at::native::<unnamed>::distribution_nullary_kernel<long, unsigned long, ulonglong2, at::CUDAGeneratorImpl *, void at::native::templates::cuda::random_from_to_kernel<at::CUDAGeneratorImpl *>(at::TensorIteratorBase &, unsigned long, long, T1)::[lambda() (instance 1)]::operator ()() const::[lambda() (instance 4)]::operator ()() const::[lambda(curandStatePhilox4_32_10 *) (instance 1)], void at::native::templates::cuda::random_from_to_kernel<at::CUDAGeneratorImpl *>(at::TensorIteratorBase &, unsigned long, long, T1)::[lambda() (instance 1)]::operator ()() const::[lambda() (instance 4)]::operator ()() const::[lambda(unsigned long) (instance 1)]>(at::TensorIteratorBase &, T4, const T5 &, T6)::[lambda(int, unsigned long) (instance 1)]>(long, at::PhiloxCudaState, T3, T4)",32,35.841,0.03913302503251423,1.12003125,1.12,1.152,1.28,3.5713289249741913,15,16
1,b8_p256_o256,decode_early,"void at::native::elementwise_kernel<(int)128, (int)2, void at::native::gpu_kernel_impl_nocast<at::native::direct_copy_kernel_cuda(at::TensorIteratorBase &)::[lambda() (instance 3)]::operator ()() const::[lambda() (instance 3)]::operator ()() const::[lambda(int) (instance 1)]>(at::TensorIteratorBase &, const T1 &)::[lambda(int) (instance 1)]>(int, T3)",32,25.056,0.027357414001134915,0.783,0.768,0.9104,0.96,3.8314176245210727,17,17
1,b8_p256_o256,decode_early,triton_per_fused__to_copy_amax_ge_mul_neg_scalar_tensor_unsqueeze_where_1,32,21.824,0.0238285521695709,0.682,0.672,0.7504,0.896,4.105571847507331,18,18
1,b8_p256_o256,decode_early,triton_per_fused__softmax__to_copy_div_ge_mul_neg_scalar_tensor_sub_unsqueeze_where_3,32,20.928,0.0228502538400284,0.654,0.64,0.736,0.8,3.8226299694189603,19,19
1,b8_p256_o256,decode_late,void cutlass::Kernel2<cutlass_80_wmma_tensorop_bf16_s161616gemm_bf16_16x16_128x2_tn_align8>(T1::Params),3616,61850.613,64.22713117787487,17.104704922566373,11.457,16.321,816.12,1.319501877855277,1,1
1,b8_p256_o256,decode_late,triton_per_fused__to_copy_add_mean_mul_pow_rsqrt_0,1824,1630.981,1.693649028759368,0.8941781798245614,0.896,1.024,1.408,0.08632841216421282,5,2
1,b8_p256_o256,decode_late,triton_red_fused__to_copy_add_mean_mul_pow_rsqrt_0,1792,1575.597,1.6361369806062571,0.8792393973214285,0.8645,1.056,1.632,0.10357978594780264,6,3
1,b8_p256_o256,decode_late,"void flash::flash_fwd_splitkv_kernel<Flash_fwd_kernel_traits<(int)128, (int)64, (int)128, (int)4, (bool)0, (bool)0, cutlass::bfloat16_t, Flash_kernel_traits<(int)128, (int)64, (int)128, (int)4, cutlass::bfloat16_t>>, (bool)0, (bool)0, (bool)0, (bool)0, (bool)1, (bool)0, (bool)1, (bool)0>(flash::Flash_fwd_params)",896,22120.306,22.97024598861668,24.687841517857144,22.242,23.297,865.562,3.9129748024281397,2,4
1,b8_p256_o256,decode_late,"void flash::flash_fwd_splitkv_combine_kernel<Flash_fwd_kernel_traits<(int)128, (int)64, (int)128, (int)4, (bool)0, (bool)0, cutlass::bfloat16_t, Flash_kernel_traits<(int)128, (int)64, (int)128, (int)4, cutlass::bfloat16_t>>, (int)4, (int)3, (bool)1>(flash::Flash_fwd_params)",896,2382.138,2.4736681237063967,2.6586361607142854,2.432,2.56,194.573,8.16799866338558,4,5
1,b8_p256_o256,decode_late,"void cublasLt::splitKreduce_kernel<(int)32, (int)16, int, __nv_bfloat16, __nv_bfloat16, float, __nv_bfloat16, (bool)0, __nv_bfloat16, __nv_bfloat16, __nv_bfloat16, (bool)1, (bool)0, (bool)0>(cublasLt::cublasSplitKParams<T6>, const T4 *, const T10 *, T9 *, T5 *, const T6 *, const T6 *, const T11 *, const T4 *, T11 *, void *, long, T6 *, int *, T6 *, T6 *, const T6 *, const T6 *, const T6 *, const T6 *, const T6 *)",896,801.214,0.831999461016657,0.8942120535714286,0.896,0.96,1.28,0.15975756789072582,7,6
1,b8_p256_o256,decode_late,triton_poi_fused__to_copy_add_cat_index_mul_split_sub_0,896,748.467,0.7772257356820451,0.8353426339285714,0.832,0.96,1.408,0.18811784621098857,8,7
1,b8_p256_o256,decode_late,triton_poi_fused__to_copy_add_cat_index_mul_split_sub_1,896,721.621,0.7493482179022095,0.8053805803571429,0.8,0.832,0.993,0.13760686011077838,9,8
1,b8_p256_o256,decode_late,store_kvcache_kernel,896,680.232,0.7063689068916451,0.7591875,0.768,0.8,1.28,0.18817109456773573,10,9
1,b8_p256_o256,decode_late,triton_poi_fused_mul_silu_split_0,896,567.221,0.5890156266332455,0.6330591517857143,0.609,0.736,0.992,0.17488774216751496,11,10
1,b8_p256_o256,decode_late,"void at::native::vectorized_elementwise_kernel<(int)4, at::native::FillFunctor<int>, std::array<char *, (unsigned long)1>>(int, T2, T3)",64,34.628,0.03595852960143582,0.5410625,0.544,0.609,0.704,2.033036848792884,16,11
1,b8_p256_o256,decode_late,triton_red_fused__softmax__to_copy_argmax_clamp_min_div_exponential_ge_mul_neg_scalar_tensor_sub_unsqueeze_where_4,32,2670.261,2.7728618231506177,83.44565625,73.861,74.245,379.962,14.229395553468368,3,12
1,b8_p256_o256,decode_late,"void at::native::<unnamed>::indexSelectSmallIndex<c10::BFloat16, long, unsigned int, (int)2, (int)2, (int)-2>(at::cuda::detail::TensorInfo<T1, T3>, at::cuda::detail::TensorInfo<const T1, T3>, at::cuda::detail::TensorInfo<const T2, T3>, int, int, T3, long)",32,144.582,0.1501373491635322,4.5181875,4.544499999999999,4.6864,4.8,3.319915342158775,12,13
1,b8_p256_o256,decode_late,triton_red_fused__to_copy_amax_ge_mul_neg_scalar_tensor_unsqueeze_where_0,32,136.553,0.14179984673284235,4.26728125,4.208,4.41335,6.08,4.452483651036594,13,14
1,b8_p256_o256,decode_late,triton_red_fused__softmax__to_copy_div_ge_mul_neg_scalar_tensor_sub_unsqueeze_where_2,32,130.698,0.13571987703154842,4.0843125,4.064,4.17165,4.257,3.2571271174769314,14,15
1,b8_p256_o256,decode_late,"void at::native::<unnamed>::distribution_elementwise_grid_stride_kernel<unsigned long, (int)2, void at::native::templates::cuda::random_from_to_kernel<at::CUDAGeneratorImpl *>(at::TensorIteratorBase &, unsigned long, long, T1)::[lambda() (instance 1)]::operator ()() const::[lambda() (instance 4)]::operator ()() const::[lambda(curandStatePhilox4_32_10 *) (instance 1)], void at::native::<unnamed>::distribution_nullary_kernel<long, unsigned long, ulonglong2, at::CUDAGeneratorImpl *, void at::native::templates::cuda::random_from_to_kernel<at::CUDAGeneratorImpl *>(at::TensorIteratorBase &, unsigned long, long, T1)::[lambda() (instance 1)]::operator ()() const::[lambda() (instance 4)]::operator ()() const::[lambda(curandStatePhilox4_32_10 *) (instance 1)], void at::native::templates::cuda::random_from_to_kernel<at::CUDAGeneratorImpl *>(at::TensorIteratorBase &, unsigned long, long, T1)::[lambda() (instance 1)]::operator ()() const::[lambda() (instance 4)]::operator ()() const::[lambda(unsigned long) (instance 1)]>(at::TensorIteratorBase &, T4, const T5 &, T6)::[lambda(int, unsigned long) (instance 1)]>(long, at::PhiloxCudaState, T3, T4)",32,36.418,0.03781730769969647,1.1380625,1.12,1.2624,1.408,3.8662200010983576,15,16
1,b8_p256_o256,decode_late,"void at::native::elementwise_kernel<(int)128, (int)2, void at::native::gpu_kernel_impl_nocast<at::native::direct_copy_kernel_cuda(at::TensorIteratorBase &)::[lambda() (instance 3)]::operator ()() const::[lambda() (instance 3)]::operator ()() const::[lambda(int) (instance 1)]>(at::TensorIteratorBase &, const T1 &)::[lambda(int) (instance 1)]>(int, T3)",32,25.635,0.02661998689883352,0.80109375,0.7685,0.9104,1.024,3.9945387165984005,17,17
1,b8_p256_o256,decode_late,triton_per_fused__to_copy_amax_ge_mul_neg_scalar_tensor_unsqueeze_where_1,32,21.857,0.022696822845633086,0.68303125,0.672,0.71895,0.832,3.806560827194949,18,18
1,b8_p256_o256,decode_late,triton_per_fused__softmax__to_copy_div_ge_mul_neg_scalar_tensor_sub_unsqueeze_where_3,32,20.8,0.021599209186492576,0.65,0.64,0.672,0.704,3.384615384615384,19,19
1,b8_p256_o256,full_request,void cutlass::Kernel2<cutlass_80_wmma_tensorop_bf16_s161616gemm_bf16_16x16_128x2_tn_align8>(T1::Params),28816,491310.999,63.103481395844916,17.0499375,11.425,16.353,1180.08,0.24019002269476974,1,1
1,b8_p256_o256,full_request,triton_per_fused__to_copy_add_mean_mul_pow_rsqrt_0,14592,15147.831,1.9455718956861843,1.0380914884868422,0.896,1.024,425.309,2.8077221088616584,6,2
1,b8_p256_o256,full_request,triton_red_fused__to_copy_add_mean_mul_pow_rsqrt_0,14336,14253.485,1.8307030116446763,0.9942442103794643,0.864,1.056,469.056,3.2908162459917696,7,3
1,b8_p256_o256,full_request,triton_poi_fused__to_copy_add_cat_index_mul_split_sub_0,7168,8137.515,1.0451740902525752,1.1352559988839286,0.832,0.992,675.854,8.305410189720082,8,4
1,b8_p256_o256,full_request,triton_poi_fused__to_copy_add_cat_index_mul_split_sub_1,7168,6567.893,0.8435734485467933,0.9162797154017858,0.8,0.832,395.642,6.023880108887279,10,5
1,b8_p256_o256,full_request,store_kvcache_kernel,7168,5963.209,0.7659084550456705,0.8319208984375001,0.768,0.8,387.546,6.498950481192257,11,6
1,b8_p256_o256,full_request,triton_poi_fused_mul_silu_split_0,7168,5157.26,0.6623931911272664,0.7194838169642858,0.64,0.736,392.218,7.605162431213474,13,7
1,b8_p256_o256,full_request,"void flash::flash_fwd_splitkv_kernel<Flash_fwd_kernel_traits<(int)128, (int)64, (int)128, (int)4, (bool)0, (bool)0, cutlass::bfloat16_t, Flash_kernel_traits<(int)128, (int)64, (int)128, (int)4, cutlass::bfloat16_t>>, (bool)0, (bool)0, (bool)0, (bool)0, (bool)1, (bool)0, (bool)1, (bool)0>(flash::Flash_fwd_params)",7140,153549.378,19.72172480910927,21.50551512605042,19.585,22.498,865.562,0.5637027067605574,2,8
1,b8_p256_o256,full_request,"void flash::flash_fwd_splitkv_combine_kernel<Flash_fwd_kernel_traits<(int)128, (int)64, (int)128, (int)4, (bool)0, (bool)0, cutlass::bfloat16_t, Flash_kernel_traits<(int)128, (int)64, (int)128, (int)4, cutlass::bfloat16_t>>, (int)4, (int)3, (bool)1>(flash::Flash_fwd_params)",7140,21147.961,2.716222446148725,2.961899299719888,2.432,2.497,813.559,3.846985532080374,3,9
1,b8_p256_o256,full_request,"void cublasLt::splitKreduce_kernel<(int)32, (int)16, int, __nv_bfloat16, __nv_bfloat16, float, __nv_bfloat16, (bool)0, __nv_bfloat16, __nv_bfloat16, __nv_bfloat16, (bool)1, (bool)0, (bool)0>(cublasLt::cublasSplitKParams<T6>, const T4 *, const T10 *, T9 *, T5 *, const T6 *, const T6 *, const T11 *, const T4 *, T11 *, void *, long, T6 *, int *, T6 *, T6 *, const T6 *, const T6 *, const T6 *, const T6 *, const T6 *)",7140,7128.034,0.9155173847592815,0.9983240896358544,0.896,0.96,407.356,5.714843672182259,9,10
1,b8_p256_o256,full_request,"void at::native::vectorized_elementwise_kernel<(int)4, at::native::FillFunctor<int>, std::array<char *, (unsigned long)1>>(int, T2, T3)",510,276.269,0.03548370734063025,0.5417039215686275,0.544,0.6260499999999986,0.768,0.2779899301043548,20,11
1,b8_p256_o256,full_request,triton_red_fused__softmax__to_copy_argmax_clamp_min_div_exponential_ge_mul_neg_scalar_tensor_sub_unsqueeze_where_4,256,19215.415,2.468008217674645,75.06021484375,73.829,74.189,379.962,1.97738118068228,4,12
1,b8_p256_o256,full_request,triton_red_fused__to_copy_amax_ge_mul_neg_scalar_tensor_unsqueeze_where_0,256,1111.14,0.14271368331035295,4.340390625,4.224,5.51275,7.552,0.6796623287794517,17,13
1,b8_p256_o256,full_request,triton_red_fused__softmax__to_copy_div_ge_mul_neg_scalar_tensor_sub_unsqueeze_where_2,256,1046.327,0.13438916798699682,4.08721484375,4.064,4.192,6.752,0.6453049572456794,18,14
1,b8_p256_o256,full_request,"void at::native::<unnamed>::distribution_elementwise_grid_stride_kernel<unsigned long, (int)2, void at::native::templates::cuda::random_from_to_kernel<at::CUDAGeneratorImpl *>(at::TensorIteratorBase &, unsigned long, long, T1)::[lambda() (instance 1)]::operator ()() const::[lambda() (instance 4)]::operator ()() const::[lambda(curandStatePhilox4_32_10 *) (instance 1)], void at::native::<unnamed>::distribution_nullary_kernel<long, unsigned long, ulonglong2, at::CUDAGeneratorImpl *, void at::native::templates::cuda::random_from_to_kernel<at::CUDAGeneratorImpl *>(at::TensorIteratorBase &, unsigned long, long, T1)::[lambda() (instance 1)]::operator ()() const::[lambda() (instance 4)]::operator ()() const::[lambda(curandStatePhilox4_32_10 *) (instance 1)], void at::native::templates::cuda::random_from_to_kernel<at::CUDAGeneratorImpl *>(at::TensorIteratorBase &, unsigned long, long, T1)::[lambda() (instance 1)]::operator ()() const::[lambda() (instance 4)]::operator ()() const::[lambda(unsigned long) (instance 1)]>(at::TensorIteratorBase &, T4, const T5 &, T6)::[lambda(int, unsigned long) (instance 1)]>(long, at::PhiloxCudaState, T3, T4)",256,288.75100000000003,0.03708688263364447,1.1279335937500001,1.12,1.248,1.408,0.48761735890092145,19,15
1,b8_p256_o256,full_request,triton_per_fused__to_copy_amax_ge_mul_neg_scalar_tensor_unsqueeze_where_1,256,174.38,0.02239718855919087,0.681171875,0.672,0.736,0.896,0.5138203922468173,22,16
1,b8_p256_o256,full_request,triton_per_fused__softmax__to_copy_div_ge_mul_neg_scalar_tensor_sub_unsqueeze_where_3,256,165.577,0.02126654025728379,0.64678515625,0.64,0.673,0.8,0.48315889284139707,23,17
1,b8_p256_o256,full_request,"void at::native::<unnamed>::indexSelectSmallIndex<c10::BFloat16, long, unsigned int, (int)2, (int)2, (int)-2>(at::cuda::detail::TensorInfo<T1, T3>, at::cuda::detail::TensorInfo<const T1, T3>, at::cuda::detail::TensorInfo<const T2, T3>, int, int, T3, long)",255,1620.1109999999999,0.2080853971431315,6.353376470588235,4.512,4.768,474.784,29.30564634151611,16,18
1,b8_p256_o256,full_request,"void at::native::elementwise_kernel<(int)128, (int)2, void at::native::gpu_kernel_impl_nocast<at::native::direct_copy_kernel_cuda(at::TensorIteratorBase &)::[lambda() (instance 3)]::operator ()() const::[lambda() (instance 3)]::operator ()() const::[lambda(int) (instance 1)]>(at::TensorIteratorBase &, const T1 &)::[lambda(int) (instance 1)]>(int, T3)",255,201.546,0.025886361769415545,0.7903764705882353,0.768,0.928,1.12,0.5557044049497386,21,19
1,b8_p256_o256,full_request,void cutlass::Kernel2<cutlass_80_tensorop_bf16_s16816gemm_relu_bf16_256x128_32x3_tn_align8>(T1::Params),56,16146.345,2.0738200109344462,288.3275892857143,249.777,577.6872500000001,722.801,4.476561104076496,5,20
1,b8_p256_o256,full_request,void cutlass::Kernel2<cutlass_80_tensorop_bf16_s16816gemm_relu_bf16_64x256_32x4_tn_align8>(T1::Params),28,5406.062,0.6943490651260265,193.07364285714286,147.274,555.9674999999999,640.907,11.855339431919205,12,21
1,b8_p256_o256,full_request,void cutlass::Kernel2<cutlass_80_tensorop_bf16_s16816gemm_relu_bf16_128x128_32x6_tn_align8>(T1::Params),28,2766.302,0.35530099498604667,98.7965,98.583,99.78394999999999,102.695,3.71235678534014,14,22
1,b8_p256_o256,full_request,"void flash::flash_fwd_kernel<Flash_fwd_kernel_traits<(int)128, (int)128, (int)64, (int)4, (bool)0, (bool)0, cutlass::bfloat16_t, Flash_kernel_traits<(int)128, (int)128, (int)64, (int)4, cutlass::bfloat16_t>>, (bool)0, (bool)1, (bool)0, (bool)0, (bool)0, (bool)1, (bool)0, (bool)0>(flash::Flash_fwd_params)",28,1788.248,0.2296807411778642,63.866,52.179500000000004,52.644,383.13,21.424880665321588,15,23
1,b8_p256_o256,full_request,"void at::native::vectorized_gather_kernel<(int)16, long>(char *, char *, T2 *, int, long, long, long, long, bool)",2,7.713,0.0009906498185401947,3.8565,3.8565,6.57855,6.881,89.2130169843122,24,24
1,b8_p256_o256,full_request,"void at::native::unrolled_elementwise_kernel<at::native::CUDAFunctorOnSelf_add<int>, std::array<char *, (unsigned long)2>, (int)4, TrivialOffsetCalculator<(int)1, unsigned int>, TrivialOffsetCalculator<(int)1, unsigned int>, at::native::memory::LoadWithoutCast, at::native::memory::StoreWithoutCast>(int, T1, T2, T4, T5, T6, T7)",1,1.12,0.0001438516526338673,1.12,1.12,1.12,1.12,100.0,25,25
1,b8_p256_o256,full_request,"void at::native::unrolled_elementwise_kernel<at::native::direct_copy_kernel_cuda(at::TensorIteratorBase &)::[lambda() (instance 3)]::operator ()() const::[lambda() (instance 4)]::operator ()() const::[lambda(long) (instance 1)], std::array<char *, (unsigned long)2>, (int)4, TrivialOffsetCalculator<(int)1, unsigned int>, TrivialOffsetCalculator<(int)1, unsigned int>, at::native::memory::LoadWithCast<(int)1>, at::native::memory::StoreWithCast<(int)1>>(int, T1, T2, T4, T5, T6, T7)",1,0.992,0.0001274114637614253,0.992,0.992,0.992,0.992,100.0,26,26
1,b8_p256_o256,prefill,triton_per_fused__to_copy_add_mean_mul_pow_rsqrt_0,57,388.189,1.3223951823935092,6.810333333333333,7.104,7.8794,11.521,2.96788420073727,8,1
1,b8_p256_o256,prefill,void cutlass::Kernel2<cutlass_80_tensorop_bf16_s16816gemm_relu_bf16_256x128_32x3_tn_align8>(T1::Params),56,16146.345,55.00374518923392,288.3275892857143,249.777,577.6872500000001,722.801,4.476561104076496,1,2
1,b8_p256_o256,prefill,triton_red_fused__to_copy_add_mean_mul_pow_rsqrt_0,56,395.06600000000003,1.345822202915266,7.05475,7.1365,9.185,9.249,2.3411278115555376,7,3
1,b8_p256_o256,prefill,void cutlass::Kernel2<cutlass_80_tensorop_bf16_s16816gemm_relu_bf16_64x256_32x4_tn_align8>(T1::Params),28,5406.062,18.41615899605764,193.07364285714286,147.274,555.9674999999999,640.907,11.855339431919205,2,4
1,b8_p256_o256,prefill,void cutlass::Kernel2<cutlass_80_tensorop_bf16_s16816gemm_relu_bf16_128x128_32x6_tn_align8>(T1::Params),28,2766.302,9.423616943925586,98.7965,98.583,99.78394999999999,102.695,3.71235678534014,3,5
1,b8_p256_o256,prefill,"void flash::flash_fwd_kernel<Flash_fwd_kernel_traits<(int)128, (int)128, (int)64, (int)4, (bool)0, (bool)0, cutlass::bfloat16_t, Flash_kernel_traits<(int)128, (int)128, (int)64, (int)4, cutlass::bfloat16_t>>, (bool)0, (bool)1, (bool)0, (bool)0, (bool)0, (bool)1, (bool)0, (bool)0>(flash::Flash_fwd_params)",28,1788.248,6.091802034897507,63.866,52.179500000000004,52.644,383.13,21.424880665321588,4,6
1,b8_p256_o256,prefill,triton_poi_fused__to_copy_add_cat_index_mul_split_sub_0,28,831.161,2.831412796842186,29.684321428571426,17.153,18.27975,362.169,43.57386836004096,6,7
1,b8_p256_o256,prefill,triton_poi_fused_mul_silu_split_0,28,233.364,0.7949721124093647,8.334428571428571,8.273,8.7146,8.768,3.757220479594111,9,8
1,b8_p256_o256,prefill,triton_poi_fused__to_copy_add_cat_index_mul_split_sub_1,28,229.811,0.7828685492402793,8.207535714285715,8.224499999999999,8.41665,8.417,3.6625748985035527,10,9
1,b8_p256_o256,prefill,store_kvcache_kernel,28,153.864,0.5241493508156977,5.4951428571428576,5.472,5.767049999999999,6.368,4.138719908490615,11,10
1,b8_p256_o256,prefill,"void at::native::vectorized_gather_kernel<(int)16, long>(char *, char *, T2 *, int, long, long, long, long, bool)",2,7.713,0.026274917738011987,3.8565,3.8565,6.57855,6.881,89.2130169843122,13,11
1,b8_p256_o256,prefill,void cutlass::Kernel2<cutlass_80_wmma_tensorop_bf16_s161616gemm_bf16_16x16_128x2_tn_align8>(T1::Params),1,921.566,3.1393842655450226,921.566,921.566,921.566,921.566,100.0,5,12
1,b8_p256_o256,prefill,triton_red_fused__softmax__to_copy_argmax_clamp_min_div_exponential_ge_mul_neg_scalar_tensor_sub_unsqueeze_where_4,1,74.149,0.25259417546426177,74.149,74.149,74.149,74.149,100.0,12,13
1,b8_p256_o256,prefill,triton_red_fused__to_copy_amax_ge_mul_neg_scalar_tensor_unsqueeze_where_0,1,4.608,0.01569750044558009,4.608,4.608,4.608,4.608,100.0,14,14
1,b8_p256_o256,prefill,triton_red_fused__softmax__to_copy_div_ge_mul_neg_scalar_tensor_sub_unsqueeze_where_2,1,4.032,0.01373531288988258,4.032,4.032,4.032,4.032,100.0,15,15
1,b8_p256_o256,prefill,"void at::native::unrolled_elementwise_kernel<at::native::CUDAFunctorOnSelf_add<int>, std::array<char *, (unsigned long)2>, (int)4, TrivialOffsetCalculator<(int)1, unsigned int>, TrivialOffsetCalculator<(int)1, unsigned int>, at::native::memory::LoadWithoutCast, at::native::memory::StoreWithoutCast>(int, T1, T2, T4, T5, T6, T7)",1,1.12,0.0038153646916340507,1.12,1.12,1.12,1.12,100.0,16,16
1,b8_p256_o256,prefill,"void at::native::<unnamed>::distribution_elementwise_grid_stride_kernel<unsigned long, (int)2, void at::native::templates::cuda::random_from_to_kernel<at::CUDAGeneratorImpl *>(at::TensorIteratorBase &, unsigned long, long, T1)::[lambda() (instance 1)]::operator ()() const::[lambda() (instance 4)]::operator ()() const::[lambda(curandStatePhilox4_32_10 *) (instance 1)], void at::native::<unnamed>::distribution_nullary_kernel<long, unsigned long, ulonglong2, at::CUDAGeneratorImpl *, void at::native::templates::cuda::random_from_to_kernel<at::CUDAGeneratorImpl *>(at::TensorIteratorBase &, unsigned long, long, T1)::[lambda() (instance 1)]::operator ()() const::[lambda() (instance 4)]::operator ()() const::[lambda(curandStatePhilox4_32_10 *) (instance 1)], void at::native::templates::cuda::random_from_to_kernel<at::CUDAGeneratorImpl *>(at::TensorIteratorBase &, unsigned long, long, T1)::[lambda() (instance 1)]::operator ()() const::[lambda() (instance 4)]::operator ()() const::[lambda(unsigned long) (instance 1)]>(at::TensorIteratorBase &, T4, const T5 &, T6)::[lambda(int, unsigned long) (instance 1)]>(long, at::PhiloxCudaState, T3, T4)",1,1.088,0.0037063542718730777,1.088,1.088,1.088,1.088,100.0,17,17
1,b8_p256_o256,prefill,"void at::native::unrolled_elementwise_kernel<at::native::direct_copy_kernel_cuda(at::TensorIteratorBase &)::[lambda() (instance 3)]::operator ()() const::[lambda() (instance 4)]::operator ()() const::[lambda(long) (instance 1)], std::array<char *, (unsigned long)2>, (int)4, TrivialOffsetCalculator<(int)1, unsigned int>, TrivialOffsetCalculator<(int)1, unsigned int>, at::native::memory::LoadWithCast<(int)1>, at::native::memory::StoreWithCast<(int)1>>(int, T1, T2, T4, T5, T6, T7)",1,0.992,0.0033793230125901586,0.992,0.992,0.992,0.992,100.0,18,18
1,b8_p256_o256,prefill,triton_per_fused__to_copy_amax_ge_mul_neg_scalar_tensor_unsqueeze_where_1,1,0.672,0.00228921881498043,0.672,0.672,0.672,0.672,100.0,19,19
1,b8_p256_o256,prefill,triton_per_fused__softmax__to_copy_div_ge_mul_neg_scalar_tensor_sub_unsqueeze_where_3,1,0.64,0.0021802083952194573,0.64,0.64,0.64,0.64,100.0,20,20
1,b8_p64_o256,decode_all,void cutlass::Kernel2<cutlass_80_wmma_tensorop_bf16_s161616gemm_bf16_16x16_128x2_tn_align8>(T1::Params),28815,498141.8,71.24821243816832,17.287586326566025,11.425,16.289,1374.301,0.27588550087545355,1,1
1,b8_p64_o256,decode_all,triton_per_fused__to_copy_add_mean_mul_pow_rsqrt_0,14535,14140.9,2.0225442780888785,0.9728861369109048,0.896,1.024,478.113,3.3810648544293507,5,2
1,b8_p64_o256,decode_all,triton_red_fused__to_copy_add_mean_mul_pow_rsqrt_0,14280,12942.05,1.8510751914121568,0.9063060224089636,0.864,1.024,309.813,2.393847960717197,6,3
1,b8_p64_o256,decode_all,"void flash::flash_fwd_splitkv_kernel<Flash_fwd_kernel_traits<(int)128, (int)64, (int)128, (int)4, (bool)0, (bool)0, cutlass::bfloat16_t, Flash_kernel_traits<(int)128, (int)64, (int)128, (int)4, cutlass::bfloat16_t>>, (bool)0, (bool)0, (bool)0, (bool)0, (bool)1, (bool)0, (bool)1, (bool)0>(flash::Flash_fwd_params)",7140,99239.55500000001,14.19403249618741,13.899097338935574,11.456,16.129,642.476,0.647399114193932,2,4
1,b8_p64_o256,decode_all,"void flash::flash_fwd_splitkv_combine_kernel<Flash_fwd_kernel_traits<(int)128, (int)64, (int)128, (int)4, (bool)0, (bool)0, cutlass::bfloat16_t, Flash_kernel_traits<(int)128, (int)64, (int)128, (int)4, cutlass::bfloat16_t>>, (int)4, (int)3, (bool)1>(flash::Flash_fwd_params)",7140,18547.764,2.652849107874526,2.597726050420168,2.432,2.465,432.413,2.3313484040448222,4,5
1,b8_p64_o256,decode_all,"void cublasLt::splitKreduce_kernel<(int)32, (int)16, int, __nv_bfloat16, __nv_bfloat16, float, __nv_bfloat16, (bool)0, __nv_bfloat16, __nv_bfloat16, __nv_bfloat16, (bool)1, (bool)0, (bool)0>(cublasLt::cublasSplitKParams<T6>, const T4 *, const T10 *, T9 *, T5 *, const T6 *, const T6 *, const T11 *, const T4 *, T11 *, void *, long, T6 *, int *, T6 *, T6 *, const T6 *, const T6 *, const T6 *, const T6 *, const T6 *)",7140,8497.482,1.2153776348933403,1.1901235294117647,0.896,0.96,903.454,10.632020167856783,7,6
1,b8_p64_o256,decode_all,triton_poi_fused__to_copy_add_cat_index_mul_split_sub_1,7140,6485.798,0.9276505479665572,0.9083750700280112,0.8,0.832,738.866,11.392060005569093,8,7
1,b8_p64_o256,decode_all,triton_poi_fused__to_copy_add_cat_index_mul_split_sub_0,7140,6285.03,0.8989351076746842,0.8802563025210084,0.832,0.96,348.919,5.551588457016116,9,8
1,b8_p64_o256,decode_all,store_kvcache_kernel,7140,5997.236,0.8577725149140883,0.8399490196078432,0.768,0.769,591.368,9.86067581799349,10,9
1,b8_p64_o256,decode_all,triton_poi_fused_mul_silu_split_0,7140,4771.917,0.6825176207925271,0.6683357142857143,0.608,0.704,302.324,6.335483203081696,11,10
1,b8_p64_o256,decode_all,"void at::native::vectorized_elementwise_kernel<(int)4, at::native::FillFunctor<int>, std::array<char *, (unsigned long)1>>(int, T2, T3)",510,275.76099999999997,0.03944153714898395,0.5407078431372548,0.544,0.609,0.832,0.30171053919879903,16,11
1,b8_p64_o256,decode_all,triton_red_fused__softmax__to_copy_argmax_clamp_min_div_exponential_ge_mul_neg_scalar_tensor_sub_unsqueeze_where_4,255,19756.253,2.82569684119301,77.47550196078431,73.829,74.245,476.321,2.4109885614443187,3,12
1,b8_p64_o256,decode_all,"void at::native::<unnamed>::indexSelectSmallIndex<c10::BFloat16, long, unsigned int, (int)2, (int)2, (int)-2>(at::cuda::detail::TensorInfo<T1, T3>, at::cuda::detail::TensorInfo<const T1, T3>, at::cuda::detail::TensorInfo<const T2, T3>, int, int, T3, long)",255,1147.205,0.16408240695747453,4.498843137254902,4.512,4.7043,4.929,0.4296529390998122,12,13
1,b8_p64_o256,decode_all,triton_red_fused__to_copy_amax_ge_mul_neg_scalar_tensor_unsqueeze_where_0,255,1070.92,0.15317151795790518,4.199686274509804,4.192,5.379199999999996,7.264,0.6782952975012139,13,14
1,b8_p64_o256,decode_all,triton_red_fused__softmax__to_copy_div_ge_mul_neg_scalar_tensor_sub_unsqueeze_where_2,255,1040.3600000000001,0.14880058307127167,4.079843137254902,4.065,4.161,4.289,0.4122611403744857,14,15
1,b8_p64_o256,decode_all,"void at::native::<unnamed>::distribution_elementwise_grid_stride_kernel<unsigned long, (int)2, void at::native::templates::cuda::random_from_to_kernel<at::CUDAGeneratorImpl *>(at::TensorIteratorBase &, unsigned long, long, T1)::[lambda() (instance 1)]::operator ()() const::[lambda() (instance 4)]::operator ()() const::[lambda(curandStatePhilox4_32_10 *) (instance 1)], void at::native::<unnamed>::distribution_nullary_kernel<long, unsigned long, ulonglong2, at::CUDAGeneratorImpl *, void at::native::templates::cuda::random_from_to_kernel<at::CUDAGeneratorImpl *>(at::TensorIteratorBase &, unsigned long, long, T1)::[lambda() (instance 1)]::operator ()() const::[lambda() (instance 4)]::operator ()() const::[lambda(curandStatePhilox4_32_10 *) (instance 1)], void at::native::templates::cuda::random_from_to_kernel<at::CUDAGeneratorImpl *>(at::TensorIteratorBase &, unsigned long, long, T1)::[lambda() (instance 1)]::operator ()() const::[lambda() (instance 4)]::operator ()() const::[lambda(unsigned long) (instance 1)]>(at::TensorIteratorBase &, T4, const T5 &, T6)::[lambda(int, unsigned long) (instance 1)]>(long, at::PhiloxCudaState, T3, T4)",255,286.902,0.04103501180775306,1.1251058823529412,1.12,1.1935999999999993,1.44,0.5019135453918063,15,16
1,b8_p64_o256,decode_all,"void at::native::elementwise_kernel<(int)128, (int)2, void at::native::gpu_kernel_impl_nocast<at::native::direct_copy_kernel_cuda(at::TensorIteratorBase &)::[lambda() (instance 3)]::operator ()() const::[lambda() (instance 3)]::operator ()() const::[lambda(int) (instance 1)]>(at::TensorIteratorBase &, const T1 &)::[lambda(int) (instance 1)]>(int, T3)",255,196.363,0.02808540206623103,0.7700509803921569,0.768,0.928,1.153,0.5871778288170378,17,17
1,b8_p64_o256,decode_all,triton_per_fused__to_copy_amax_ge_mul_neg_scalar_tensor_unsqueeze_where_1,255,174.28300000000002,0.024927344399448693,0.6834627450980393,0.672,0.768,0.96,0.5508282506039028,18,18
1,b8_p64_o256,decode_all,triton_per_fused__softmax__to_copy_div_ge_mul_neg_scalar_tensor_sub_unsqueeze_where_3,255,166.348,0.02379241742544879,0.6523450980392157,0.64,0.704,0.832,0.5001562988433885,19,19
1,b8_p64_o256,decode_early,void cutlass::Kernel2<cutlass_80_wmma_tensorop_bf16_s161616gemm_bf16_16x16_128x2_tn_align8>(T1::Params),3616,64150.265,76.50116823300623,17.740670630530975,11.424,16.257,1291.704,2.0135598816310423,1,1
1,b8_p64_o256,decode_early,triton_per_fused__to_copy_add_mean_mul_pow_rsqrt_0,1824,1922.3410000000001,2.2924508923260944,1.0539150219298246,0.896,0.992,342.552,17.81952317512866,5,2
1,b8_p64_o256,decode_early,triton_red_fused__to_copy_add_mean_mul_pow_rsqrt_0,1792,1507.324,1.7975303282947916,0.841140625,0.864,0.992,1.664,0.11039431469279332,6,3
1,b8_p64_o256,decode_early,"void flash::flash_fwd_splitkv_kernel<Flash_fwd_kernel_traits<(int)128, (int)64, (int)128, (int)4, (bool)0, (bool)0, cutlass::bfloat16_t, Flash_kernel_traits<(int)128, (int)64, (int)128, (int)4, cutlass::bfloat16_t>>, (bool)0, (bool)0, (bool)0, (bool)0, (bool)1, (bool)0, (bool)1, (bool)0>(flash::Flash_fwd_params)",896,7426.324,8.856120261963246,8.288308035714286,7.648,8.065,301.3,4.057188994178008,2,4
1,b8_p64_o256,decode_early,"void flash::flash_fwd_splitkv_combine_kernel<Flash_fwd_kernel_traits<(int)128, (int)64, (int)128, (int)4, (bool)0, (bool)0, cutlass::bfloat16_t, Flash_kernel_traits<(int)128, (int)64, (int)128, (int)4, cutlass::bfloat16_t>>, (int)4, (int)3, (bool)1>(flash::Flash_fwd_params)",896,2175.129,2.593908373683111,2.427599330357143,2.432,2.464,2.689,0.12362485167546385,4,5
1,b8_p64_o256,decode_early,"void cublasLt::splitKreduce_kernel<(int)32, (int)16, int, __nv_bfloat16, __nv_bfloat16, float, __nv_bfloat16, (bool)0, __nv_bfloat16, __nv_bfloat16, __nv_bfloat16, (bool)1, (bool)0, (bool)0>(cublasLt::cublasSplitKParams<T6>, const T4 *, const T10 *, T9 *, T5 *, const T6 *, const T6 *, const T11 *, const T4 *, T11 *, void *, long, T6 *, int *, T6 *, T6 *, const T6 *, const T6 *, const T6 *, const T6 *, const T6 *)",896,1083.62,1.2922502490153422,1.2093973214285714,0.864,0.92825,303.508,28.00871154094609,7,6
1,b8_p64_o256,decode_early,triton_poi_fused__to_copy_add_cat_index_mul_split_sub_0,896,740.2860000000001,0.8828138718762776,0.8262120535714286,0.801,0.928,1.408,0.1901967617920641,8,7
1,b8_p64_o256,decode_early,triton_poi_fused__to_copy_add_cat_index_mul_split_sub_1,896,722.126,0.8611575121541252,0.8059441964285715,0.8,0.832,1.024,0.14180350797506253,9,8
1,b8_p64_o256,decode_early,store_kvcache_kernel,896,677.002,0.807345751355535,0.7555825892857143,0.768,0.769,0.96,0.14180164903501025,10,9
1,b8_p64_o256,decode_early,triton_poi_fused_mul_silu_split_0,896,542.18,0.6465663609117018,0.6051116071428572,0.608,0.704,0.865,0.1595411118078867,11,10
1,b8_p64_o256,decode_early,"void at::native::vectorized_elementwise_kernel<(int)4, at::native::FillFunctor<int>, std::array<char *, (unsigned long)1>>(int, T2, T3)",64,34.499,0.04114112081798075,0.539046875,0.528,0.60885,0.737,2.136293805617554,16,11
1,b8_p64_o256,decode_early,triton_red_fused__softmax__to_copy_argmax_clamp_min_div_exponential_ge_mul_neg_scalar_tensor_sub_unsqueeze_where_4,32,2364.608,2.819867921248843,73.894,73.845,74.2098,74.245,3.139843898016077,3,12
1,b8_p64_o256,decode_early,"void at::native::<unnamed>::indexSelectSmallIndex<c10::BFloat16, long, unsigned int, (int)2, (int)2, (int)-2>(at::cuda::detail::TensorInfo<T1, T3>, at::cuda::detail::TensorInfo<const T1, T3>, at::cuda::detail::TensorInfo<const T2, T3>, int, int, T3, long)",32,143.53,0.17116394883923525,4.4853125,4.4805,4.7184,4.769,3.3226503170068975,12,13
1,b8_p64_o256,decode_early,triton_red_fused__to_copy_amax_ge_mul_neg_scalar_tensor_unsqueeze_where_0,32,133.29,0.158952433224982,4.1653125,4.1285,4.544449999999999,5.953,4.466201515492536,13,14
1,b8_p64_o256,decode_early,triton_red_fused__softmax__to_copy_div_ge_mul_neg_scalar_tensor_sub_unsqueeze_where_2,32,130.312,0.15540107643794626,4.07225,4.064500000000001,4.128,4.129,3.1685493277672045,14,15
1,b8_p64_o256,decode_early,"void at::native::<unnamed>::distribution_elementwise_grid_stride_kernel<unsigned long, (int)2, void at::native::templates::cuda::random_from_to_kernel<at::CUDAGeneratorImpl *>(at::TensorIteratorBase &, unsigned long, long, T1)::[lambda() (instance 1)]::operator ()() const::[lambda() (instance 4)]::operator ()() const::[lambda(curandStatePhilox4_32_10 *) (instance 1)], void at::native::<unnamed>::distribution_nullary_kernel<long, unsigned long, ulonglong2, at::CUDAGeneratorImpl *, void at::native::templates::cuda::random_from_to_kernel<at::CUDAGeneratorImpl *>(at::TensorIteratorBase &, unsigned long, long, T1)::[lambda() (instance 1)]::operator ()() const::[lambda() (instance 4)]::operator ()() const::[lambda(curandStatePhilox4_32_10 *) (instance 1)], void at::native::templates::cuda::random_from_to_kernel<at::CUDAGeneratorImpl *>(at::TensorIteratorBase &, unsigned long, long, T1)::[lambda() (instance 1)]::operator ()() const::[lambda() (instance 4)]::operator ()() const::[lambda(unsigned long) (instance 1)]>(at::TensorIteratorBase &, T4, const T5 &, T6)::[lambda(int, unsigned long) (instance 1)]>(long, at::PhiloxCudaState, T3, T4)",32,35.779,0.042667560269762414,1.11809375,1.12,1.152,1.152,3.219765784398669,15,16
1,b8_p64_o256,decode_early,"void at::native::elementwise_kernel<(int)128, (int)2, void at::native::gpu_kernel_impl_nocast<at::native::direct_copy_kernel_cuda(at::TensorIteratorBase &)::[lambda() (instance 3)]::operator ()() const::[lambda() (instance 3)]::operator ()() const::[lambda(int) (instance 1)]>(at::TensorIteratorBase &, const T1 &)::[lambda(int) (instance 1)]>(int, T3)",32,24.162,0.02881392971402217,0.7550625,0.736,0.9104,0.992,4.105620395662611,17,17
1,b8_p64_o256,decode_early,triton_per_fused__to_copy_amax_ge_mul_neg_scalar_tensor_unsqueeze_where_1,32,21.666,0.02583737278304794,0.6770625,0.672,0.7183999999999999,0.768,3.544724453060094,18,18
1,b8_p64_o256,decode_early,triton_per_fused__softmax__to_copy_div_ge_mul_neg_scalar_tensor_sub_unsqueeze_where_3,32,20.832,0.02484280207774646,0.651,0.64,0.672,0.8,3.8402457757296466,19,19
1,b8_p64_o256,decode_late,void cutlass::Kernel2<cutlass_80_wmma_tensorop_bf16_s161616gemm_bf16_16x16_128x2_tn_align8>(T1::Params),3616,61563.768000000004,68.03139653488329,17.02537831858407,11.425,16.289,995.939,1.6177356135836258,1,1
1,b8_p64_o256,decode_late,triton_per_fused__to_copy_add_mean_mul_pow_rsqrt_0,1824,1614.927,1.7845843859311767,0.8853766447368421,0.896,1.024,1.248,0.07727903490374488,5,2
1,b8_p64_o256,decode_late,triton_red_fused__to_copy_add_mean_mul_pow_rsqrt_0,1792,1554.222,1.7175019759225811,0.8673113839285714,0.864,1.056,1.632,0.1050043044043901,6,3
1,b8_p64_o256,decode_late,"void flash::flash_fwd_splitkv_kernel<Flash_fwd_kernel_traits<(int)128, (int)64, (int)128, (int)4, (bool)0, (bool)0, cutlass::bfloat16_t, Flash_kernel_traits<(int)128, (int)64, (int)128, (int)4, cutlass::bfloat16_t>>, (bool)0, (bool)0, (bool)0, (bool)0, (bool)1, (bool)0, (bool)1, (bool)0>(flash::Flash_fwd_params)",896,16710.133,18.465628748936208,18.64970200892857,15.969,16.776999999999997,642.476,3.844828763481415,2,4
1,b8_p64_o256,decode_late,"void flash::flash_fwd_splitkv_combine_kernel<Flash_fwd_kernel_traits<(int)128, (int)64, (int)128, (int)4, (bool)0, (bool)0, cutlass::bfloat16_t, Flash_kernel_traits<(int)128, (int)64, (int)128, (int)4, cutlass::bfloat16_t>>, (int)4, (int)3, (bool)1>(flash::Flash_fwd_params)",896,2614.833,2.889536272300592,2.918340401785714,2.432,2.465,432.413,16.536926067553836,3,5
1,b8_p64_o256,decode_late,"void cublasLt::splitKreduce_kernel<(int)32, (int)16, int, __nv_bfloat16, __nv_bfloat16, float, __nv_bfloat16, (bool)0, __nv_bfloat16, __nv_bfloat16, __nv_bfloat16, (bool)1, (bool)0, (bool)0>(cublasLt::cublasSplitKParams<T6>, const T4 *, const T10 *, T9 *, T5 *, const T6 *, const T6 *, const T11 *, const T4 *, T11 *, void *, long, T6 *, int *, T6 *, T6 *, const T6 *, const T6 *, const T6 *, const T6 *, const T6 *)",896,802.4590000000001,0.8867619414066064,0.8956015625,0.896,0.96,1.344,0.16748519238989157,7,6
1,b8_p64_o256,decode_late,triton_poi_fused__to_copy_add_cat_index_mul_split_sub_0,896,748.051,0.8266380675288747,0.8348783482142857,0.832,0.96,1.6,0.21388915996369232,8,7
1,b8_p64_o256,decode_late,triton_poi_fused__to_copy_add_cat_index_mul_split_sub_1,896,722.0400000000001,0.7978944621136109,0.8058482142857143,0.8,0.832,0.992,0.13738851033183755,9,8
1,b8_p64_o256,decode_late,store_kvcache_kernel,896,679.404,0.7507793046615638,0.7582633928571428,0.768,0.769,1.025,0.1508675250660873,10,9
1,b8_p64_o256,decode_late,triton_poi_fused_mul_silu_split_0,896,566.723,0.626260516387474,0.6325033482142857,0.64,0.704,0.96,0.16939492485747007,11,10
1,b8_p64_o256,decode_late,"void at::native::vectorized_elementwise_kernel<(int)4, at::native::FillFunctor<int>, std::array<char *, (unsigned long)1>>(int, T2, T3)",64,34.82,0.03847804161929523,0.5440625,0.528,0.608,0.832,2.389431361286617,16,11
1,b8_p64_o256,decode_late,triton_red_fused__softmax__to_copy_argmax_clamp_min_div_exponential_ge_mul_neg_scalar_tensor_sub_unsqueeze_where_4,32,2362.752,2.6109727108579275,73.836,73.829,73.9714,74.149,3.1382472642071617,4,12
1,b8_p64_o256,decode_late,"void at::native::<unnamed>::indexSelectSmallIndex<c10::BFloat16, long, unsigned int, (int)2, (int)2, (int)-2>(at::cuda::detail::TensorInfo<T1, T3>, at::cuda::detail::TensorInfo<const T1, T3>, at::cuda::detail::TensorInfo<const T2, T3>, int, int, T3, long)",32,144.518,0.15970044855649934,4.5161875,4.512,4.77655,4.896,3.387813282774464,12,13
1,b8_p64_o256,decode_late,triton_red_fused__to_copy_amax_ge_mul_neg_scalar_tensor_unsqueeze_where_0,32,139.721,0.15439949606805137,4.36628125,4.256,5.3919999999999995,5.888,4.21411240973082,13,14
1,b8_p64_o256,decode_late,triton_red_fused__softmax__to_copy_div_ge_mul_neg_scalar_tensor_sub_unsqueeze_where_2,32,130.249,0.1439324078940719,4.07028125,4.064,4.12535,4.224,3.243019140262114,14,15
1,b8_p64_o256,decode_late,"void at::native::<unnamed>::distribution_elementwise_grid_stride_kernel<unsigned long, (int)2, void at::native::templates::cuda::random_from_to_kernel<at::CUDAGeneratorImpl *>(at::TensorIteratorBase &, unsigned long, long, T1)::[lambda() (instance 1)]::operator ()() const::[lambda() (instance 4)]::operator ()() const::[lambda(curandStatePhilox4_32_10 *) (instance 1)], void at::native::<unnamed>::distribution_nullary_kernel<long, unsigned long, ulonglong2, at::CUDAGeneratorImpl *, void at::native::templates::cuda::random_from_to_kernel<at::CUDAGeneratorImpl *>(at::TensorIteratorBase &, unsigned long, long, T1)::[lambda() (instance 1)]::operator ()() const::[lambda() (instance 4)]::operator ()() const::[lambda(curandStatePhilox4_32_10 *) (instance 1)], void at::native::templates::cuda::random_from_to_kernel<at::CUDAGeneratorImpl *>(at::TensorIteratorBase &, unsigned long, long, T1)::[lambda() (instance 1)]::operator ()() const::[lambda() (instance 4)]::operator ()() const::[lambda(unsigned long) (instance 1)]>(at::TensorIteratorBase &, T4, const T5 &, T6)::[lambda(int, unsigned long) (instance 1)]>(long, at::PhiloxCudaState, T3, T4)",32,35.874,0.039642770392033226,1.1210625,1.12,1.1984,1.28,3.5680437085354293,15,16
1,b8_p64_o256,decode_late,"void at::native::elementwise_kernel<(int)128, (int)2, void at::native::gpu_kernel_impl_nocast<at::native::direct_copy_kernel_cuda(at::TensorIteratorBase &)::[lambda() (instance 3)]::operator ()() const::[lambda() (instance 3)]::operator ()() const::[lambda(int) (instance 1)]>(at::TensorIteratorBase &, const T1 &)::[lambda(int) (instance 1)]>(int, T3)",32,25.826,0.028539170099365838,0.8070625,0.769,0.9424,0.992,3.8410903740416633,17,17
1,b8_p64_o256,decode_late,triton_per_fused__to_copy_amax_ge_mul_neg_scalar_tensor_unsqueeze_where_1,32,21.856,0.02415209872577015,0.683,0.672,0.7472,0.8,3.660322108345534,18,18
1,b8_p64_o256,decode_late,triton_per_fused__softmax__to_copy_div_ge_mul_neg_scalar_tensor_sub_unsqueeze_where_3,32,20.995,0.02320064571502307,0.65609375,0.6565000000000001,0.68695,0.768,3.658013812812574,19,19
1,b8_p64_o256,full_request,void cutlass::Kernel2<cutlass_80_wmma_tensorop_bf16_s161616gemm_bf16_16x16_128x2_tn_align8>(T1::Params),28816,498498.56,70.49759790655838,17.299367018323153,11.425,16.289,1374.301,0.2756880581560757,1,1
1,b8_p64_o256,full_request,triton_per_fused__to_copy_add_mean_mul_pow_rsqrt_0,14592,14274.765,2.0187353062376205,0.9782596628289474,0.896,1.024,478.113,3.3493581155276466,5,2
1,b8_p64_o256,full_request,triton_red_fused__to_copy_add_mean_mul_pow_rsqrt_0,14336,13081.132,1.8499318912748992,0.9124673549107143,0.864,1.024,309.813,2.3683959461612343,6,3
1,b8_p64_o256,full_request,"void cublasLt::splitKreduce_kernel<(int)32, (int)16, int, __nv_bfloat16, __nv_bfloat16, float, __nv_bfloat16, (bool)0, __nv_bfloat16, __nv_bfloat16, __nv_bfloat16, (bool)1, (bool)0, (bool)0>(cublasLt::cublasSplitKParams<T6>, const T4 *, const T10 *, T9 *, T5 *, const T6 *, const T6 *, const T11 *, const T4 *, T11 *, void *, long, T6 *, int *, T6 *, T6 *, const T6 *, const T6 *, const T6 *, const T6 *, const T6 *)",7196,8745.826,1.2368335120340643,1.2153732629238465,0.896,0.96,903.454,10.330116332065147,7,4
1,b8_p64_o256,full_request,triton_poi_fused__to_copy_add_cat_index_mul_split_sub_1,7168,6556.135,0.9271677114796764,0.9146393694196429,0.8,0.832,738.866,11.269841148786595,8,5
1,b8_p64_o256,full_request,triton_poi_fused__to_copy_add_cat_index_mul_split_sub_0,7168,6411.762,0.9067505016434763,0.894498046875,0.832,0.96,348.919,5.441858259866789,9,6
1,b8_p64_o256,full_request,store_kvcache_kernel,7168,6045.174,0.8549076770195307,0.8433557477678572,0.768,0.769,591.368,9.782481033631125,10,7
1,b8_p64_o256,full_request,triton_poi_fused_mul_silu_split_0,7168,4845.9039999999995,0.6853070782908237,0.676046875,0.608,0.736,302.324,6.238753388428662,11,8
1,b8_p64_o256,full_request,"void flash::flash_fwd_splitkv_kernel<Flash_fwd_kernel_traits<(int)128, (int)64, (int)128, (int)4, (bool)0, (bool)0, cutlass::bfloat16_t, Flash_kernel_traits<(int)128, (int)64, (int)128, (int)4, cutlass::bfloat16_t>>, (bool)0, (bool)0, (bool)0, (bool)0, (bool)1, (bool)0, (bool)1, (bool)0>(flash::Flash_fwd_params)",7140,99239.55500000001,14.034444241555654,13.899097338935574,11.456,16.129,642.476,0.647399114193932,2,9
1,b8_p64_o256,full_request,"void flash::flash_fwd_splitkv_combine_kernel<Flash_fwd_kernel_traits<(int)128, (int)64, (int)128, (int)4, (bool)0, (bool)0, cutlass::bfloat16_t, Flash_kernel_traits<(int)128, (int)64, (int)128, (int)4, cutlass::bfloat16_t>>, (int)4, (int)3, (bool)1>(flash::Flash_fwd_params)",7140,18547.764,2.623022238093805,2.597726050420168,2.432,2.465,432.413,2.3313484040448222,4,10
1,b8_p64_o256,full_request,"void at::native::vectorized_elementwise_kernel<(int)4, at::native::FillFunctor<int>, std::array<char *, (unsigned long)1>>(int, T2, T3)",510,275.76099999999997,0.03899808275536532,0.5407078431372548,0.544,0.609,0.832,0.30171053919879903,20,11
1,b8_p64_o256,full_request,triton_red_fused__softmax__to_copy_argmax_clamp_min_div_exponential_ge_mul_neg_scalar_tensor_sub_unsqueeze_where_4,256,19830.306,2.8043991516284663,77.4621328125,73.829,74.245,476.321,2.4019851231745997,3,12
1,b8_p64_o256,full_request,triton_red_fused__to_copy_amax_ge_mul_neg_scalar_tensor_unsqueeze_where_0,256,1074.2160000000001,0.15191547921982268,4.1961562500000005,4.192,5.368,7.264,0.676214094744446,16,13
1,b8_p64_o256,full_request,triton_red_fused__softmax__to_copy_div_ge_mul_neg_scalar_tensor_sub_unsqueeze_where_2,256,1044.4560000000001,0.1477068241061566,4.0799062500000005,4.065,4.161,4.289,0.4106443928705469,17,14
1,b8_p64_o256,full_request,"void at::native::<unnamed>::distribution_elementwise_grid_stride_kernel<unsigned long, (int)2, void at::native::templates::cuda::random_from_to_kernel<at::CUDAGeneratorImpl *>(at::TensorIteratorBase &, unsigned long, long, T1)::[lambda() (instance 1)]::operator ()() const::[lambda() (instance 4)]::operator ()() const::[lambda(curandStatePhilox4_32_10 *) (instance 1)], void at::native::<unnamed>::distribution_nullary_kernel<long, unsigned long, ulonglong2, at::CUDAGeneratorImpl *, void at::native::templates::cuda::random_from_to_kernel<at::CUDAGeneratorImpl *>(at::TensorIteratorBase &, unsigned long, long, T1)::[lambda() (instance 1)]::operator ()() const::[lambda() (instance 4)]::operator ()() const::[lambda(curandStatePhilox4_32_10 *) (instance 1)], void at::native::templates::cuda::random_from_to_kernel<at::CUDAGeneratorImpl *>(at::TensorIteratorBase &, unsigned long, long, T1)::[lambda() (instance 1)]::operator ()() const::[lambda() (instance 4)]::operator ()() const::[lambda(unsigned long) (instance 1)]>(at::TensorIteratorBase &, T4, const T5 &, T6)::[lambda(int, unsigned long) (instance 1)]>(long, at::PhiloxCudaState, T3, T4)",256,288.05400000000003,0.04073655712741832,1.1252109375000001,1.12,1.192,1.44,0.49990626757482964,19,15
1,b8_p64_o256,full_request,triton_per_fused__to_copy_amax_ge_mul_neg_scalar_tensor_unsqueeze_where_1,256,174.987,0.02474663751260371,0.68354296875,0.672,0.768,0.96,0.5486121826192804,22,16
1,b8_p64_o256,full_request,triton_per_fused__softmax__to_copy_div_ge_mul_neg_scalar_tensor_sub_unsqueeze_where_3,256,167.02,0.023619945466549355,0.652421875,0.64,0.704,0.832,0.4981439348581008,23,17
1,b8_p64_o256,full_request,"void at::native::<unnamed>::indexSelectSmallIndex<c10::BFloat16, long, unsigned int, (int)2, (int)2, (int)-2>(at::cuda::detail::TensorInfo<T1, T3>, at::cuda::detail::TensorInfo<const T1, T3>, at::cuda::detail::TensorInfo<const T2, T3>, int, int, T3, long)",255,1147.205,0.16223757357773172,4.498843137254902,4.512,4.7043,4.929,0.4296529390998122,15,18
1,b8_p64_o256,full_request,"void at::native::elementwise_kernel<(int)128, (int)2, void at::native::gpu_kernel_impl_nocast<at::native::direct_copy_kernel_cuda(at::TensorIteratorBase &)::[lambda() (instance 3)]::operator ()() const::[lambda() (instance 3)]::operator ()() const::[lambda(int) (instance 1)]>(at::TensorIteratorBase &, const T1 &)::[lambda(int) (instance 1)]>(int, T3)",255,196.363,0.02776962849747354,0.7700509803921569,0.768,0.928,1.153,0.5871778288170378,21,19
1,b8_p64_o256,full_request,void cutlass::Kernel2<cutlass_80_tensorop_bf16_s16816gemm_relu_bf16_128x128_32x4_tn_align8>(T1::Params),56,2638.094,0.37307889124434834,47.10882142857143,37.5865,38.938250000000004,453.823,17.202684968769116,12,20
1,b8_p64_o256,full_request,void cutlass::Kernel2<cutlass_80_tensorop_bf16_s16816gemm_relu_bf16_64x256_32x4_tn_align8>(T1::Params),28,2240.47,0.3168469597619436,80.01678571428572,80.1495,81.01620000000001,82.31,3.6737827330872546,13,21
1,b8_p64_o256,full_request,void cutlass::Kernel2<cutlass_80_tensorop_bf16_s16816gemm_relu_bf16_128x128_32x5_tn_align8>(T1::Params),28,1453.952,0.20561769219842155,51.926857142857145,51.7475,52.6744,53.091,3.6514960603926405,14,22
1,b8_p64_o256,full_request,"void flash::flash_fwd_kernel<Flash_fwd_kernel_traits<(int)128, (int)128, (int)64, (int)4, (bool)0, (bool)0, cutlass::bfloat16_t, Flash_kernel_traits<(int)128, (int)128, (int)64, (int)4, cutlass::bfloat16_t>>, (bool)0, (bool)1, (bool)0, (bool)0, (bool)0, (bool)1, (bool)0, (bool)0>(flash::Flash_fwd_params)",28,331.7,0.04690896845440319,11.846428571428572,11.3285,13.354600000000001,13.504,4.071148628278564,18,23
1,b8_p64_o256,full_request,"void at::native::vectorized_gather_kernel<(int)16, long>(char *, char *, T2 *, int, long, long, long, long, bool)",2,3.488,0.0004932724810640891,1.744,1.744,2.5648,2.656,76.1467889908257,24,24
1,b8_p64_o256,full_request,"void at::native::unrolled_elementwise_kernel<at::native::direct_copy_kernel_cuda(at::TensorIteratorBase &)::[lambda() (instance 3)]::operator ()() const::[lambda() (instance 4)]::operator ()() const::[lambda(long) (instance 1)], std::array<char *, (unsigned long)2>, (int)4, TrivialOffsetCalculator<(int)1, unsigned int>, TrivialOffsetCalculator<(int)1, unsigned int>, at::native::memory::LoadWithCast<(int)1>, at::native::memory::StoreWithCast<(int)1>>(int, T1, T2, T4, T5, T6, T7)",1,0.928,0.00013123763257668426,0.928,0.928,0.928,0.928,100.00000000000001,25,25
1,b8_p64_o256,full_request,"void at::native::unrolled_elementwise_kernel<at::native::CUDAFunctorOnSelf_add<int>, std::array<char *, (unsigned long)2>, (int)4, TrivialOffsetCalculator<(int)1, unsigned int>, TrivialOffsetCalculator<(int)1, unsigned int>, at::native::memory::LoadWithoutCast, at::native::memory::StoreWithoutCast>(int, T1, T2, T4, T5, T6, T7)",1,0.672,9.503414772794375e-05,0.672,0.672,0.672,0.672,100.0,26,26
1,b8_p64_o256,prefill,triton_per_fused__to_copy_add_mean_mul_pow_rsqrt_0,57,133.865,1.6837682800772094,2.3485087719298248,2.304,2.7391999999999963,3.552,2.653419489784484,8,1
1,b8_p64_o256,prefill,void cutlass::Kernel2<cutlass_80_tensorop_bf16_s16816gemm_relu_bf16_128x128_32x4_tn_align8>(T1::Params),56,2638.094,33.18222834244953,47.10882142857143,37.5865,38.938250000000004,453.823,17.202684968769116,1,2
1,b8_p64_o256,prefill,"void cublasLt::splitKreduce_kernel<(int)32, (int)16, int, __nv_bfloat16, __nv_bfloat16, float, __nv_bfloat16, (bool)0, __nv_bfloat16, __nv_bfloat16, __nv_bfloat16, (bool)1, (bool)0, (bool)0>(cublasLt::cublasSplitKParams<T6>, const T4 *, const T10 *, T9 *, T5 *, const T6 *, const T6 *, const T11 *, const T4 *, T11 *, void *, long, T6 *, int *, T6 *, T6 *, const T6 *, const T6 *, const T6 *, const T6 *, const T6 *)",56,248.344,3.123697379804239,4.434714285714286,4.417,4.52075,4.577,1.8430080855587412,6,3
1,b8_p64_o256,prefill,triton_red_fused__to_copy_add_mean_mul_pow_rsqrt_0,56,139.082,1.7493882637709515,2.4836071428571427,2.784,3.07225,3.073,2.20948792798493,7,4
1,b8_p64_o256,prefill,void cutlass::Kernel2<cutlass_80_tensorop_bf16_s16816gemm_relu_bf16_64x256_32x4_tn_align8>(T1::Params),28,2240.47,28.180871164715086,80.01678571428572,80.1495,81.01620000000001,82.31,3.6737827330872546,2,5
1,b8_p64_o256,prefill,void cutlass::Kernel2<cutlass_80_tensorop_bf16_s16816gemm_relu_bf16_128x128_32x5_tn_align8>(T1::Params),28,1453.952,18.287963682477265,51.926857142857145,51.7475,52.6744,53.091,3.6514960603926405,3,6
1,b8_p64_o256,prefill,"void flash::flash_fwd_kernel<Flash_fwd_kernel_traits<(int)128, (int)128, (int)64, (int)4, (bool)0, (bool)0, cutlass::bfloat16_t, Flash_kernel_traits<(int)128, (int)128, (int)64, (int)4, cutlass::bfloat16_t>>, (bool)0, (bool)1, (bool)0, (bool)0, (bool)0, (bool)1, (bool)0, (bool)0>(flash::Flash_fwd_params)",28,331.7,4.172158058503794,11.846428571428572,11.3285,13.354600000000001,13.504,4.071148628278564,5,7
1,b8_p64_o256,prefill,triton_poi_fused__to_copy_add_cat_index_mul_split_sub_0,28,126.732,1.594048643564374,4.526142857142857,4.32,5.853799999999998,7.009,5.5305684436448574,9,8
1,b8_p64_o256,prefill,triton_poi_fused_mul_silu_split_0,28,73.98700000000001,0.930616395159844,2.642392857142857,2.625,2.7407999999999997,2.784,3.762823198670036,11,9
1,b8_p64_o256,prefill,triton_poi_fused__to_copy_add_cat_index_mul_split_sub_1,28,70.337,0.884706304977333,2.512035714285714,2.464,2.5808,3.36,4.777002146807512,12,10
1,b8_p64_o256,prefill,store_kvcache_kernel,28,47.938,0.6029692885395083,1.7120714285714287,1.6,2.283199999999999,2.976,6.208018690808962,13,11
1,b8_p64_o256,prefill,"void at::native::vectorized_gather_kernel<(int)16, long>(char *, char *, T2 *, int, long, long, long, long, bool)",2,3.488,0.043872436864821326,1.744,1.744,2.5648,2.656,76.1467889908257,15,12
1,b8_p64_o256,prefill,void cutlass::Kernel2<cutlass_80_wmma_tensorop_bf16_s161616gemm_bf16_16x16_128x2_tn_align8>(T1::Params),1,356.76,4.487365417400704,356.76,356.76,356.76,356.76,100.0,4,13
1,b8_p64_o256,prefill,triton_red_fused__softmax__to_copy_argmax_clamp_min_div_exponential_ge_mul_neg_scalar_tensor_sub_unsqueeze_where_4,1,74.053,0.9314465502151987,74.053,74.053,74.053,74.053,100.0,10,14
1,b8_p64_o256,prefill,triton_red_fused__softmax__to_copy_div_ge_mul_neg_scalar_tensor_sub_unsqueeze_where_2,1,4.096,0.05151992585960669,4.096,4.096,4.096,4.096,100.0,14,15
1,b8_p64_o256,prefill,triton_red_fused__to_copy_amax_ge_mul_neg_scalar_tensor_unsqueeze_where_0,1,3.296,0.04145744034015226,3.296,3.296,3.296,3.296,100.0,16,16
1,b8_p64_o256,prefill,"void at::native::<unnamed>::distribution_elementwise_grid_stride_kernel<unsigned long, (int)2, void at::native::templates::cuda::random_from_to_kernel<at::CUDAGeneratorImpl *>(at::TensorIteratorBase &, unsigned long, long, T1)::[lambda() (instance 1)]::operator ()() const::[lambda() (instance 4)]::operator ()() const::[lambda(curandStatePhilox4_32_10 *) (instance 1)], void at::native::<unnamed>::distribution_nullary_kernel<long, unsigned long, ulonglong2, at::CUDAGeneratorImpl *, void at::native::templates::cuda::random_from_to_kernel<at::CUDAGeneratorImpl *>(at::TensorIteratorBase &, unsigned long, long, T1)::[lambda() (instance 1)]::operator ()() const::[lambda() (instance 4)]::operator ()() const::[lambda(curandStatePhilox4_32_10 *) (instance 1)], void at::native::templates::cuda::random_from_to_kernel<at::CUDAGeneratorImpl *>(at::TensorIteratorBase &, unsigned long, long, T1)::[lambda() (instance 1)]::operator ()() const::[lambda() (instance 4)]::operator ()() const::[lambda(unsigned long) (instance 1)]>(at::TensorIteratorBase &, T4, const T5 &, T6)::[lambda(int, unsigned long) (instance 1)]>(long, at::PhiloxCudaState, T3, T4)",1,1.152,0.01448997914801438,1.152,1.152,1.152,1.152,100.0,17,17
1,b8_p64_o256,prefill,"void at::native::unrolled_elementwise_kernel<at::native::direct_copy_kernel_cuda(at::TensorIteratorBase &)::[lambda() (instance 3)]::operator ()() const::[lambda() (instance 4)]::operator ()() const::[lambda(long) (instance 1)], std::array<char *, (unsigned long)2>, (int)4, TrivialOffsetCalculator<(int)1, unsigned int>, TrivialOffsetCalculator<(int)1, unsigned int>, at::native::memory::LoadWithCast<(int)1>, at::native::memory::StoreWithCast<(int)1>>(int, T1, T2, T4, T5, T6, T7)",1,0.928,0.011672483202567143,0.928,0.928,0.928,0.928,100.00000000000001,18,18
1,b8_p64_o256,prefill,triton_per_fused__to_copy_amax_ge_mul_neg_scalar_tensor_unsqueeze_where_1,1,0.704,0.0088549872571199,0.704,0.704,0.704,0.704,100.0,19,19
1,b8_p64_o256,prefill,"void at::native::unrolled_elementwise_kernel<at::native::CUDAFunctorOnSelf_add<int>, std::array<char *, (unsigned long)2>, (int)4, TrivialOffsetCalculator<(int)1, unsigned int>, TrivialOffsetCalculator<(int)1, unsigned int>, at::native::memory::LoadWithoutCast, at::native::memory::StoreWithoutCast>(int, T1, T2, T4, T5, T6, T7)",1,0.672,0.008452487836341723,0.672,0.672,0.672,0.672,100.0,20,20
1,b8_p64_o256,prefill,triton_per_fused__softmax__to_copy_div_ge_mul_neg_scalar_tensor_sub_unsqueeze_where_3,1,0.672,0.008452487836341723,0.672,0.672,0.672,0.672,100.0,21,21
